GEOID,pop,scenario,today
170310101001,566,74,76
170310101002,2456,67,71
170310101003,1883,70,74
170310102011,1831,74,74
170310102012,1129,69,73
170310102013,2084,69,78
170310102014,1895,66,75
170310102021,1287,66,69
170310102022,1455,71,74
170310103001,1187,77,78
170310103002,2148,70,74
170310103003,1550,80,80
170310103004,1420,74,75
170310104001,1396,80,81
170310104002,784,76,79
170310104003,2899,76,76
170310105011,916,73,77
170310105012,1821,76,79
170310105013,1469,75,77
170310105021,1570,78,78
170310105022,1708,78,80
170310105031,1835,77,77
170310105032,730,75,75
170310106001,1976,73,79
170310106002,874,71,79
170310106003,1902,80,80
170310106004,1473,67,76
170310107011,1519,65,77
170310107012,2154,65,76
170310107021,1712,64,75
170310107022,934,64,75
170310107023,1335,65,78
170310107024,795,66,76
170310201001,2511,72,72
170310201002,1691,76,80
170310202001,1912,65,65
170310202002,1366,74,74
170310202003,1780,70,70
170310202004,2070,74,74
170310203011,1762,65,65
170310203012,1504,73,73
170310203013,1995,65,65
170310203021,1410,65,65
170310203022,1192,67,67
170310203023,2408,68,68
170310204001,807,72,72
170310204002,1505,70,74
170310204003,2123,74,75
170310205001,2664,74,77
170310205002,1260,72,72
170310205003,1703,77,79
170310205004,972,74,74
170310206011,1862,67,67
170310206012,3204,65,65
170310206013,1633,63,63
170310206021,1200,71,71
170310206022,1211,70,70
170310206023,1261,69,69
170310206024,990,71,71
170310207011,971,63,63
170310207012,908,60,60
170310207021,2087,63,63
170310207022,2818,64,64
170310207023,1827,63,63
170310207024,985,62,62
170310208011,1586,64,64
170310208012,1201,62,62
170310208013,1268,62,62
170310208014,1593,64,64
170310208021,1161,64,64
170310208022,2071,63,63
170310208023,2682,64,64
170310208024,1632,68,68
170310209011,2355,71,71
170310209012,935,66,74
170310209013,2558,67,67
170310209021,2391,63,72
170310209022,2097,63,67
170310301011,869,74,74
170310301012,544,76,76
170310301013,1005,75,75
170310301014,1269,76,76
170310301021,995,77,77
170310301022,1090,76,76
170310301023,1036,77,77
170310301031,935,75,75
170310301032,1169,77,77
170310301041,2906,79,79
170310301042,615,78,78
170310302001,1861,78,78
170310302002,1420,74,76
170310302003,1060,66,76
170310302004,1286,74,78
170310303001,1620,66,76
170310303002,1528,63,71
170310304001,1443,63,71
170310304002,1154,69,73
170310305001,1236,74,75
170310305002,1736,65,71
170310305003,1645,72,73
170310305004,1566,71,73
170310306011,1171,75,75
170310306012,797,74,74
170310306013,1325,75,75
170310306031,957,71,71
170310306032,1088,74,74
170310306041,1242,73,73
170310306042,1618,76,76
170310306043,877,75,75
170310307011,1671,72,72
170310307021,988,69,69
170310307022,1330,71,71
170310307031,803,66,66
170310307032,451,67,67
170310307033,1821,69,69
170310307061,1635,67,67
170310307062,1298,71,71
170310308001,946,70,70
170310308002,1179,67,67
170310308003,1029,64,64
170310308004,1130,61,61
170310309001,532,67,67
170310309002,855,64,64
170310309003,902,62,62
170310309004,663,59,59
170310310001,963,60,60
170310310002,1210,63,63
170310310003,1695,62,63
170310311001,2178,66,66
170310311002,917,68,68
170310311003,1596,63,63
170310312001,1305,67,67
170310312002,1494,68,68
170310312003,1203,67,67
170310312004,1539,68,68
170310313001,1090,71,71
170310313002,1318,71,71
170310313003,449,67,67
170310313004,2266,69,69
170310313005,1596,68,68
170310314001,1299,73,73
170310314002,649,69,69
170310314003,1106,69,69
170310314004,1115,67,67
170310314005,1052,71,71
170310315011,948,69,69
170310315012,1988,69,69
170310315013,1219,73,73
170310315021,1820,69,69
170310315022,970,72,72
170310315023,1922,72,72
170310317001,1834,64,64
170310317002,1566,64,64
170310317003,1641,64,64
170310317004,1253,64,64
170310318001,1910,62,63
170310319001,1305,62,63
170310319002,1217,61,61
170310321001,1863,69,69
170310321002,1250,67,67
170310321003,1846,63,63
170310321004,1479,69,69
170310321005,1105,64,64
170310401001,1350,60,60
170310401002,1484,56,56
170310401003,1071,57,57
170310402011,1384,57,57
170310402012,1812,53,53
170310402013,1498,55,55
170310402014,1714,57,57
170310402021,883,58,58
170310402022,2786,54,54
170310402023,1382,56,56
170310402024,2267,60,60
170310403001,1018,55,55
170310403002,1141,50,50
170310403003,769,55,55
170310404011,810,57,57
170310404012,725,58,58
170310404013,603,56,56
170310404014,991,59,59
170310404021,724,58,58
170310404022,612,58,58
170310404023,1284,60,60
170310404024,619,59,59
170310404025,1507,60,61
170310406001,613,60,60
170310406002,1019,60,60
170310406003,898,58,58
170310407001,836,57,57
170310407002,846,56,56
170310407003,964,56,56
170310407004,780,54,54
170310408001,837,54,54
170310408002,799,54,54
170310409001,1334,58,58
170310409002,729,56,56
170310501001,842,60,60
170310501002,1726,57,57
170310502001,1131,56,56
170310502002,2275,59,59
170310502003,1903,53,53
170310503001,1014,56,56
170310503002,831,52,52
170310503003,826,53,53
170310505001,1041,53,53
170310505002,1502,54,54
170310505003,816,55,55
170310505004,983,54,54
170310505005,775,53,53
170310506001,1285,56,56
170310506002,1158,55,56
170310507001,1513,55,55
170310508001,1406,54,54
170310509001,1426,52,52
170310510001,1538,50,50
170310511001,1599,51,51
170310512001,718,55,55
170310512002,863,52,52
170310513001,1329,53,53
170310513002,1578,51,51
170310514001,1266,51,51
170310514002,1226,51,52
170310601001,803,63,63
170310601002,1303,60,60
170310601003,724,62,62
170310602001,1180,62,62
170310602002,1133,58,58
170310603001,1640,58,58
170310603002,1436,56,57
170310604001,1652,61,61
170310604002,969,59,59
170310604003,1088,60,60
170310605001,1374,62,62
170310608001,1651,67,67
170310608003,1602,67,67
170310608004,2042,67,67
170310609001,1188,64,64
170310609002,30,65,65
170310609003,1299,68,68
170310609004,796,65,65
170310609005,1711,65,65
170310609006,2080,65,65
170310610001,2279,63,63
170310611001,1367,63,63
170310612001,1932,60,60
170310615001,1797,60,60
170310618001,1051,63,63
170310619011,788,67,67
170310619012,886,67,67
170310619013,866,64,64
170310619014,1085,63,63
170310619021,1233,64,64
170310619022,1836,65,65
170310619023,1596,67,67
170310620001,1931,64,64
170310620002,912,66,66
170310621001,873,64,64
170310621002,1164,65,65
170310621003,1780,60,60
170310622001,1696,61,61
170310622002,1548,60,60
170310623001,1667,57,57
170310624001,1673,56,56
170310625001,1675,54,54
170310626001,2477,55,55
170310627001,909,57,57
170310627002,876,54,54
170310627003,1170,57,57
170310628001,1178,59,59
170310628002,1218,55,55
170310628003,1455,59,59
170310629001,1313,60,60
170310629002,1261,57,57
170310629003,1551,60,60
170310630001,1340,62,62
170310630002,1349,59,59
170310630003,728,62,62
170310631001,1320,64,64
170310631002,1056,61,61
170310632001,1161,64,64
170310632002,639,64,64
170310632003,1125,64,64
170310632004,1515,63,63
170310632005,853,64,64
170310632006,1607,65,65
170310633011,1048,62,62
170310633012,865,65,65
170310633013,920,62,62
170310633021,1656,64,64
170310633022,927,64,64
170310633023,822,64,64
170310633024,1172,65,65
170310633031,454,65,65
170310633032,820,65,65
170310634001,1340,62,62
170310634002,1077,64,64
170310701011,1218,66,66
170310701012,1256,68,68
170310701013,1697,65,65
170310701021,1565,66,66
170310701022,673,62,62
170310701023,825,64,64
170310701031,886,66,66
170310701032,959,67,67
170310702001,1957,62,62
170310702002,1202,63,63
170310702003,1041,66,66
170310703001,2376,61,61
170310703002,1973,62,62
170310704001,1253,59,59
170310704002,944,58,58
170310704003,1053,60,60
170310705001,1089,58,58
170310705002,1080,57,57
170310705003,1153,57,57
170310706001,1919,55,55
170310706002,1530,56,56
170310707001,2523,54,54
170310707002,1176,54,54
170310710001,2370,59,59
170310710002,1987,61,62
170310711001,1693,63,64
170310711002,1398,63,63
170310712001,1815,62,62
170310712002,1158,65,66
170310713001,1847,67,68
170310713002,2046,65,66
170310714001,871,67,67
170310714002,1859,66,67
170310714003,1570,69,69
170310714004,662,69,69
170310715001,1257,65,65
170310715002,1307,66,67
170310715003,1338,67,68
170310715004,1083,65,65
170310715005,674,64,64
170310715006,623,67,68
170310716001,1793,65,66
170310717001,783,65,66
170310717002,877,61,61
170310718001,2082,62,62
170310718002,570,61,61
170310801001,510,64,64
170310801002,1164,66,66
170310801003,1034,69,69
170310801004,811,68,68
170310801005,1347,69,69
170310801006,902,66,66
170310801007,620,67,67
170310802011,1354,64,64
170310802012,1443,64,64
170310802013,578,67,67
170310802021,1101,61,61
170310802022,1348,63,63
170310802023,1776,64,64
170310803001,902,63,63
170310803002,2170,59,59
170310803003,1182,64,64
170310803004,1245,64,64
170310804001,2620,63,63
170310804002,760,60,60
170310804003,1189,62,62
170310810001,428,62,62
170310810002,1868,60,60
170310810003,1140,61,61
170310810004,1291,60,60
170310810005,2703,61,61
170310810006,1316,62,62
170310811001,1576,64,64
170310811002,1188,61,61
170310811003,1423,63,63
170310812011,1177,65,65
170310812012,2630,62,62
170310812013,1273,66,66
170310812021,627,68,68
170310812022,923,66,66
170310812023,987,65,65
170310812024,820,66,66
170310813001,1028,66,66
170310813002,408,69,69
170310813003,1117,65,65
170310813004,1745,68,68
170310813005,564,67,67
170310813006,678,64,64
170310814011,1086,64,64
170310814012,1422,67,67
170310814021,3562,66,66
170310814022,1800,66,66
170310814023,1690,66,66
170310814031,5316,63,63
170310814032,1745,64,64
170310814033,2782,64,64
170310815001,1634,62,62
170310815002,1945,63,63
170310815003,2338,58,58
170310816001,3096,57,57
170310816002,1072,61,61
170310817001,1805,59,59
170310817002,3732,56,56
170310818001,4007,58,58
170310818002,3301,55,55
170310818003,1580,57,57
170310818004,2485,56,56
170310819001,1325,60,60
170310901001,990,44,44
170310901002,996,43,43
170310901003,728,41,41
170310901004,871,45,45
170310902001,938,43,43
170310902002,1331,42,42
170310902003,1573,41,41
170310902004,1883,43,43
170310902005,901,44,45
170310903001,1314,37,37
170311001001,1284,39,39
170311001002,1679,42,42
170311001003,1125,42,42
170311001004,1450,38,38
170311002001,1154,43,43
170311002002,914,41,41
170311002003,1207,42,42
170311002004,809,41,44
170311002005,1195,38,38
170311002006,873,42,42
170311002007,872,43,44
170311003001,1169,31,31
170311003002,1306,27,27
170311003003,829,32,32
170311003004,973,32,32
170311003005,986,36,36
170311003006,989,35,35
170311004001,923,38,38
170311004002,864,45,45
170311004003,1420,31,31
170311005001,1050,21,21
170311005002,826,28,28
170311005003,944,30,30
170311005004,1292,34,34
170311005005,2004,41,41
170311006001,1052,31,31
170311006002,1080,31,31
170311006003,1192,27,27
170311006004,1573,27,27
170311007001,830,37,37
170311007002,879,39,39
170311007003,1041,38,38
170311007004,934,34,34
170311007005,1283,31,31
170311101001,1654,36,36
170311101002,1154,36,36
170311101003,672,37,37
170311101004,993,38,38
170311101005,1095,38,38
170311102001,1553,34,34
170311102002,1219,36,37
170311103001,714,38,38
170311103002,1079,34,34
170311103003,756,32,32
170311103004,1417,34,34
170311103005,1382,37,37
170311104001,1719,35,35
170311104002,1429,34,34
170311104003,1374,32,32
170311105011,827,33,33
170311105012,1751,33,33
170311105013,649,38,38
170311105014,1559,33,33
170311105021,1445,25,25
170311105022,1775,29,29
170311201001,1615,44,44
170311201002,969,42,42
170311201003,798,44,44
170311201004,1020,46,46
170311202001,1768,41,41
170311202002,958,40,40
170311202003,862,45,45
170311202004,1160,45,45
170311203001,1144,57,57
170311203002,1379,50,50
170311203003,1514,50,50
170311203004,939,46,46
170311203005,953,58,58
170311203006,991,50,50
170311204001,925,41,41
170311204002,1122,34,34
170311204003,1479,35,35
170311301001,1261,58,58
170311301002,1842,57,57
170311301003,2102,59,59
170311302001,1403,51,51
170311303001,692,57,57
170311303002,889,57,57
170311303003,1768,55,55
170311303004,1734,54,54
170311401001,1472,52,52
170311401002,1992,52,52
170311402001,2189,50,50
170311402002,1507,48,48
170311402003,2138,48,48
170311403011,1196,44,44
170311403012,1497,42,42
170311403021,878,44,44
170311403022,1536,46,46
170311403023,1646,44,44
170311404001,1375,43,43
170311404002,1042,42,42
170311404003,1094,42,42
170311404004,1219,41,41
170311404005,1773,39,39
170311405001,1107,41,41
170311405002,1030,40,40
170311405003,1314,41,41
170311406011,2545,41,41
170311406021,925,45,45
170311406022,1836,46,46
170311406023,1403,45,45
170311406024,877,42,42
170311407011,1390,50,50
170311407012,1394,46,46
170311407021,1530,48,48
170311407022,1415,46,46
170311407023,1392,47,47
170311407024,1198,45,45
170311408001,1023,52,52
170311408002,833,53,53
170311408003,1119,52,52
170311408004,1462,51,51
170311408005,2049,53,53
170311502001,1180,37,37
170311502002,1533,36,36
170311502003,1333,40,40
170311502004,2042,35,35
170311502005,1346,34,34
170311503001,1019,32,32
170311503002,1236,37,37
170311503003,842,41,41
170311503004,1021,44,44
170311503005,751,41,41
170311503006,998,38,38
170311503007,1253,32,32
170311504011,1174,32,32
170311504012,1277,38,38
170311504013,1183,34,34
170311504014,1047,38,38
170311504021,837,43,43
170311504022,1243,41,41
170311504023,1751,42,42
170311505011,1566,39,39
170311505012,888,44,44
170311505013,1369,40,40
170311505021,1568,46,46
170311505022,1347,39,39
170311505023,1324,47,47
170311506001,1085,44,44
170311506002,938,46,46
170311506003,1022,44,44
170311506004,837,42,42
170311507001,1088,45,45
170311507002,1147,50,50
170311507003,935,46,46
170311507004,1259,44,44
170311508001,820,42,42
170311508002,923,45,45
170311508003,1186,48,48
170311508004,1073,48,48
170311508005,901,43,43
170311510011,1922,56,56
170311510012,911,54,54
170311510021,1300,52,52
170311510022,1244,49,49
170311510023,1393,50,50
170311510024,651,48,48
170311511001,1538,51,51
170311511002,1357,53,53
170311511003,1189,49,49
170311511004,1056,48,48
170311512001,1232,49,49
170311512002,1231,50,50
170311512003,1417,46,46
170311601001,1648,32,32
170311601002,796,30,30
170311602001,626,37,37
170311602002,668,34,34
170311602003,616,36,36
170311602004,1368,38,38
170311603001,1944,33,33
170311603002,827,30,30
170311603003,998,36,36
170311604001,2356,42,42
170311604002,1563,35,35
170311604003,935,40,40
170311605011,1838,47,47
170311605012,1865,45,45
170311605021,651,44,44
170311605022,1500,44,44
170311605023,1149,42,42
170311606011,1430,50,50
170311606012,740,51,51
170311606013,1210,52,52
170311606021,1062,46,46
170311606022,1069,47,47
170311606023,1350,48,48
170311607001,849,50,50
170311607002,932,47,47
170311607003,1674,48,48
170311607004,1240,45,45
170311607005,1071,47,47
170311608001,1185,43,43
170311608002,917,38,38
170311608003,841,33,33
170311608004,730,36,36
170311608005,1324,40,40
170311609001,1355,33,33
170311609002,1055,34,34
170311610001,852,32,32
170311610002,1047,37,37
170311611001,920,38,38
170311611002,1020,41,41
170311612001,1187,46,46
170311612002,1633,49,49
170311613001,637,40,40
170311613002,1056,42,42
170311613003,906,44,44
170311613004,1300,42,42
170311701001,2034,53,53
170311702001,1114,43,43
170311702002,1556,48,48
170311702003,1142,48,48
170311703001,797,58,58
170311703002,968,46,46
170311703003,902,43,43
170311703004,1050,42,42
170311703005,1499,40,40
170311704001,903,39,39
170311704002,1041,40,40
170311704003,1154,44,44
170311704004,1043,43,43
170311705001,1712,52,52
170311705002,738,39,39
170311705003,1433,41,41
170311705004,1433,41,41
170311706001,954,48,48
170311706002,1597,44,44
170311707001,1021,49,49
170311707002,925,50,50
170311707003,1122,51,51
170311708001,1238,42,42
170311708002,1227,43,43
170311708003,1334,49,49
170311709001,1662,46,46
170311710001,1345,52,52
170311710002,1416,54,54
170311710003,909,52,52
170311710004,1158,51,51
170311710005,1218,47,47
170311710006,1267,42,42
170311711001,1336,48,48
170311711002,1683,48,48
170311711003,1216,52,52
170311801001,1074,54,54
170311801002,1464,55,55
170311801003,1412,50,50
170311801004,1234,49,49
170311801005,1472,44,44
170311901001,2325,52,52
170311902001,1232,52,52
170311902002,1515,54,54
170311902003,1590,56,56
170311902004,1315,57,57
170311903001,1261,53,53
170311903002,1547,54,54
170311903003,1700,54,54
170311903004,1230,54,54
170311904011,1702,51,51
170311904012,2623,51,51
170311904021,2270,51,51
170311904022,3024,52,52
170311906011,1116,55,55
170311906012,1124,55,55
170311906013,2142,50,50
170311906021,1352,51,51
170311906022,2112,54,54
170311906023,1914,53,53
170311907011,1735,53,53
170311907012,1237,56,56
170311907021,1426,54,54
170311907022,1508,59,59
170311907023,2018,56,57
170311908001,977,57,57
170311908002,1074,59,59
170311908003,1715,60,61
170311908004,1760,61,61
170311908005,1305,60,60
170311909001,1927,58,58
170311910001,935,54,60
170311910002,1487,49,62
170311911001,796,52,61
170311911002,1001,45,61
170311911003,1094,49,65
170311911004,1468,53,63
170311911005,2182,52,63
170311911006,992,48,65
170311912001,2677,55,62
170311912002,1133,51,62
170311913011,2167,52,56
170311913012,1488,51,57
170311913013,1559,45,59
170311913021,2507,52,55
170311913022,2433,49,57
170312001001,837,53,53
170312001002,1433,52,52
170312001003,1848,52,52
170312002001,1066,58,58
170312002002,1645,60,60
170312002003,1147,62,62
170312002004,1304,59,59
170312003001,860,56,56
170312003002,1155,60,60
170312004011,1200,54,64
170312004012,2543,57,62
170312004021,1598,55,57
170312004022,1433,57,57
170312004023,1161,57,57
170312101001,1461,46,46
170312101002,1508,41,41
170312101003,1097,45,46
170312104001,1800,44,44
170312104002,1112,49,49
170312105011,1162,38,38
170312105012,2393,43,43
170312105021,1823,45,45
170312105022,1209,42,42
170312105023,1067,46,46
170312106011,660,34,34
170312106012,712,34,34
170312106013,1345,34,34
170312106021,1292,39,39
170312106022,956,36,36
170312106023,1900,35,35
170312107001,948,44,44
170312107002,1381,41,41
170312107003,1578,40,40
170312108001,986,46,46
170312109001,2130,48,48
170312109002,1040,45,45
170312203001,1241,46,46
170312203002,966,43,43
170312204001,1097,43,43
170312204002,1482,41,41
170312205001,1147,38,38
170312205002,835,40,40
170312205003,769,35,35
170312206011,749,40,40
170312206012,886,45,45
170312206021,1164,33,33
170312206022,1776,39,39
170312206023,889,41,41
170312206024,1048,39,39
170312207011,819,51,51
170312207012,729,48,48
170312207013,1372,51,51
170312207021,1291,47,47
170312207022,738,50,50
170312207023,819,50,50
170312207024,805,44,44
170312209011,882,56,56
170312209012,1022,54,54
170312209013,999,57,57
170312209021,1404,53,53
170312209022,1555,51,51
170312210001,1196,47,47
170312210002,1236,49,49
170312211001,1587,44,44
170312211002,1778,48,48
170312211003,1075,45,45
170312212001,1352,48,48
170312212002,1602,44,44
170312213001,1458,39,39
170312213002,1075,40,40
170312213003,529,42,42
170312214001,1200,38,38
170312214002,1021,36,36
170312214003,1164,41,41
170312215001,1221,44,44
170312215002,1688,44,44
170312216001,1639,48,48
170312216002,1520,45,45
170312222001,1020,44,44
170312222002,1136,39,39
170312225001,1415,46,46
170312226001,1599,52,52
170312227001,931,50,50
170312227002,1151,47,47
170312228001,960,50,50
170312229001,1089,56,56
170312301001,1504,57,57
170312302001,1834,50,50
170312303001,956,52,52
170312304001,1069,51,57
170312304002,1166,53,59
170312305001,2265,56,59
170312305002,1154,57,63
170312306001,701,56,62
170312306002,1337,59,62
170312306003,1011,56,63
170312306004,924,58,65
170312306005,1572,57,66
170312306006,1272,58,66
170312307001,1403,46,59
170312307002,1165,50,62
170312307003,1644,55,62
170312307004,2006,49,60
170312308001,1234,51,56
170312309001,1699,52,52
170312309002,2069,55,55
170312309003,1276,52,52
170312311001,1214,55,60
170312312001,1242,59,63
170312312002,1126,60,64
170312312003,1170,61,65
170312312004,1164,58,64
170312312005,1281,63,63
170312315001,766,56,59
170312315002,865,59,64
170312315003,1136,66,68
170312315004,1383,60,66
170312315005,1505,64,64
170312402001,1556,49,50
170312403001,1362,45,45
170312405001,2610,46,46
170312406001,1489,45,45
170312407001,1499,49,49
170312408001,778,49,49
170312408002,909,51,51
170312409001,1122,57,57
170312410001,1235,52,52
170312410002,1128,51,51
170312411001,1711,50,50
170312411002,1863,53,53
170312412001,863,48,48
170312412002,851,48,48
170312413001,1848,47,47
170312414001,1355,40,40
170312414002,982,46,46
170312414003,1392,47,47
170312414004,1544,46,46
170312415001,1314,49,49
170312415002,674,48,48
170312415003,966,45,45
170312416001,1480,49,49
170312416002,2054,44,44
170312420001,1653,48,48
170312420002,1889,52,52
170312420003,1150,42,42
170312421001,1139,45,45
170312421002,1176,48,48
170312421003,1661,52,52
170312422001,1938,52,52
170312422002,2144,55,55
170312423001,1644,52,52
170312423002,1924,56,56
170312424001,1213,53,53
170312424002,1689,55,55
170312425001,1802,54,54
170312425002,1624,56,56
170312426001,1498,55,55
170312426002,1567,57,57
170312426003,1609,59,59
170312426004,991,58,58
170312427001,1938,56,59
170312428001,1507,56,58
170312429001,1405,56,56
170312429002,557,54,56
170312430001,999,57,57
170312430002,1235,59,59
170312431001,1416,56,56
170312431002,833,57,57
170312432001,1148,54,54
170312432002,1139,55,55
170312433001,869,52,52
170312433002,1562,54,54
170312434001,1307,50,50
170312434002,619,51,51
170312434003,954,54,54
170312435001,1354,51,51
170312435002,3392,49,49
170312502001,1390,50,69
170312502002,1389,49,67
170312503001,1350,52,63
170312503002,953,53,63
170312503003,1834,49,59
170312503004,605,48,59
170312504001,682,55,57
170312504002,1266,49,59
170312504003,1451,55,57
170312504004,900,53,57
170312504005,1490,48,62
170312505001,1266,46,68
170312505002,1406,49,67
170312505003,887,51,61
170312505004,965,46,59
170312505005,825,42,57
170312505006,827,41,51
170312505007,1139,44,51
170312506001,961,50,60
170312506002,1101,51,61
170312506003,1096,57,60
170312506004,1045,55,59
170312507001,1194,56,65
170312507002,1125,58,67
170312507003,998,54,64
170312507004,1100,49,59
170312507005,1515,53,63
170312508001,1260,55,69
170312508002,1172,57,68
170312510001,1075,52,69
170312511001,1037,57,69
170312511002,1113,56,72
170312511003,918,61,71
170312511004,1400,60,69
170312512001,722,52,62
170312512002,728,61,69
170312512003,906,57,66
170312512004,1554,56,65
170312513001,1126,52,62
170312513002,827,54,64
170312513003,807,58,63
170312513004,991,56,62
170312513005,1347,61,61
170312514001,684,57,66
170312514002,707,56,65
170312514003,1369,62,65
170312514004,1226,61,67
170312515001,913,62,71
170312515002,857,64,73
170312515003,900,57,66
170312515004,1672,57,66
170312516001,1289,58,72
170312516002,1036,61,76
170312516003,1197,63,74
170312517001,1347,53,70
170312518001,1108,67,78
170312518002,1037,66,75
170312518003,956,60,74
170312518004,749,60,74
170312518005,1251,63,77
170312519001,762,65,74
170312519002,1395,68,76
170312519003,1220,58,67
170312519004,2010,60,69
170312520001,737,59,68
170312520002,1956,61,69
170312520003,1714,66,68
170312520004,1239,65,66
170312521011,1502,66,72
170312521021,1701,66,75
170312521022,1536,67,75
170312521023,1743,70,79
170312521024,1207,65,75
170312522011,837,68,80
170312522012,749,68,79
170312522013,1354,69,81
170312522021,845,63,77
170312522022,986,64,78
170312522023,1050,65,78
170312522024,751,64,78
170312522025,1151,65,79
170312601001,1477,68,73
170312602001,1054,68,74
170312603001,1528,73,79
170312604001,1398,67,80
170312605001,1833,69,79
170312606001,888,73,77
170312606002,1226,70,78
170312607001,490,69,75
170312607002,1201,71,75
170312608001,1059,69,75
170312608002,1212,71,75
170312609001,1201,74,79
170312609002,577,72,76
170312610001,1118,72,81
170312610002,1171,75,76
170312705001,1619,74,76
170312712001,1172,68,72
170312713001,1060,67,67
170312714001,1535,68,68
170312715001,1373,68,70
170312718001,976,72,73
170312801001,1982,53,55
170312801002,3852,54,54
170312801003,1587,52,52
170312804001,1231,61,61
170312808001,1198,64,64
170312809001,1077,62,62
170312819001,2765,59,59
170312819002,1688,56,57
170312819003,2578,57,58
170312827001,1112,68,68
170312827002,1446,64,64
170312828001,1634,65,65
170312831001,1176,67,67
170312831002,1541,66,66
170312832001,1670,68,69
170312838001,614,71,71
170312838002,2729,71,73
170312909001,956,77,83
170312909002,924,78,83
170312909003,966,82,86
170312909004,1129,80,86
170312912001,1202,71,75
170312912002,1084,71,75
170312916001,874,75,75
170312922001,898,78,78
170312922002,1260,77,77
170312922003,784,79,79
170312924001,920,80,80
170312924002,1121,76,76
170312925001,1244,79,79
170312925002,1169,77,77
170312925003,1644,76,76
170313005001,857,82,82
170313005002,2386,83,85
170313006001,1450,79,79
170313006002,1803,78,80
170313007001,2120,79,79
170313007002,1317,81,83
170313007003,1361,80,82
170313008001,1913,78,78
170313008002,2223,80,83
170313009001,1652,80,80
170313009002,1924,78,80
170313009003,977,80,81
170313011001,1232,77,77
170313011002,1091,78,78
170313012001,1180,76,76
170313012002,860,77,77
170313012003,2047,77,77
170313016001,2512,84,85
170313016002,2483,85,87
170313017011,1339,80,82
170313017012,1384,80,82
170313017013,1556,84,86
170313017021,1290,83,85
170313017022,1472,85,87
170313017023,1359,80,82
170313018011,1263,88,
170313018012,2684,86,
170313018021,756,85,88
170313018022,1292,86,87
170313018023,1328,85,89
170313018031,1741,87,
170313018032,2320,86,87
170313018033,1046,,
170313102001,748,69,72
170313102002,840,64,68
170313103001,1767,69,72
170313104001,1375,71,74
170313105001,1399,74,77
170313106001,2049,74,75
170313106002,1556,74,75
170313106003,1893,77,77
170313107001,1700,69,69
170313108001,971,65,65
170313108002,916,66,66
170313108003,2288,69,69
170313109001,1534,69,69
170313109002,1504,69,69
170313109003,1743,69,69
170313201011,3332,61,61
170313201012,75,61,61
170313201013,2856,65,65
170313201014,3269,62,62
170313201021,3911,54,54
170313201022,935,52,52
170313204001,2856,54,54
170313206001,2716,60,60
170313206002,3679,60,60
170313301011,1898,64,73
170313301012,2694,64,65
170313301021,1482,60,60
170313301022,4439,62,62
170313301023,3512,65,66
170313301024,1378,69,70
170313301031,2518,67,68
170313301032,2693,66,68
170313301033,3037,68,68
170313302001,1140,65,65
170313302002,2868,65,65
170313403001,1865,79,79
170313404001,1844,76,76
170313405001,1629,74,74
170313406001,1151,73,73
170313501001,885,74,80
170313501002,1343,68,78
170313504001,1512,76,76
170313510001,517,82,82
170313510002,936,80,81
170313510003,2187,80,82
170313511001,10,83,84
170313511002,2028,81,81
170313514001,1392,76,76
170313515001,134,74,74
170313515002,689,69,69
170313602001,1651,77,83
170313801001,2207,80,84
170313802001,2408,78,79
170313806001,804,73,73
170313806002,1060,75,75
170313806003,1438,76,76
170313806004,645,75,75
170313812001,677,81,81
170313812002,1400,79,79
170313814001,1796,77,77
170313815001,667,77,77
170313817001,18,77,77
170313818001,921,80,80
170313818002,541,78,78
170313819001,519,83,84
170313819002,587,80,80
170313901001,1553,74,83
170313902001,964,79,87
170313902002,919,83,87
170313903001,854,81,85
170313903002,1763,84,86
170313904001,1412,85,88
170313904002,1459,86,88
170313905001,1666,80,86
170313906001,862,73,81
170313906002,1132,81,86
170313907001,1872,75,85
170313907002,1480,75,80
170313907003,3180,78,81
170314003001,1504,80,80
170314004001,1212,82,82
170314004002,783,86,86
170314005001,1217,80,80
170314005002,1155,82,85
170314008001,1397,85,85
170314008002,1781,82,83
170314101001,933,74,81
170314101002,1339,72,81
170314102001,1165,80,85
170314105001,1383,86,87
170314105002,1539,85,86
170314106001,1253,83,88
170314106002,1118,85,87
170314107001,2399,80,87
170314108001,1261,72,83
170314108002,1732,77,85
170314109001,934,73,81
170314109002,693,75,85
170314109003,2043,77,84
170314110001,1330,80,88
170314110002,590,77,86
170314110003,1982,75,84
170314111001,1072,73,84
170314111002,1307,76,87
170314112001,1148,77,85
170314112002,565,80,89
170314201001,1642,85,
170314202001,1781,81,
170314203001,2818,87,
170314204001,1544,87,88
170314205001,950,87,88
170314205002,1103,85,86
170314206001,1419,87,87
170314206002,1105,83,83
170314207001,472,85,86
170314207002,441,,
170314207003,931,89,89
170314207004,556,85,85
170314207005,621,86,86
170314208001,1275,86,87
170314208002,1182,,
170314212001,620,,
170314212002,785,89,89
170314301011,757,88,89
170314301012,1130,87,88
170314301013,863,87,87
170314301014,1341,84,84
170314301021,1161,87,88
170314301022,763,89,
170314301023,1180,,
170314302001,629,85,85
170314302002,638,86,88
170314302003,911,88,
170314302004,1347,,
170314302005,1561,87,89
170314303001,1227,83,
170314303002,705,86,
170314303003,626,84,
170314304001,736,87,
170314304002,914,,
170314304003,717,,
170314304004,664,,
170314305001,1528,87,89
170314305002,1420,,
170314305003,1150,88,
170314306001,548,,
170314306002,1122,,
170314307001,1123,89,
170314307002,1052,86,
170314308001,863,,
170314308002,999,,
170314309001,1086,,
170314309002,711,,
170314312001,1539,,
170314312002,1359,,
170314313011,509,,
170314313012,1560,,
170314313013,1521,,
170314313021,1330,,
170314313022,1203,,
170314313023,1818,,
170314314001,1543,,
170314314002,1767,,
170314314003,1944,,
170314314004,1462,,
170314401011,1359,,
170314401012,888,,
170314401013,414,,
170314401014,1510,,
170314401021,1207,,
170314401022,626,,
170314401023,864,,
170314401024,936,,
170314402011,1310,,
170314402012,1470,,
170314402013,720,,
170314402014,1554,,
170314402021,1178,,
170314402022,1687,,
170314402023,660,,
170314403001,691,87,87
170314403002,1335,,
170314403003,638,,
170314403004,998,87,87
170314403005,1015,82,82
170314406001,849,,
170314406002,1147,86,86
170314407001,725,,
170314407002,772,,
170314408001,794,,
170314408002,826,,
170314409001,919,,
170314409002,702,,
170314409003,841,,
170314503001,1163,,
170314503002,648,,
170314503003,849,,
170314503004,592,,
170314601001,860,,
170314601002,611,,
170314601003,613,,
170314601004,756,,
170314602001,786,,
170314602002,1162,,
170314603011,1137,,
170314603012,912,,
170314603013,938,,
170314603021,671,,
170314603022,711,,
170314603023,719,,
170314603024,1181,,
170314604001,1163,,
170314604002,611,,
170314604003,725,,
170314604004,912,,
170314605001,730,,
170314605002,652,,
170314605003,962,,
170314605004,636,,
170314605005,696,,
170314605006,702,,
170314605007,1022,,
170314608001,632,,
170314608002,766,,
170314608003,1173,,
170314608004,1068,,
170314610001,1460,,
170314701001,1229,,
170314701002,1298,,
170314801001,956,,
170314801002,1045,,
170314802001,558,,
170314802002,545,,
170314803001,1348,,
170314804001,839,,
170314804002,782,,
170314804003,1060,,
170314804004,797,,
170314804005,612,,
170314804006,748,,
170314804007,812,,
170314805001,1112,,
170314805002,865,,
170314805003,1009,,
170314902001,1136,,
170314902002,887,89,89
170314902003,1017,,
170314905001,910,,
170314905002,1085,,
170314906001,1443,,
170314907001,815,,
170314907002,584,,
170314907003,1257,,
170314908001,755,,
170314908002,719,,
170314908003,794,,
170314908004,599,,
170314908005,635,,
170314909011,1420,,
170314909012,1019,,
170314909013,964,,
170314909021,856,,
170314909022,1796,,
170314909023,1233,,
170314909024,762,,
170314910001,846,,
170314910002,871,,
170314910003,1211,,
170314910004,879,,
170314911001,593,,
170314911002,692,,
170314911003,753,,
170314911004,1211,,
170314911005,830,,
170314912001,800,,
170314912002,650,,
170314912003,569,,
170314913001,573,,
170314913002,420,,
170314913003,457,,
170314913004,573,,
170314914001,751,,
170314914002,745,,
170314914003,1097,,
170315001001,681,,
170315001002,657,,
170315001003,736,,
170315001004,1471,,
170315002001,1222,,
170315002002,466,,
170315003001,654,,
170315003002,933,,
170315101001,1358,,
170315101002,1873,,
170315102001,1008,,
170315102002,840,,
170315102003,1074,,
170315103001,1203,,
170315103002,1059,,
170315103003,628,,
170315103004,1960,,
170315201001,1745,,
170315202001,709,,
170315202002,1258,,
170315202003,1371,,
170315203001,1509,,
170315203002,1465,,
170315203003,1128,,
170315203004,1573,,
170315204001,909,,
170315204002,980,,
170315204003,966,,
170315204004,1200,,
170315205001,894,,
170315205002,2136,,
170315205003,1390,,
170315206001,2530,,
170315301001,1191,,
170315301002,1006,,
170315302001,734,,
170315302002,540,,
170315302003,525,,
170315302004,1165,,
170315302005,1164,,
170315303001,813,,
170315303002,770,,
170315303003,858,,
170315303004,1523,,
170315304001,841,,
170315304002,1218,,
170315305011,1292,,
170315305012,1118,,
170315305013,856,,
170315305014,1248,,
170315305021,1570,,
170315305031,1424,,
170315305032,1907,,
170315305033,1567,,
170315306001,1263,,
170315306002,820,,
170315306003,691,,
170315401011,1838,,
170315401012,2486,,
170315401021,749,,
170315401022,1524,,
170315401023,665,,
170315501001,1487,,
170315501002,918,,
170315501003,1456,,
170315501004,784,,
170315501005,764,,
170315501006,1610,,
170315502001,1920,,
170315502002,1049,,
170315601001,1477,,
170315602001,301,,
170315602002,1409,,
170315603001,1789,,
170315603002,1464,,
170315604001,1630,,
170315607001,1355,,
170315607002,2280,,
170315608001,1219,,
170315608002,1459,,
170315608003,1016,,
170315608004,855,,
170315608005,1133,,
170315609001,1106,,
170315609002,634,,
170315609003,895,,
170315609004,1057,,
170315609005,573,,
170315609006,847,88,
170315610001,1055,,
170315610002,661,,
170315610003,1021,,
170315610004,618,,
170315610005,1045,,
170315610006,908,87,
170315611001,732,,
170315611002,823,,
170315611003,784,,
170315611004,1246,,
170315611005,1292,,
170315611006,704,,
170315701001,1316,,
170315702001,2096,,
170315703001,1497,,
170315703002,1086,87,88
170315703003,1585,,
170315703004,2208,,
170315704001,944,,
170315704002,825,,
170315705001,1061,,
170315705002,1578,,
170315801001,1717,82,83
170315801002,1511,84,85
170315802001,1306,83,83
170315802002,2160,88,88
170315803001,2577,,
170315804001,1125,,
170315804002,1133,,
170315804003,1223,87,88
170315804004,1065,,
170315805011,1293,,
170315805012,840,88,88
170315805013,1680,,
170315805014,1357,88,88
170315805021,1048,,
170315805022,1679,,
170315805023,2618,89,89
170315806001,901,85,85
170315806002,1200,88,88
170315806003,1694,88,88
170315806004,1610,,
170315807001,1156,87,88
170315807002,2716,85,86
170315807003,1749,85,85
170315808001,2058,87,88
170315905001,1854,74,75
170315906001,1098,80,81
170315906002,1212,84,85
170315906003,1167,85,86
170315907001,1696,84,84
170315907002,1331,82,82
170316004001,1549,78,79
170316004002,1032,78,78
170316004003,1716,77,78
170316006001,1881,80,81
170316006002,1107,82,83
170316007001,1258,79,80
170316007002,1333,76,77
170316009001,672,79,79
170316009002,1148,81,81
170316009003,709,82,84
170316009004,1153,80,81
170316103001,1787,89,89
170316103002,1944,,
170316103003,1679,,
170316104001,2029,89,89
170316108001,1512,83,83
170316112001,976,88,88
170316112002,1704,,
170316113001,971,89,89
170316113002,1073,,
170316113003,1624,,
170316114001,1495,,
170316114002,931,,
170316114003,1311,,
170316115001,1296,,
170316115002,2291,,
170316116001,1062,,
170316116002,859,,
170316117001,735,,
170316117002,628,,
170316117003,817,,
170316118001,1502,,
170316118002,703,,
170316119001,1260,,
170316119002,724,,
170316120001,497,,
170316120002,951,88,88
170316121001,1168,88,88
170316122001,1313,89,89
170316122002,1480,,
170316122003,1146,,
170316201001,1431,,
170316201002,1977,,
170316201003,1159,,
170316202001,1056,,
170316202002,1334,,
170316203001,864,,
170316203002,1099,,
170316203003,1169,,
170316203004,963,,
170316203005,847,,
170316203006,1468,,
170316204001,1328,,
170316204002,1418,,
170316204003,1063,,
170316204004,1218,,
170316303001,2388,,
170316303002,2997,,
170316304001,1790,,
170316304002,1578,,
170316304003,1875,,
170316304004,1961,,
170316305001,1773,86,87
170316305002,1390,,
170316305003,1526,,
170316305004,1582,,
170316306001,2097,84,85
170316306002,1153,84,85
170316308001,1645,,
170316308002,1713,,
170316308003,1590,,
170316308004,1693,,
170316309001,1688,,
170316309002,1780,,
170316309003,1736,,
170316401001,1312,,
170316403001,830,,
170316403002,1274,,
170316403003,848,,
170316403004,1609,,
170316403005,948,,
170316403006,1201,,
170316404001,1522,,
170316404002,1868,,
170316405001,2074,,
170316405002,1822,,
170316406001,927,,
170316406002,1552,,
170316406003,1584,,
170316407001,836,,
170316407002,784,,
170316407003,851,,
170316407004,827,,
170316408001,939,,
170316408002,860,,
170316501001,1320,,
170316501002,1164,,
170316501003,1122,,
170316501004,1159,,
170316502001,1281,,
170316502002,1618,,
170316502003,1323,,
170316502004,1470,,
170316502005,686,,
170316502006,873,,
170316503011,1261,,
170316503012,1743,,
170316503013,1634,,
170316503014,1191,,
170316503021,2062,,
170316503022,2460,,
170316504001,1117,,
170316504002,1155,,
170316504003,1656,,
170316504004,1490,,
170316504005,1476,,
170316505001,1129,,
170316505002,1543,,
170316505003,1729,,
170316603011,1850,,
170316603021,1197,,
170316603022,1433,,
170316603023,1332,,
170316603024,1587,,
170316604001,1527,,
170316604002,1302,,
170316604003,1389,,
170316604004,1474,,
170316605001,1270,,
170316605002,1385,,
170316605003,1200,,
170316605004,1158,,
170316606001,1006,,
170316606002,1111,,
170316606003,1217,,
170316606004,1398,,
170316606005,1672,,
170316607001,887,,
170316607002,1189,,
170316608001,1044,,
170316608002,1179,,
170316608003,1184,,
170316608004,991,,
170316608005,1716,,
170316609001,1504,,
170316609002,1455,,
170316609003,1487,,
170316610001,987,,
170316610002,800,,
170316610003,943,,
170316610004,1339,,
170316610005,1687,,
170316611001,1385,,
170316611002,988,,
170316611003,1185,,
170316611004,1327,,
170316611005,1748,,
170316701001,604,,
170316701002,745,,
170316702001,1325,,
170316703001,541,,
170316703002,746,,
170316704001,1585,,
170316705001,1148,,
170316706001,826,,
170316706002,513,,
170316707001,669,,
170316707002,583,,
170316708001,644,,
170316708002,833,,
170316709001,481,,
170316709002,691,,
170316711001,994,,
170316712001,980,,
170316713001,932,,
170316713002,611,,
170316713003,505,,
170316714001,833,,
170316714002,725,,
170316715001,568,,
170316715002,1229,,
170316715003,919,,
170316716001,702,,
170316716002,616,,
170316716003,486,,
170316718001,1142,,
170316719001,1122,,
170316720001,904,,
170316720002,816,,
170316720003,997,,
170316720004,680,,
170316805001,1307,88,88
170316806001,1165,88,88
170316809001,1113,88,88
170316809002,680,78,78
170316809003,796,84,84
170316809004,984,84,84
170316810001,443,89,89
170316810002,556,89,89
170316810003,568,,
170316810004,1006,86,86
170316811001,598,,
170316811002,522,,
170316811003,681,,
170316811004,568,,
170316811005,504,,
170316812001,954,87,87
170316812002,302,88,88
170316812003,1097,88,88
170316813001,860,,
170316813002,722,,
170316813003,600,,
170316814001,473,,
170316814002,623,,
170316814003,804,,
170316814004,574,,
170316903001,730,79,79
170316903002,1572,80,80
170316904001,729,85,85
170316904002,1098,84,84
170316904003,768,80,80
170316904004,768,81,81
170316905001,992,86,86
170316909001,691,89,89
170316909002,633,,
170316909003,882,,
170316909004,863,88,88
170316909005,1181,89,89
170316910001,703,86,86
170316910002,687,,
170316910003,637,87,87
170316910004,641,83,83
170316911001,611,86,86
170316911002,687,88,88
170316911003,615,,
170316911004,1067,86,86
170316912001,1131,87,
170316912002,598,85,85
170316912003,548,81,88
170316913001,1262,89,89
170316913002,1112,85,85
170316914001,586,,
170316914002,741,,
170316914003,684,,
170316914004,612,,
170316914005,788,,
170316915001,536,,
170316915002,656,,
170316915003,614,,
170317001001,2131,,
170317001002,1195,,
170317002001,1402,,
170317002002,1563,,
170317002003,1802,,
170317002004,1787,,
170317003011,1733,,
170317003012,1639,,
170317003013,2390,,
170317003021,1417,,
170317003022,984,,
170317003023,1377,,
170317003024,1884,,
170317004011,1954,,
170317004012,1542,,
170317004013,1510,,
170317004014,816,,
170317004021,1105,,
170317004022,1317,,
170317004023,1660,,
170317005011,1316,,
170317005012,888,,
170317005013,1473,,
170317005014,1562,,
170317005015,790,,
170317005016,883,,
170317005021,1343,,
170317005022,1635,,
170317101001,1015,83,
170317102001,756,89,
170317102002,984,,
170317102003,882,,
170317102004,738,,
170317102005,1275,,
170317103001,1424,,
170317104001,569,,
170317104002,1041,,
170317104003,856,,
170317104004,676,,
170317104005,1395,,
170317104006,887,,
170317105001,1140,,
170317105002,1230,,
170317105003,659,,
170317105004,1007,,
170317106001,825,,
170317106002,881,,
170317107001,607,87,
170317107002,800,,
170317107003,1054,,
170317107004,959,,
170317108001,565,84,
170317108002,712,89,
170317108003,870,,
170317108004,1012,85,
170317108005,804,86,
170317108006,841,,
170317109001,664,84,
170317109002,1278,89,
170317110001,847,,
170317110002,1431,88,
170317110003,780,87,
170317111001,883,,
170317111002,878,89,
170317111003,738,,
170317112001,1177,,
170317112002,964,,
170317112003,674,,
170317112004,1872,,
170317113001,604,,
170317113002,858,,
170317114001,801,84,
170317114002,912,85,
170317114003,681,88,
170317115001,1040,,
170317115002,1332,87,
170317201001,961,,
170317201002,1470,,
170317201003,913,,
170317202001,1015,,
170317202002,1200,,
170317202003,1916,,
170317203001,849,,
170317203002,715,,
170317203003,1346,,
170317203004,727,,
170317204001,802,,
170317204002,1159,,
170317205001,774,,
170317205002,1312,,
170317206001,846,,
170317206002,845,,
170317207001,1493,,
170317207002,868,,
170317207003,712,,
170317301001,810,,
170317301002,753,89,
170317301003,899,89,
170317302011,943,,
170317302012,1105,,
170317302013,1316,87,
170317302014,1281,88,
170317302015,982,,
170317302021,1147,,
170317302022,1022,,
170317302023,724,,
170317303001,1046,87,
170317304001,792,,
170317304002,1119,,
170317304003,668,,
170317304004,807,,
170317305001,771,,
170317305002,705,,
170317305003,1028,,
170317305004,1716,,
170317306001,613,,
170317306002,1381,,
170317306003,1260,,
170317307001,826,,
170317307002,1455,,
170317401001,674,,
170317401002,678,,
170317401003,667,,
170317401004,1215,,
170317402001,1569,,
170317402002,1307,,
170317402003,1399,,
170317402004,1555,,
170317403001,990,,
170317403002,1221,,
170317403003,807,,
170317403004,877,,
170317403005,974,,
170317404001,898,,
170317404002,869,,
170317404003,2137,,
170317404004,791,,
170317501001,992,,
170317501002,748,,
170317501003,827,,
170317501004,1169,,
170317502001,688,,
170317502002,820,,
170317502003,678,,
170317502004,838,,
170317503001,745,,
170317503002,874,,
170317503003,851,,
170317504001,1479,,
170317504002,786,,
170317504003,644,,
170317505001,1831,,
170317505002,726,,
170317505003,1875,,
170317505004,1186,,
170317506001,1112,,
170317506002,786,,
170317506003,771,,
170317506004,751,,
170317608011,2620,29,29
170317608012,1783,25,25
170317608021,2374,40,40
170317608031,1583,32,32
170317608032,1792,34,34
170317608033,1677,30,30
170317608034,1342,38,38
170317702011,2500,,
170317702012,2101,,
170317702013,1293,,
170317702021,1650,,
170317702022,2071,,
170317702023,1339,,
170317703001,913,,
170317703002,1582,68,68
170317703003,1416,,
170317703004,1854,,
170317703005,1469,,
170317704001,1376,,
170317704002,1682,,
170317704003,1317,54,54
170317705001,3685,44,44
170317705002,947,39,39
170317706011,1016,55,55
170317706012,1230,40,40
170317706013,1026,37,37
170317706021,1942,36,36
170317706022,1440,25,25
170317706023,1380,35,35
170317707001,762,24,24
170317707002,1775,,
170317708001,2648,36,39
170317708002,3013,31,40
170317709011,1218,43,43
170317709012,1144,46,46
170317709013,904,34,34
170317709014,1979,40,40
170317709021,1863,37,37
170317709022,1869,38,38
170318001001,965,,
170318001002,1430,,
170318002001,1234,,
170318002002,1313,,
170318002003,834,,
170318002004,966,,
170318002005,1230,,
170318002006,889,,
170318003001,1292,89,
170318003002,630,87,
170318003003,1691,,
170318004001,1321,89,
170318004002,1556,85,
170318004003,1059,82,
170318005001,831,86,
170318005002,1076,87,
170318005003,895,,
170318005004,1314,87,89
170318005005,1017,84,88
170318006001,1368,81,
170318006002,1061,79,
170318007001,844,,
170318007002,2227,87,
170318007003,809,,
170318007004,1377,,
170318008001,2426,,
170318009001,1338,,
170318009002,816,86,86
170318009003,1304,,
170318009004,1047,,
170318010001,836,,
170318010002,1267,,
170318010003,1561,,
170318010004,1673,,
170318011001,761,81,
170318011002,1161,80,89
170318011003,1350,89,
170318011004,1599,86,
170318012001,1138,87,
170318012002,828,83,
170318012003,1685,,
170318013001,904,88,88
170318013002,1238,84,89
170318013003,890,82,
170318013004,1398,77,87
170318014001,1533,,
170318014002,1389,,
170318015001,2713,,
170318015002,2090,,
170318015003,1769,87,87
170318016011,2805,,
170318016012,1929,,
170318016031,1568,81,81
170318016032,2570,80,80
170318016051,1463,,
170318016052,904,,
170318016053,1708,,
170318016054,1043,,
170318016055,765,,
170318016061,928,,
170318016062,1309,,
170318016063,1618,,
170318016064,707,,
170318016065,2154,,
170318016071,1712,,
170318016072,1070,83,83
170318016073,2443,,
170318016081,2244,88,88
170318016082,1397,,
170318016083,766,,
170318016084,2650,,
170318017011,2273,,
170318017012,1573,,
170318017021,1411,88,88
170318017022,1165,81,81
170318017023,1470,82,82
170318017024,710,87,87
170318018001,1607,88,88
170318018002,1150,,
170318018003,1783,88,88
170318018004,1432,,
170318019011,2151,,
170318019012,1897,88,88
170318019013,968,78,78
170318019021,1077,,
170318019022,1419,,
170318019023,924,,
170318020021,2623,,
170318020022,2507,,
170318020031,2679,,
170318020041,710,76,76
170318020042,1501,71,71
170318020043,1725,70,70
170318020044,1935,82,82
170318021001,779,66,66
170318021002,993,62,62
170318021003,1962,66,66
170318022001,1237,79,79
170318022002,1758,66,66
170318022003,1853,69,69
170318023001,2701,75,75
170318023002,3267,88,88
170318024021,2018,,
170318024022,1150,,
170318024023,1341,,
170318024024,1034,,
170318024031,1531,,
170318024041,1900,,
170318024042,2165,,
170318024043,1114,,
170318024044,2379,,
170318025031,1237,,
170318025032,1872,,
170318025033,2417,,
170318025034,886,,
170318025041,1432,,
170318025042,1278,50,50
170318025043,2321,,
170318025044,1411,,
170318025051,11,,
170318025052,1049,47,47
170318025053,46,,
170318025054,2197,,
170318025055,1659,88,88
170318025056,1761,54,54
170318025061,1319,,
170318025062,966,,
170318026051,1478,,
170318026052,1573,,
170318026053,1312,44,44
170318026054,1344,46,46
170318026055,1418,,
170318026071,1536,82,84
170318026081,1839,,
170318026082,2673,,
170318026083,1157,,
170318026084,1061,88,
170318026091,2187,56,56
170318026092,847,55,55
170318026093,1236,53,53
170318026094,2020,50,50
170318026101,1757,54,54
170318027011,2177,86,88
170318027012,1633,58,58
170318027013,1011,,
170318027014,1861,45,45
170318027021,1753,,
170318027022,2120,,
170318027023,837,54,54
170318028011,1142,,
170318028012,1237,,
170318028013,896,,
170318028014,929,,
170318028015,837,,
170318028021,1352,80,82
170318028022,1494,68,71
170318028023,1582,57,66
170318028024,1317,55,63
170318028025,1246,63,71
170318029001,944,,
170318029002,1746,,
170318029003,1922,,
170318029004,1443,,
170318030051,1052,,
170318030052,1562,,
170318030071,1544,,
170318030072,1437,,
170318030073,2172,,
170318030081,1744,,
170318030082,1105,,
170318030083,1918,,
170318030101,1041,,
170318030102,750,,
170318030103,1146,,
170318030104,2414,,
170318030121,2234,,
170318030131,2379,,
170318030132,2028,,
170318030133,1083,,
170318030141,2326,,
170318030142,1351,,
170318030151,1793,,
170318030152,1516,,
170318030153,1322,,
170318030161,2490,,
170318030171,2094,,
170318030172,2252,,
170318030173,1937,84,84
170318031001,2050,,
170318031002,1566,64,74
170318032001,1887,,
170318032002,2195,,
170318032003,1504,65,74
170318033001,2382,65,74
170318033002,1549,53,62
170318033003,1795,55,63
170318034001,1002,,
170318034002,916,,
170318034003,1004,,
170318034004,1523,,
170318034005,1003,,
170318034006,1144,62,71
170318035001,860,61,69
170318035002,967,,
170318035003,1482,,
170318035004,1498,,
170318035005,996,,
170318036031,2028,,
170318036032,1087,,
170318036033,2618,,
170318036034,1091,,
170318036041,1085,,
170318036042,1156,,
170318036043,1129,,
170318036044,839,,
170318036051,1603,,
170318036052,1184,,
170318036053,1317,,
170318036054,776,88,88
170318036055,2122,85,85
170318036071,827,,
170318036072,886,,
170318036073,1972,,
170318036074,1134,,
170318036081,2464,,
170318036082,2841,,
170318036083,2239,,
170318036111,770,,
170318036112,1341,,
170318036113,1396,,
170318036114,678,,
170318036115,1513,,
170318036121,2416,,
170318036122,1415,,
170318036131,1984,89,89
170318036132,1450,86,86
170318036141,1893,88,88
170318036142,2529,87,87
170318036151,1856,,
170318036152,896,,
170318036161,1906,,
170318036162,905,,
170318036163,1824,,
170318037011,1150,70,70
170318037012,1557,,
170318037021,901,74,76
170318037022,2170,,
170318037023,1707,77,79
170318037024,1598,73,75
170318038001,1110,,
170318038002,755,,
170318038003,1704,,
170318038004,953,74,76
170318039011,1888,,
170318039012,2047,59,67
170318039021,1026,,
170318039022,1077,,
170318039023,1326,,
170318040001,2056,,
170318040002,2707,,
170318041021,2347,,
170318041022,2358,,
170318041023,2602,,
170318041041,1702,,
170318041042,1977,,
170318041043,1270,,
170318041051,1556,,
170318041052,1510,,
170318041053,1102,,
170318041061,1980,,
170318041062,1789,,
170318041063,1590,,
170318041064,1905,,
170318041081,2472,87,87
170318041082,2326,84,84
170318041091,1233,,
170318041092,1845,,
170318042021,1564,79,79
170318042022,3038,,
170318042023,2368,,
170318042024,823,,
170318042031,1965,,
170318042032,1493,,
170318042041,2000,,
170318042042,1564,,
170318042043,1699,,
170318043051,1624,,
170318043052,1458,,
170318043053,1570,,
170318043054,2300,,
170318043061,2453,,
170318043062,1111,,
170318043063,844,,
170318043064,1218,,
170318043081,2065,,
170318043082,2243,,
170318043083,1210,,
170318043091,2095,,
170318043092,943,,
170318043121,2238,,
170318043131,3185,80,80
170318043132,1262,,
170318043133,1907,,
170318043141,1682,,
170318043151,2446,,
170318043161,3021,,
170318043162,2006,,
170318044031,1245,80,80
170318044032,1894,84,84
170318044033,1325,,
170318044034,2833,,
170318044041,1328,,
170318044042,1204,,
170318044043,1650,,
170318044044,965,88,88
170318044051,2099,,
170318044052,1471,,
170318044061,2640,,
170318044062,2014,,
170318044063,1638,88,88
170318045051,1048,,
170318045052,1057,,
170318045053,1865,,
170318045061,1240,,
170318045062,1541,,
170318045063,2691,,
170318045081,2343,,
170318045091,1287,,
170318045092,1451,,
170318045093,1495,,
170318045094,1779,,
170318045101,1246,,
170318045102,1066,89,89
170318045103,2313,,
170318045104,1247,,
170318045111,1012,,
170318045112,1414,,
170318045121,1508,,
170318045122,2487,,
170318045131,1092,,
170318045132,1595,,
170318045133,1378,,
170318045141,915,,
170318045142,2434,,
170318045143,1341,,
170318046031,2342,68,68
170318046032,1279,85,85
170318046033,2030,82,82
170318046061,821,,
170318046062,2414,,
170318046063,1326,,
170318046064,2527,,
170318046071,1947,,
170318046072,2302,,
170318046073,1523,,
170318046074,1351,,
170318046081,1440,,
170318046082,822,,
170318046083,1765,,
170318046091,2555,,
170318046092,1886,,
170318046093,1706,61,61
170318046101,1834,,
170318046102,690,,
170318046111,1601,,
170318046112,1887,,
170318046113,1165,,
170318047011,1418,,
170318047012,1312,,
170318047013,2231,,
170318047014,2084,,
170318047051,1305,,
170318047052,1723,,
170318047053,1120,89,89
170318047061,1506,,
170318047062,1047,84,84
170318047091,1322,89,89
170318047092,1466,,
170318047093,1446,,
170318047094,1267,88,88
170318047095,1313,,
170318047101,1129,,
170318047102,1160,,
170318047103,1241,,
170318047104,762,,
170318047111,2372,,
170318047112,1028,,
170318047113,3042,,
170318047114,1187,,
170318047121,2102,,
170318047122,1015,,
170318047123,2339,,
170318047131,1599,84,84
170318047132,1963,88,88
170318047133,734,,
170318047134,741,86,86
170318047141,1089,,
170318047142,1241,,
170318047143,1204,,
170318047151,1930,89,89
170318047152,1496,81,81
170318047161,1649,,
170318047162,2328,,
170318047163,1383,,
170318048031,1239,,
170318048032,1527,,
170318048033,2955,,
170318048041,1363,,
170318048042,2683,,
170318048043,917,,
170318048044,1846,,
170318048051,1747,,
170318048052,909,,
170318048053,1408,,
170318048054,2796,,
170318048061,861,,
170318048062,1203,,
170318048063,1732,,
170318048071,1029,,
170318048072,929,,
170318048073,2092,,
170318048074,1174,,
170318048081,723,,
170318048082,1031,,
170318048083,842,,
170318048091,1399,,
170318048092,1687,,
170318048093,1173,,
170318048101,1427,,
170318048102,1149,,
170318048103,2739,,
170318048104,1782,,
170318049011,1712,53,60
170318049012,961,56,57
170318049013,1393,61,64
170318049014,750,60,67
170318049015,1239,52,59
170318049016,872,58,65
170318049021,1403,55,55
170318049022,1164,63,63
170318049023,965,67,67
170318049024,1306,63,63
170318049025,788,50,50
170318050011,1026,61,68
170318050012,1105,,
170318050013,1765,70,70
170318050014,1089,68,68
170318050021,1886,53,53
170318050022,1948,68,68
170318050023,1496,49,49
170318050024,929,52,52
170318050025,1163,50,50
170318051051,1087,,
170318051052,1885,54,54
170318051053,1401,,
170318051054,2097,70,70
170318051055,808,,
170318051061,1133,64,64
170318051062,1645,62,62
170318051071,1458,53,53
170318051072,1362,48,48
170318051073,1009,44,44
170318051074,2236,50,50
170318051075,728,48,48
170318051081,2217,46,46
170318051082,2325,54,54
170318051083,940,56,56
170318051084,918,49,49
170318051091,1217,72,72
170318051092,1969,57,57
170318051093,1210,78,78
170318051101,1952,,
170318051102,1118,,
170318051103,687,,
170318051104,683,,
170318051111,755,61,61
170318051112,898,60,60
170318051113,2511,46,46
170318051114,1245,47,47
170318051115,988,44,44
170318051116,1389,43,43
170318051121,1686,50,50
170318051122,1796,52,52
170318052011,942,88,88
170318052012,837,77,77
170318052013,1696,70,70
170318052021,930,63,63
170318052022,684,59,59
170318052023,1278,68,68
170318052024,1186,79,79
170318053011,974,53,53
170318053012,1598,58,58
170318053013,1016,46,46
170318053021,1058,76,76
170318053022,1380,57,57
170318053023,1435,60,60
170318054011,1360,49,49
170318054012,1549,50,50
170318054013,1147,52,52
170318054021,979,52,52
170318054022,988,54,54
170318054023,1018,52,52
170318054024,1614,48,48
170318054025,868,47,47
170318055011,1147,41,41
170318055012,1418,51,52
170318055013,1433,52,52
170318055021,1069,53,53
170318055022,903,47,47
170318055023,1299,40,40
170318055024,1024,45,45
170318056001,1476,36,36
170318056002,1348,39,39
170318056003,993,39,39
170318056004,893,36,36
170318057011,1280,39,39
170318057012,679,35,35
170318057013,1303,43,43
170318057014,1114,43,43
170318057015,1109,40,40
170318057021,1225,32,32
170318057022,864,35,35
170318058011,874,43,48
170318058012,940,48,52
170318058013,766,52,52
170318058021,957,43,48
170318058022,928,45,45
170318058023,1290,45,45
170318058024,1020,43,43
170318058025,901,43,43
170318059011,1302,48,48
170318059012,1731,38,38
170318059013,1308,42,47
170318059021,849,48,48
170318059022,1297,54,54
170318059023,1077,50,50
170318059024,1086,52,52
170318059025,875,52,53
170318059026,1319,49,53
170318060011,1138,71,71
170318060012,2178,56,56
170318060013,1819,56,56
170318060014,683,82,82
170318060021,1026,56,56
170318060022,2616,64,64
170318060023,1251,55,55
170318060024,1246,46,46
170318060025,1694,47,47
170318060041,2021,60,60
170318060042,2687,46,46
170318060043,1734,51,51
170318060044,1112,49,49
170318060051,1874,47,47
170318060052,1384,41,41
170318060061,1377,56,56
170318060062,975,57,57
170318060063,1537,52,52
170318060064,996,57,57
170318061021,2216,57,57
170318061022,1083,60,60
170318061023,1101,52,52
170318061031,1643,56,56
170318061032,934,54,54
170318061033,1350,48,49
170318061034,1342,57,57
170318061041,1221,,
170318061042,1213,61,61
170318061043,1700,68,68
170318062011,2714,43,43
170318062012,2194,40,40
170318062021,967,37,37
170318062022,1995,42,42
170318062023,2036,38,38
170318063001,896,50,50
170318063002,718,44,44
170318063003,713,37,37
170318063004,824,44,44
170318063005,856,46,46
170318063006,680,49,49
170318064001,1397,53,53
170318064002,1095,38,38
170318065011,1303,32,32
170318065012,1362,33,33
170318065021,960,43,43
170318065022,814,55,55
170318065023,1103,41,41
170318065024,1325,40,40
170318066001,1946,40,40
170318066002,1656,32,32
170318067001,1397,80,80
170318067002,1245,87,87
170318067003,1046,78,78
170318067004,798,89,89
170318068011,799,82,82
170318068012,1548,76,76
170318068013,1233,82,82
170318068014,714,72,72
170318068021,881,74,74
170318068022,1592,67,67
170318068023,972,66,66
170318069001,1103,74,74
170318069002,2174,73,73
170318069003,2065,76,76
170318070001,2829,63,63
170318070002,1300,59,59
170318070003,1136,67,67
170318070004,601,63,63
170318071001,848,66,66
170318071002,1573,67,67
170318071003,1563,74,74
170318072001,987,73,73
170318072002,2227,68,68
170318072003,1050,73,73
170318072004,889,68,68
170318072005,906,64,64
170318073001,2792,60,60
170318073002,1692,47,47
170318073003,1405,60,60
170318073004,976,62,62
170318073005,853,61,61
170318074001,826,72,72
170318074002,1529,68,68
170318074003,2519,58,58
170318074004,798,66,66
170318074005,1152,67,67
170318075001,1122,70,70
170318075002,903,72,72
170318075003,1302,74,74
170318076001,1305,77,77
170318076002,1656,60,60
170318076003,860,68,68
170318076004,1325,66,66
170318076005,1559,64,64
170318077001,2049,52,52
170318077002,1566,53,53
170318077003,1132,47,47
170318077004,1400,47,47
170318078001,1410,47,47
170318078002,1468,46,46
170318079001,1490,53,53
170318079002,1293,58,58
170318079003,1418,50,50
170318080011,1348,54,54
170318080012,1184,61,61
170318080013,1449,61,61
170318080021,1263,60,60
170318080022,1641,71,71
170318080023,1562,65,65
170318080024,815,71,71
170318081001,2090,44,44
170318081002,1920,49,49
170318082001,2426,55,55
170318082002,1556,48,48
170318082003,1664,53,53
170318083011,1182,55,55
170318083012,2842,63,63
170318083013,1266,56,56
170318083014,1230,58,58
170318083021,1474,64,64
170318083022,2136,66,66
170318083023,757,48,48
170318084001,1942,69,69
170318084002,896,54,54
170318084003,1784,57,57
170318085001,1356,78,78
170318085002,918,65,65
170318085003,958,61,61
170318085004,1007,57,57
170318086001,1219,77,77
170318086002,1246,67,67
170318087021,2547,77,78
170318087022,805,80,80
170318087023,2129,89,
170318088001,1835,73,86
170318088002,2153,86,86
170318089001,1403,78,87
170318089002,803,86,87
170318089003,1943,87,87
170318090001,688,,
170318090002,879,,
170318090003,1388,,
170318090004,1046,89,89
170318091001,1312,76,84
170318091002,884,86,89
170318091003,1241,82,
170318092001,1161,73,73
170318092002,1390,75,75
170318092003,1362,74,74
170318092004,1067,79,79
170318093001,962,87,87
170318093002,1892,81,82
170318093003,2189,79,79
170318094011,1098,78,80
170318094012,1649,75,77
170318094021,2097,68,71
170318094022,1277,74,75
170318095001,1803,71,75
170318095002,1536,69,75
170318095003,1007,78,79
170318096001,824,77,77
170318096002,1182,70,70
170318096003,1313,74,74
170318097001,1212,76,76
170318097002,1679,70,70
170318097003,823,77,77
170318098001,926,78,79
170318098002,1752,73,81
170318099001,1307,77,88
170318099002,1739,69,83
170318100001,1918,68,82
170318100002,2249,73,82
170318100003,1473,81,86
170318101001,677,66,82
170318101002,1054,69,83
170318101003,895,76,82
170318101004,806,77,84
170318101005,1048,71,79
170318102001,1005,73,78
170318102002,1135,64,71
170318102003,1114,68,78
170318102004,1423,76,81
170318102005,670,81,82
170318102006,875,77,83
170318103011,781,78,78
170318103012,884,76,76
170318103013,1294,71,71
170318103014,1146,76,76
170318103021,1402,78,80
170318103022,1084,78,78
170318103023,874,76,76
170318104001,839,37,37
170318104002,1227,37,37
170318104003,2291,36,36
170318104004,1052,33,33
170318105011,1216,39,39
170318105012,1102,41,41
170318105013,1054,42,42
170318105014,1007,52,52
170318105015,914,47,47
170318105021,986,39,39
170318105022,812,42,42
170318105023,1714,38,38
170318105024,928,41,41
170318105025,915,44,44
170318106001,1555,48,48
170318106002,1719,41,41
170318106003,1675,38,38
170318107011,1285,48,48
170318107012,1256,48,51
170318107013,1111,45,51
170318107014,1213,43,51
170318107021,1360,40,51
170318107022,866,44,57
170318107023,1688,43,56
170318108001,926,35,58
170318108002,1610,49,50
170318108003,1400,43,57
170318108004,1188,39,58
170318109001,1817,39,51
170318109002,1467,44,52
170318109003,778,46,54
170318109004,911,50,55
170318109005,1387,47,57
170318110001,712,47,61
170318110002,820,52,61
170318110003,778,56,62
170318110004,823,59,63
170318110005,1125,63,68
170318111001,2438,42,44
170318111002,1882,43,50
170318111003,905,42,50
170318111004,1478,33,44
170318112001,985,31,52
170318112002,1579,40,48
170318112003,977,48,58
170318112004,1182,44,52
170318112005,678,39,51
170318113011,1229,51,51
170318113012,916,53,53
170318113013,1274,51,51
170318113014,1383,55,55
170318113021,1239,50,50
170318113022,2326,58,58
170318114011,893,43,43
170318114012,1038,45,45
170318114013,1058,45,45
170318114014,921,39,46
170318114015,1091,37,47
170318114021,1348,50,50
170318114022,1647,51,51
170318114023,1577,53,53
170318115001,1743,36,43
170318115002,1629,47,47
170318115003,1232,47,47
170318115004,1427,45,45
170318116001,1596,33,37
170318116002,1468,44,44
170318116003,1459,39,39
170318116004,1530,41,41
170318117011,2269,73,73
170318117012,1186,51,51
170318117021,1199,82,82
170318117022,1821,71,71
170318117023,2364,59,59
170318118001,965,62,62
170318118002,1420,77,77
170318118003,1631,74,74
170318118004,1628,68,68
170318119001,1078,50,56
170318119002,1005,53,60
170318119003,1375,62,69
170318119004,2593,68,72
170318120001,769,55,64
170318120002,718,57,66
170318120003,1494,67,72
170318120004,720,69,74
170318120005,1090,71,72
170318120006,875,65,68
170318121001,962,59,61
170318121002,1031,61,61
170318121003,1083,65,65
170318121004,864,62,65
170318121005,823,55,64
170318122001,1005,54,67
170318122002,861,64,70
170318122003,1190,55,61
170318122004,928,53,59
170318123011,805,55,64
170318123012,2669,56,65
170318123013,1504,64,71
170318123021,959,53,59
170318123022,1043,54,62
170318123023,679,54,62
170318124001,1346,64,74
170318124002,1024,64,73
170318124003,1088,63,69
170318125001,1029,63,63
170318125002,826,66,66
170318125003,955,66,72
170318125004,870,64,70
170318126001,809,68,68
170318126002,1217,68,68
170318126003,1078,68,73
170318126004,794,68,73
170318127001,1063,68,78
170318127002,942,68,81
170318127003,1187,68,79
170318128011,2375,56,67
170318128012,1012,54,66
170318128021,650,60,70
170318128022,757,65,71
170318128023,1114,64,77
170318129001,942,75,85
170318129002,1086,76,86
170318129003,1337,69,86
170318129004,1481,61,77
170318130001,684,70,70
170318130002,922,72,72
170318130003,771,80,80
170318130004,848,68,77
170318130005,710,70,82
170318131001,981,72,72
170318131002,966,72,72
170318131003,748,80,80
170318131004,607,78,78
170318131005,1376,85,85
170318132001,837,74,83
170318132002,860,76,84
170318132003,833,70,85
170318132004,954,67,86
170318132005,1098,64,84
170318133011,1655,76,87
170318133012,841,75,88
170318133013,1138,73,85
170318133021,1690,71,86
170318133022,2168,68,83
170318134001,1444,79,83
170318134002,1103,85,88
170318134003,1153,88,
170318134004,1564,85,87
170318134005,1308,83,83
170318134006,999,78,78
170318135001,1591,77,77
170318135002,1367,82,85
170318135003,1022,86,
170318135004,1695,86,87
170318135005,1494,80,80
170318136001,1408,,
170318136002,2212,,
170318136003,1823,86,
170318137011,2134,75,88
170318137012,1752,78,85
170318137021,1171,72,79
170318137022,607,72,78
170318137023,1301,71,84
170318137024,1120,72,83
170318138011,843,76,85
170318138012,889,71,82
170318138013,1124,73,83
170318138021,1071,82,87
170318138022,1145,85,87
170318138023,1257,85,87
170318138024,1485,79,86
170318139001,1734,89,
170318139002,1325,,
170318139003,1100,,
170318139004,1177,,
170318139005,1432,88,
170318140001,1308,86,
170318140002,1242,86,
170318140003,1085,88,
170318140004,1071,89,
170318141001,2295,85,86
170318141002,1441,89,
170318141003,947,,
170318142001,1417,78,
170318142002,832,,
170318142003,1328,,
170318142004,1765,87,
170318142005,1231,84,
170318142006,1098,80,
170318143001,2203,,
170318143002,2487,,
170318144001,1126,,
170318144002,1172,,
170318144003,1427,,
170318144004,1304,,
170318144005,1809,,
170318144006,943,,
170318145001,2386,88,
170318145002,1425,,
170318145003,1584,,
170318146001,1219,83,83
170318146002,1226,87,87
170318146003,1097,,
170318146004,1044,86,86
170318146005,1030,78,88
170318147001,1105,76,86
170318147002,1008,74,89
170318147003,1046,69,87
170318147004,1263,70,86
170318147005,1126,63,83
170318148001,2022,67,87
170318148002,1555,72,
170318148003,1021,76,
170318148004,1056,82,
170318148005,791,80,
170318149001,1262,87,
170318149002,1692,83,
170318149003,2155,80,
170318149004,1448,78,
170318150001,1454,88,
170318150002,1068,86,
170318150003,1732,81,
170318151001,1181,85,
170318151002,1258,85,
170318151003,1879,85,
170318152001,1748,88,
170318152002,1212,82,
170318152003,1405,78,
170318152004,1112,82,
170318152005,1424,84,
170318153001,974,85,
170318153002,1007,77,
170318153003,904,79,
170318153004,871,79,
170318154001,1394,83,
170318154002,908,80,
170318154003,1835,77,
170318154004,1408,74,
170318155001,1598,87,
170318155002,908,,
170318155003,1073,,
170318155004,1129,87,
170318155005,1381,,
170318155006,1321,88,
170318155007,900,81,
170318156001,981,82,85
170318156002,1165,85,87
170318156003,1358,,
170318156004,861,79,79
170318156005,1243,81,81
170318157011,1166,82,
170318157012,828,,
170318157013,1142,76,
170318157014,988,76,
170318157021,712,84,
170318157022,1215,85,
170318157023,1597,88,
170318157024,748,86,88
170318157025,1030,86,89
170318158001,1630,84,86
170318159001,1147,60,68
170318159002,1735,58,69
170318159003,1891,65,75
170318160001,1270,60,74
170318160002,1077,66,76
170318160003,960,70,76
170318161001,704,61,81
170318161002,1219,65,84
170318161003,857,64,84
170318161004,950,75,85
170318161005,1247,71,82
170318161006,1282,75,80
170318162001,1812,61,69
170318162002,847,52,64
170318162003,1504,64,64
170318163001,929,54,54
170318163002,1582,56,56
170318163003,1198,58,58
170318163004,1069,54,54
170318164011,1298,59,59
170318164012,921,57,57
170318164013,1189,57,57
170318164014,1256,59,59
170318164021,1337,57,57
170318164022,1267,58,58
170318164023,812,64,64
170318164024,1044,60,60
170318165001,1164,63,63
170318165002,2058,57,57
170318165003,1040,62,62
170318166001,1177,55,55
170318166002,1461,56,56
170318166003,1884,53,53
170318167001,953,57,57
170318167002,1740,65,65
170318168001,1894,75,85
170318168002,1762,79,79
170318168003,1093,83,85
170318168004,1016,,
170318169001,1192,63,63
170318169002,1427,62,62
170318169003,1213,62,62
170318169004,1729,69,69
170318170001,741,64,64
170318170002,761,66,66
170318170003,1061,66,66
170318170004,1496,62,62
170318170005,1451,64,64
170318171011,955,62,62
170318171012,1254,64,64
170318171013,1298,65,65
170318171014,1056,64,64
170318171021,1136,64,64
170318171022,908,67,67
170318171023,1114,72,72
170318172001,1580,58,59
170318172002,1011,61,61
170318172003,1307,60,60
170318172004,923,62,62
170318173001,2799,68,68
170318174001,832,53,63
170318174002,1271,48,59
170318174003,1549,52,62
170318175001,818,66,66
170318175002,854,67,67
170318175003,916,62,65
170318175004,1024,64,64
170318176001,1211,68,68
170318176002,1318,73,73
170318176003,1296,73,73
170318177001,991,81,81
170318177002,1268,75,75
170318177003,1649,70,70
170318177004,895,67,67
170318179001,1338,76,76
170318179002,1147,77,77
170318179003,926,84,84
170318179004,955,79,79
170318179005,1166,74,74
170318180001,1913,76,76
170318180002,1043,81,81
170318180003,1472,83,83
170318181001,1120,78,78
170318181002,1210,71,71
170318182001,1112,73,73
170318182002,853,73,73
170318182003,967,77,77
170318182004,1830,66,66
170318183001,1341,,
170318183002,1695,89,89
170318183003,1856,70,70
170318183004,1030,87,87
170318184011,780,81,81
170318184012,872,76,76
170318184013,986,81,81
170318184014,975,88,88
170318184021,817,72,72
170318184022,1004,75,75
170318184023,1461,87,87
170318185001,1508,84,84
170318185002,1573,83,83
170318185003,1689,,
170318185004,880,,
170318186001,1429,82,82
170318186002,2387,,
170318186003,1277,76,76
170318187001,785,,
170318187002,766,,
170318187003,1271,87,87
170318187004,869,88,88
170318188001,916,89,89
170318188002,799,89,89
170318188003,747,89,
170318188004,810,88,89
170318188005,1295,86,86
170318188006,1125,,
170318189001,1275,81,81
170318189002,2006,76,76
170318189003,1215,76,76
170318190001,942,75,75
170318190002,1426,76,76
170318190003,1306,84,84
170318190004,1094,,
170318191001,1045,,
170318191002,1232,88,
170318191003,1272,82,
170318191004,1051,82,
170318192001,976,,
170318192002,1728,,
170318192003,1904,85,
170318192004,1546,,
170318193001,639,84,
170318193002,1401,85,
170318193003,737,86,89
170318194001,1202,,
170318194002,1688,,
170318194003,790,,
170318194004,1023,,
170318194005,983,,
170318195001,1035,76,76
170318195002,782,80,80
170318195003,863,78,78
170318195004,984,86,86
170318196001,818,75,75
170318196002,1120,75,75
170318196003,1220,77,77
170318196004,925,77,77
170318197001,1064,86,86
170318197002,2221,,
170318197003,1638,89,89
170318197004,1105,89,89
170318198011,882,,
170318198012,970,,
170318198013,1391,,
170318198014,784,88,
170318198015,1337,,
170318198021,1305,,
170318198022,1436,,
170318199001,1200,,
170318199002,1292,,
170318199003,1022,,
170318200001,1096,,
170318200002,1134,,
170318201011,809,,
170318201012,1626,,
170318201013,975,,
170318201014,762,,
170318201015,1116,,
170318201016,1288,,
170318201017,1313,,
170318201031,946,88,88
170318201032,833,88,88
170318201033,1289,78,78
170318201034,1217,,
170318201041,1099,,
170318201042,1130,,
170318201043,921,,
170318201044,1303,,
170318202021,1522,,
170318202022,830,,
170318202023,776,,
170318202031,1512,,
170318202032,2526,,
170318202041,1875,,
170318202042,761,,
170318202043,1798,,
170318203001,1786,88,
170318203002,1127,88,
170318203003,1033,89,
170318203004,1642,,
170318204001,1129,,
170318204002,2229,,
170318204003,2198,,
170318205011,723,,
170318205012,1047,,
170318205013,943,,
170318205014,1319,,
170318205015,1873,,
170318205021,1336,,
170318205022,1106,,
170318205023,1791,,
170318205024,1147,,
170318206031,1583,,
170318206032,2141,,
170318206033,1806,,
170318206041,2678,,
170318206042,1011,,
170318206051,1607,,
170318206052,1402,,
170318206053,1514,,
170318206061,1603,,
170318206062,2263,,
170318207001,1915,,
170318207002,1327,,
170318207003,1565,82,
170318207004,2303,82,
170318208001,1443,,
170318208002,1493,,
170318208003,759,88,
170318209011,2394,,
170318209012,1201,,
170318209013,902,,
170318209014,1085,,
170318209021,896,,
170318209022,1520,,
170318209023,1180,,
170318209024,1455,,
170318210011,1413,,
170318210012,1145,,
170318210013,1179,,
170318210014,1468,,
170318210021,1297,,
170318210022,1026,,
170318210023,1111,,
170318210024,888,,
170318210025,1442,,
170318211011,1364,,
170318211012,826,,
170318211013,1245,,
170318211014,1441,,
170318211021,1108,,
170318211022,1155,,
170318211023,999,,
170318211024,969,,
170318212001,955,,
170318212002,1505,,
170318212003,2082,,
170318212004,1099,,
170318213001,844,,
170318213002,2616,,
170318213003,654,,
170318213004,1363,,
170318214011,574,,
170318214012,667,,
170318214013,616,,
170318214014,1013,,
170318214021,1062,,
170318214022,1350,,
170318214023,788,,
170318215001,1421,,
170318216001,732,,
170318216002,1264,,
170318216003,2546,,
170318217001,729,,
170318217002,1077,,
170318217003,1349,,
170318217004,820,,
170318217005,884,,
170318218001,899,,
170318218002,1006,,
170318218003,699,,
170318218004,995,,
170318218005,1029,,
170318218006,787,,
170318219001,926,,
170318219002,965,,
170318219003,1285,,
170318219004,764,,
170318219005,1189,,
170318220001,779,,
170318220002,719,,
170318220003,1074,,
170318220004,906,,
170318220005,865,,
170318221011,1308,,
170318221012,1275,,
170318221013,1017,,
170318221014,1006,,
170318221021,1031,,
170318221022,1578,,
170318221023,1150,,
170318221024,745,,
170318222001,1928,,
170318222002,1081,,
170318222003,920,,
170318223011,1119,,
170318223012,1009,,
170318223013,869,,
170318223014,1091,,
170318223021,1357,,
170318223022,832,,
170318223023,1166,,
170318223024,1092,,
170318224001,1478,,
170318224002,1876,,
170318224003,2192,,
170318224004,816,,
170318225001,998,,
170318225002,910,,
170318225003,1230,,
170318225004,1358,,
170318226011,1696,,
170318226012,2054,,
170318226013,1043,,
170318226021,1492,,
170318226022,2881,,
170318226023,899,,
170318226024,2024,,
170318227011,1468,,
170318227012,1329,,
170318227013,819,,
170318227014,822,,
170318227021,2300,,
170318227022,718,,
170318227023,810,,
170318228011,2014,,
170318228012,1244,,
170318228021,1707,,
170318228022,1004,,
170318228023,958,,
170318229001,2078,,
170318230011,1798,,
170318230012,1068,,
170318230013,890,,
170318230014,1030,,
170318230015,1838,,
170318230021,1409,,
170318230022,1204,,
170318230023,1914,,
170318230024,1479,,
170318231011,1091,,
170318231012,876,,
170318231013,655,,
170318231014,864,,
170318231015,1029,,
170318231021,2101,,
170318231022,1541,,
170318232001,2118,,
170318232002,2657,,
170318233021,1706,,
170318233022,2236,,
170318233023,1797,,
170318233031,816,,
170318233032,860,,
170318233033,886,,
170318233034,840,,
170318233035,1179,,
170318233041,581,,
170318233042,1056,,
170318233043,889,,
170318233044,1002,,
170318233045,835,,
170318233046,1509,,
170318234001,1047,,
170318234002,1335,,
170318234003,756,,
170318234004,1754,,
170318235001,1209,,
170318235002,1273,,
170318235003,1079,,
170318235004,740,,
170318236021,1513,,
170318236022,1344,,
170318236023,1922,,
170318236024,1430,,
170318236031,1287,,
170318236032,734,,
170318236041,727,,
170318236042,820,,
170318236043,1962,,
170318236051,1642,,
170318236052,1573,,
170318236053,962,,
170318237021,2115,,
170318237022,2172,,
170318237023,1932,,
170318237024,831,,
170318237031,1405,,
170318237032,2507,,
170318237033,2207,,
170318237034,2540,,
170318237041,1161,,
170318237042,1783,,
170318237043,1247,,
170318237051,1397,,
170318237052,758,,
170318237053,853,,
170318237054,1658,,
170318238011,2841,,
170318238012,2151,,
170318238013,881,,
170318238031,2299,,
170318238032,1291,,
170318238033,2108,,
170318238034,1448,,
170318238051,1220,,
170318238052,591,,
170318238053,1378,,
170318238061,1127,,
170318238062,931,,
170318238063,869,,
170318238064,920,,
170318239011,2079,,
170318239012,1436,,
170318239031,1370,,
170318239032,983,,
170318239033,1014,,
170318239034,1290,,
170318239041,687,,
170318239042,843,,
170318239043,822,,
170318239044,1691,,
170318240031,2484,,
170318240032,2333,,
170318240033,1425,,
170318240041,2591,,
170318240042,1726,,
170318240043,1057,,
170318240051,2006,,
170318240052,1892,,
170318240053,2035,,
170318240061,2740,,
170318240062,2356,,
170318241051,2797,,
170318241052,1420,,
170318241053,1081,,
170318241054,1999,,
170318241061,2158,,
170318241062,2364,,
170318241063,2499,,
170318241071,818,,
170318241072,1223,,
170318241073,2218,,
170318241074,2488,,
170318241131,1182,,
170318241132,1674,,
170318241133,2313,,
170318241134,1153,,
170318241141,3274,,
170318241142,2025,,
170318241151,1812,,
170318241152,2031,,
170318241161,1837,,
170318241162,721,,
170318241163,1469,,
170318241164,1217,,
170318241191,1748,,
170318241192,1395,,
170318241193,2313,,
170318241211,1770,,
170318241212,1368,,
170318241221,1731,,
170318241222,2494,,
170318241223,1984,,
170318241231,1096,,
170318241232,2203,,
170318241233,2137,,
170318241234,1262,,
170318241235,1055,,
170318241241,1453,,
170318241242,2226,,
170318241251,2250,,
170318241252,1848,,
170318241261,2277,,
170318241262,3674,,
170318241271,1830,,
170318241272,1876,,
170318241281,1797,,
170318241282,2841,,
170318241291,2353,,
170318241292,2004,,
170318243001,1175,,
170318243002,2049,,
170318243003,1275,,
170318244001,2007,,
170318245031,865,,
170318245032,1321,,
170318245033,1161,,
170318245034,1911,,
170318245035,1622,,
170318245051,1856,,
170318245052,2297,,
170318245053,854,,
170318245054,1776,,
170318245071,2301,,
170318245072,1835,,
170318245081,2056,,
170318245082,1643,,
170318245091,947,,
170318245092,939,,
170318245093,2268,,
170318246011,1174,,
170318246012,1111,,
170318246013,726,,
170318246014,1381,,
170318246021,1436,,
170318246022,1564,,
170318246023,1534,,
170318246024,701,,
170318246025,1010,,
170318247011,1833,,
170318247012,1037,,
170318247013,912,,
170318247021,1390,,
170318247022,1665,,
170318247023,2398,,
170318248001,1665,,
170318248002,2013,,
170318248003,1712,,
170318248004,1788,,
170318249001,1324,,
170318249002,1920,,
170318250001,1741,,
170318250002,1449,,
170318250003,1576,,
170318252001,690,,
170318252002,1326,,
170318253021,1763,,
170318253022,1931,,
170318253023,2244,,
170318253031,1423,,
170318253032,1022,,
170318253033,602,,
170318253034,738,,
170318253041,1848,,
170318253042,2075,,
170318254001,1592,,
170318254002,2377,,
170318254003,1368,,
170318255011,923,,
170318255012,2567,,
170318255013,2276,,
170318255031,780,,
170318255032,1221,,
170318255033,1203,,
170318255034,1521,,
170318255035,1815,,
170318255041,1858,,
170318255042,1733,,
170318255051,1489,,
170318255052,1044,,
170318255053,1187,,
170318255054,1644,,
170318256001,1350,,
170318256002,1792,,
170318256003,1347,,
170318256004,649,,
170318257001,794,,
170318257002,2016,,
170318257003,1236,,
170318258011,692,,
170318258012,1705,,
170318258013,1172,,
170318258021,1942,,
170318258022,1872,,
170318258023,2048,,
170318258031,1453,,
170318258032,842,,
170318258033,972,,
170318258034,1163,,
170318258035,1478,,
170318259001,1071,,
170318259002,1148,,
170318259003,1077,,
170318260001,644,,
170318260002,1038,,
170318260003,978,,
170318261001,1029,,
170318261002,773,,
170318261003,1196,,
170318261004,892,,
170318261005,845,,
170318261006,1196,,
170318262011,654,,
170318262012,793,,
170318262013,1100,,
170318262014,1297,,
170318262021,1598,,
170318262022,725,,
170318262023,1402,,
170318262024,599,,
170318262025,1386,,
170318263011,1352,,
170318263012,1462,,
170318263013,1109,,
170318263031,885,,
170318263032,836,,
170318263033,1035,,
170318263034,1312,,
170318263041,967,,
170318263042,823,,
170318263043,1084,,
170318264011,1821,,
170318264012,1904,,
170318264021,901,,
170318264022,886,,
170318264023,1298,,
170318264024,945,,
170318264025,698,,
170318265001,1731,,
170318265002,766,,
170318265003,1476,,
170318265004,1641,,
170318266001,973,,
170318266002,1023,,
170318266003,1319,,
170318266004,693,,
170318266005,587,,
170318267001,1233,,
170318267002,1561,,
170318267003,841,,
170318267004,938,,
170318268001,1081,,
170318268002,1614,,
170318268003,1050,,
170318268004,851,,
170318269011,1462,,
170318269021,502,,
170318269022,753,,
170318270001,1209,,
170318270002,801,,
170318270003,958,,
170318271001,753,,
170318271002,741,,
170318271003,771,,
170318272001,1505,,
170318272002,674,,
170318272003,797,,
170318272004,717,,
170318273001,475,,
170318273002,771,,
170318273003,1031,,
170318274001,563,,
170318274002,985,,
170318274003,691,,
170318274004,991,,
170318275001,1298,,
170318275002,2144,,
170318275003,1023,,
170318276001,835,,
170318276002,1581,,
170318276003,596,,
170318277001,1530,,
170318277002,922,,
170318278011,1322,,
170318278012,1971,,
170318278013,1352,,
170318278021,1555,,
170318278022,1759,,
170318278041,1285,,
170318278042,804,,
170318278043,1060,,
170318278051,962,,
170318278052,1227,,
170318278053,764,,
170318279011,819,,
170318279012,1602,,
170318279021,1130,,
170318279022,1319,,
170318279023,1218,,
170318279024,891,,
170318280001,1266,,
170318280002,1014,,
170318280003,1688,,
170318280004,1443,,
170318281001,947,,
170318281002,1414,,
170318281003,989,,
170318281004,979,,
170318281005,754,,
170318282011,2497,,
170318282012,912,,
170318282013,1082,,
170318282021,1244,,
170318282022,1079,,
170318282023,1294,,
170318282024,973,,
170318283001,1805,,
170318283002,1558,,
170318284011,848,,
170318284012,976,,
170318284013,691,,
170318284014,1083,,
170318284021,1040,,
170318284022,1580,,
170318284023,1068,,
170318285031,1309,,
170318285032,1378,,
170318285033,734,,
170318285034,901,,
170318285041,2193,,
170318285042,1122,,
170318285043,831,,
170318285044,1328,,
170318285051,981,,
170318285052,943,,
170318285053,773,,
170318285054,1182,,
170318285055,2803,,
170318285071,1095,,
170318285072,2904,,
170318285081,962,,
170318285082,829,,
170318285083,1258,,
170318285084,1581,,
170318286011,910,,
170318286012,1111,,
170318286013,789,,
170318286014,1388,,
170318286021,1956,,
170318286022,2710,,
170318287011,879,,
170318287012,1143,,
170318287013,957,,
170318287014,801,,
170318287021,1350,,
170318287022,1723,,
170318287023,1669,,
170318288011,972,,
170318288012,845,,
170318288013,1511,,
170318288014,853,,
170318288015,941,,
170318288021,1061,,
170318288022,1062,,
170318288023,859,,
170318289001,1789,,
170318289002,691,,
170318289003,919,,
170318290001,425,,
170318290002,457,,
170318291001,1754,,
170318291002,1758,,
170318292001,1066,,
170318292002,1570,,
170318292003,1628,,
170318292004,1283,,
170318293011,1548,,
170318293012,2383,,
170318293021,990,,
170318293022,1283,,
170318293023,1360,,
170318294011,1049,,
170318294021,888,,
170318294022,966,,
170318294023,1234,,
170318295001,2352,,
170318295002,790,,
170318295003,859,,
170318296001,1299,,
170318296002,792,,
170318296003,944,,
170318297001,632,,
170318297002,967,,
170318297003,1745,,
170318298001,2262,,
170318298002,835,,
170318298003,768,,
170318298004,1360,,
170318298005,1666,,
170318299021,1194,,
170318299022,1912,,
170318299023,2231,,
170318299024,1120,,
170318299031,2122,,
170318299032,841,,
170318299033,1566,,
170318299041,2201,,
170318299042,586,,
170318299043,1381,,
170318300011,780,,
170318300012,1652,,
170318300031,1730,,
170318300032,1447,,
170318300033,2069,,
170318300034,2394,,
170318300041,1415,,
170318300042,1312,,
170318300043,2115,,
170318300044,2687,,
170318300051,1994,,
170318300052,1774,,
170318300061,1574,,
170318300062,952,,
170318300071,1148,,
170318300072,2254,,
170318300073,1236,,
170318300081,2215,,
170318300082,851,,
170318300083,1276,,
170318301001,2162,,
170318301002,1135,,
170318302011,1640,,
170318302012,2157,,
170318302013,1308,,
170318302021,2020,,
170318302022,1357,,
170318303001,1349,,
170318303002,1354,,
170318303003,1621,,
170318303004,1045,,
170318304001,624,,
170318304002,839,,
170318304003,2038,,
170318304004,590,,
170318305001,1541,87,88
170318305002,1804,82,84
170318305003,1065,86,87
170318306001,1080,77,81
170318306002,1746,68,80
170318306003,1275,75,80
170318306004,834,67,80
170318307001,820,64,64
170318307002,749,66,66
170318307003,1257,66,66
170318307004,1180,66,66
170318308001,993,59,60
170318308002,535,60,60
170318308003,877,58,58
170318309001,1276,47,47
170318309002,1169,47,48
170318309003,631,46,48
170318310001,1122,45,45
170318310002,1511,49,50
170318311001,1177,37,37
170318311002,1374,39,39
170318311003,1834,41,41
170318311004,2312,42,42
170318312001,724,55,55
170318312002,2131,56,62
170318312003,1977,56,56
170318313001,1251,47,65
170318314001,591,65,75
170318314002,2229,75,75
170318315001,2598,57,57
170318315002,1823,44,62
170318316001,1398,51,54
170318316002,1334,49,53
170318316003,1187,46,46
170318316004,1840,39,58
170318316005,1257,45,57
170318316006,729,42,50
170318317001,2237,41,41
170318318001,905,48,48
170318318002,763,45,45
170318318003,1295,52,52
170318318004,1096,46,46
170318318005,1809,48,48
170318319001,1546,58,59
170318319002,1494,56,57
170318320001,2062,63,63
170318321001,1544,65,65
170318321002,1004,63,63
170318321003,862,62,62
170318322001,880,53,53
170318322002,1709,48,48
170318322003,700,47,47
170318323001,2054,50,51
170318324001,1905,45,45
170318324002,1696,39,39
170318325001,1302,55,55
170318325002,2032,60,60
170318326001,866,60,60
170318326002,1170,60,61
170318326003,2111,63,63
170318329001,1171,64,64
170318329002,824,67,67
170318330001,3065,57,57
170318330002,2572,63,63
170318331001,1972,65,65
170318331002,2371,63,63
170318331003,2578,62,62
170318331004,2572,59,59
170318333001,2912,64,64
170318339001,1257,,
170318339002,1076,,
170318340001,2801,,
170318340002,808,89,89
170318342001,1411,,
170318342002,1064,,
170318342003,1459,,
170318342004,759,,
170318343001,1253,,
170318343002,1647,,
170318343003,551,,
170318343004,611,,
170318343005,1089,,
170318343006,1089,,
170318344001,799,86,
170318344002,1360,84,
170318344003,1606,87,
170318345001,1765,81,86
170318346001,1196,81,81
170318346002,1161,81,82
170318347001,480,87,87
170318347002,589,89,89
170318347003,690,85,85
170318348001,484,88,88
170318348002,829,85,85
170318348003,440,86,86
170318349001,579,,
170318349002,1373,,
170318350001,1137,,
170318350002,1065,,
170318350003,1553,,
170318350004,1618,,
170318350005,1025,,
170318351001,1477,,
170318351002,1376,,
170318351003,1180,,
170318351004,1552,,
170318352001,2038,,
170318355001,704,79,79
170318355002,880,76,76
170318356001,420,77,77
170318356002,478,76,76
170318358001,1698,76,76
170318360001,819,79,79
170318360002,731,81,82
170318360003,788,82,84
170318361001,696,81,81
170318361002,1197,80,80
170318362001,2178,84,87
170318363001,639,85,86
170318363002,853,85,87
170318364001,1385,72,85
170318364002,1036,73,86
170318364003,1200,75,86
170318365001,764,76,82
170318365002,763,70,83
170318366001,1399,50,61
170318366002,1530,50,58
170318367001,1435,53,61
170318367002,1046,59,62
170318368001,897,64,64
170318368002,1748,64,64
170318369001,627,65,67
170318369002,812,66,67
170318370001,1090,70,70
170318370002,952,66,66
170318371001,642,64,65
170318371002,1010,63,63
170318373001,1275,68,73
170318373002,1214,68,70
170318374001,873,67,67
170318374002,1117,69,69
170318378001,1605,61,61
170318378002,1232,62,62
170318380001,940,65,65
170318380002,1711,67,67
170318381001,18,65,65
170318381002,1803,60,60
170318382001,1253,71,69
170318382002,422,71,70
170318383001,1230,62,62
170318383002,1350,61,61
170318386001,742,69,76
170318386002,776,74,74
170318387001,1798,77,79
170318387002,1051,78,81
170318387003,643,75,81
170318387004,640,74,77
170318388001,595,,
170318388002,2507,,
170318390001,3869,57,57
170318390002,4290,62,62
170318390003,1334,58,58
170318390004,942,56,56
170318391001,5019,50,50
170318391002,3215,52,52
170318392001,1127,75,75
170318392002,1622,76,76
170318395001,1590,77,78
170318396001,736,79,80
170318396002,993,78,79
170318397001,1339,80,80
170318397002,1445,77,77
170318397003,1761,79,79
170318398001,739,78,78
170318398002,1186,79,79
170318398003,761,77,77
170318399001,627,76,76
170318399002,1644,79,79
170318399003,848,78,78
170318399004,702,79,79
170318399005,610,79,79
170318400001,1830,77,77
170318400002,1171,76,76
170318401001,1059,78,79
170318401002,1970,81,82
170318402001,2497,78,79
170318403001,1089,79,80
170318403002,1103,80,81
170318403003,2004,77,78
170318404001,1438,78,79
170318404002,1931,80,81
170318407001,893,72,72
170318407002,1276,76,76
170318407003,1731,71,71
170318408001,2147,82,87
170318408002,1185,85,89
170318410001,1136,72,73
170318411001,1650,66,66
170318411002,2268,67,67
170318411003,2002,69,71
170318411004,1436,64,64
170318412001,1287,72,74
170318412002,1831,68,70
170318412003,1755,71,74
170318413001,990,75,76
170318413002,1696,74,74
170318413003,798,76,76
170318413004,689,78,78
170318415001,1447,70,74
170318415002,1457,74,77
170318417001,1509,75,75
170318418001,689,,
170318418002,1715,89,
170318419001,2679,59,59
170318419002,3821,64,66
170318420001,901,76,76
170318420002,1689,73,73
170318421001,1294,58,70
170318421002,1071,61,71
170318421003,1019,62,67
170318421004,1164,58,64
170318421005,1137,63,64
170318421006,965,62,66
170318422001,4212,56,57
170318423001,1502,45,45
170318423002,2027,49,49
170318424001,438,83,89
170318424002,2603,86,86
170318425001,2644,,
170318426001,1411,86,86
170318426002,909,,
170318426003,881,86,86
170318426004,1044,84,84
170318428001,1212,89,
170318428002,1414,89,89
170318428003,1135,89,
170318428004,1116,85,86
170318428005,1338,,
170318428006,1422,,
170318429001,2480,76,76
170318430001,1694,71,74
170318430002,1186,73,79
170318431001,1046,70,77
170318431002,701,74,75
170318432001,1352,74,74
170318432002,1070,73,73
170318433001,1572,74,74
170318434001,1524,80,80
170318435001,6030,87,87
170318436001,1504,86,87
170318436002,1585,84,85
170318437001,1169,52,52
170318437002,1375,50,50
170318438001,1158,83,83
170318438002,842,86,86
170318439001,928,85,
170318439002,487,80,
170318439003,743,87,87
170318439004,658,89,89
170318439005,850,86,86
170318446001,1776,80,80
170318447001,692,77,77
170318447002,705,74,74
170318447003,945,75,75
170319801001,18,,
170438400001,1616,,
170438400002,1219,,
170438401011,1187,,
170438401012,1588,,
170438401013,1447,,
170438401014,1458,75,75
170438401021,1552,,
170438401022,1538,,
170438401023,1644,,
170438401031,1491,,
170438401032,1920,,
170438401033,1370,,
170438401034,1659,,
170438401041,1376,,
170438401042,1127,,
170438401043,1004,,
170438401044,1116,,
170438401045,1408,,
170438402011,2251,,
170438402012,2320,,
170438402013,1777,,
170438402021,1310,,
170438402022,1175,,
170438402023,1239,,
170438402024,1341,,
170438403031,1262,,
170438403032,2335,,
170438403041,1686,,
170438403042,995,,
170438403043,946,,
170438406001,1373,83,83
170438406002,1650,,
170438406003,2045,,
170438407031,2070,,
170438407032,2225,,
170438407041,1118,,
170438407042,2099,,
170438407051,2339,,
170438407052,1420,,
170438407061,1690,,
170438407062,1680,,
170438408011,1781,70,70
170438408012,840,88,
170438408021,1053,,
170438408022,1052,,
170438408023,1319,66,66
170438408024,1050,,
170438408025,1392,72,72
170438409011,1890,,
170438409012,1943,,
170438409041,1326,,
170438409042,935,,
170438409043,1349,,
170438409061,1304,,
170438409062,1666,,
170438409071,1810,,
170438409072,856,,
170438409073,1992,,
170438409081,1373,,
170438409082,1595,,
170438409083,1452,,
170438409101,1106,,
170438409102,1143,,
170438409103,1263,,
170438409104,1406,,
170438409111,1136,,
170438409112,1989,,
170438410021,2174,,
170438410022,1147,,
170438410031,1748,,
170438410032,1883,,
170438410041,1592,,
170438410042,1888,,
170438411021,1537,,
170438411022,1307,,
170438411023,1259,,
170438411024,1684,,
170438411031,1452,,
170438411032,2323,,
170438411041,956,,
170438411042,914,,
170438411043,1136,,
170438411044,1405,,
170438411081,1463,,
170438411082,1183,,
170438411083,1943,,
170438411091,986,,
170438411092,1969,,
170438411093,1102,,
170438411101,1215,,
170438411102,1191,,
170438411103,1072,,
170438411111,1897,,
170438411112,1754,,
170438411121,1802,,
170438411122,1310,,
170438411131,1679,,
170438411132,2207,,
170438411141,1683,,
170438411142,2793,,
170438412041,1154,,
170438412042,1056,,
170438412043,1397,,
170438412044,1451,,
170438412045,916,,
170438412051,1676,,
170438412052,1665,,
170438412053,1165,,
170438412061,1739,,
170438412062,1551,,
170438412063,971,,
170438412064,1616,,
170438412071,1635,,
170438412072,1310,,
170438412081,1996,,
170438412082,1486,,
170438412083,1566,,
170438412091,2063,,
170438412092,1889,,
170438412101,1197,,
170438412102,2127,,
170438412103,1061,,
170438413071,1207,,
170438413072,1696,,
170438413073,1220,,
170438413074,1676,,
170438413081,1073,,
170438413082,1380,,
170438413083,1575,,
170438413101,2647,,
170438413102,865,,
170438413121,1646,,
170438413122,2149,,
170438413131,2872,,
170438413141,1421,,
170438413142,1280,,
170438413143,1046,,
170438413144,1333,,
170438413145,1208,,
170438413151,1710,,
170438413152,1661,,
170438413161,1750,,
170438413162,1805,,
170438413181,1431,,
170438413182,1404,,
170438413201,1369,,
170438413202,1244,,
170438413211,2391,,
170438413221,1597,,
170438413222,1263,,
170438413223,1466,,
170438413231,1744,,
170438413232,1358,,
170438413241,1338,,
170438413242,1345,,
170438413251,1225,,
170438413252,1053,,
170438413253,1691,,
170438413254,1566,,
170438413261,1755,,
170438413262,1601,,
170438413271,1564,,
170438413272,1348,,
170438413273,1454,,
170438414011,2008,,
170438414012,1807,,
170438414013,1860,,
170438414014,1219,,
170438414031,1244,,
170438414032,1125,,
170438414033,1530,,
170438414041,1404,,
170438414042,1819,,
170438415011,1237,,
170438415012,1908,,
170438415013,2782,,
170438415031,1581,,
170438415032,2019,,
170438415041,1429,,
170438415042,1541,,
170438416031,1165,,
170438416032,1914,,
170438416033,1630,,
170438416041,2146,,
170438416042,2023,,
170438416051,1114,,
170438416052,1101,,
170438416053,1337,,
170438416061,2065,,
170438416071,1535,,
170438416072,1441,,
170438416073,1908,,
170438417041,1419,,
170438417042,1811,,
170438417043,1379,,
170438417051,1277,,
170438417052,1329,,
170438417053,985,,
170438417054,2267,,
170438417061,2554,,
170438417062,2010,,
170438417071,1523,,
170438417072,1782,,
170438417081,1640,,
170438417082,2074,,
170438417083,880,,
170438418011,1499,,
170438418012,1926,,
170438418013,1880,,
170438418021,2082,,
170438418022,1799,,
170438418023,1634,,
170438419011,1256,,
170438419012,1211,,
170438419021,1409,,
170438419022,2679,,
170438420001,1329,,
170438420002,1470,,
170438420003,1601,,
170438421001,1217,,
170438421002,1444,,
170438421003,2148,,
170438421004,1082,,
170438422001,1854,,
170438422002,1167,,
170438422003,1710,,
170438423001,1211,,
170438423002,1246,,
170438423003,1127,,
170438424001,1564,,
170438424002,1195,,
170438424003,1363,,
170438424004,940,,
170438425001,1575,,
170438425002,756,,
170438425003,1247,,
170438426011,1675,,
170438426012,1124,,
170438426013,1308,,
170438426021,1416,,
170438426022,1152,,
170438426023,1767,,
170438426031,1591,,
170438426032,2768,,
170438426041,1019,,
170438426042,1290,,
170438426043,1185,,
170438426044,889,,
170438426051,1788,,
170438426052,1234,,
170438426053,1267,,
170438427021,1064,,
170438427022,1639,,
170438427023,1776,,
170438427031,1419,,
170438427032,1131,,
170438427033,1489,,
170438427041,1759,,
170438427042,1200,,
170438427043,977,,
170438427044,1279,,
170438427061,1530,,
170438427062,1397,,
170438427063,1860,,
170438427081,986,,
170438427082,1565,,
170438427091,1096,,
170438427092,1337,,
170438427093,1038,,
170438427101,1118,,
170438427102,1045,,
170438427103,1642,,
170438427111,1464,,
170438427112,1346,,
170438428001,1243,78,78
170438428002,1115,,
170438428003,1379,88,88
170438428004,1044,84,84
170438429001,2276,78,78
170438429002,2110,80,81
170438429003,1636,81,82
170438430001,1253,,
170438430002,1682,,
170438430003,1152,,
170438431001,1162,88,
170438431002,1251,,
170438431003,1557,,
170438432001,1048,,
170438432002,1397,,
170438432003,1570,,
170438432004,1320,,
170438433011,1161,,
170438433012,1399,,
170438433013,1460,,
170438433021,1649,,
170438433022,1310,,
170438434001,1169,,
170438434002,1274,,
170438434003,1049,,
170438435001,1905,,
170438435002,1564,,
170438435003,703,,
170438435004,1356,,
170438436011,1442,,
170438436012,968,,
170438436013,1016,,
170438436021,1530,,
170438436022,1576,,
170438437001,1317,,
170438437002,1553,,
170438437003,1503,,
170438438001,1956,,
170438438002,1477,,
170438439001,1177,88,88
170438439002,1377,,
170438439003,1662,,
170438440011,1808,,
170438440012,1908,,
170438440021,1135,89,89
170438440022,1715,,
170438440023,1355,84,84
170438441001,1513,,
170438441002,1270,,
170438441003,1294,,
170438442011,879,,
170438442012,1883,,
170438442013,1845,,
170438442014,1215,,
170438442021,1519,,
170438442022,1222,,
170438443041,1728,,
170438443042,1053,,
170438443043,1296,,
170438443051,1423,,
170438443052,1441,,
170438443053,1098,,
170438443061,3039,,
170438443062,1341,,
170438443063,1576,,
170438443071,1378,,
170438443072,775,,
170438443073,1596,,
170438443081,2383,,
170438443091,912,,
170438443092,1478,,
170438443101,606,,
170438443102,1811,,
170438444011,1600,,
170438444012,1050,,
170438444013,1425,,
170438444021,1255,,
170438444022,1197,,
170438444023,1217,,
170438444024,1001,,
170438445011,1667,,
170438445012,1610,,
170438445021,1485,,
170438445022,1762,,
170438446011,1305,,
170438446012,1715,,
170438446013,607,,
170438446021,1702,,
170438446022,1351,89,89
170438446023,2233,,
170438447011,959,,
170438447012,1019,,
170438447013,1119,,
170438447014,1168,,
170438447021,1768,,
170438447022,1440,,
170438447023,1291,,
170438447024,1102,,
170438448011,1334,,
170438448012,1664,,
170438448013,1378,,
170438448021,1520,,
170438448022,1952,,
170438449011,2029,,
170438449012,1687,,
170438449021,1163,,
170438449022,1448,,
170438449023,1618,,
170438450001,1160,,
170438450002,1374,,
170438450003,1557,,
170438450004,1367,,
170438451001,1427,,
170438451002,2097,,
170438451003,1277,,
170438451004,1721,,
170438452001,1412,,
170438452002,1581,,
170438452003,1854,,
170438453001,1635,,
170438453002,1531,,
170438454011,1614,,
170438454012,955,,
170438454013,1087,,
170438454021,1120,,
170438454022,1940,,
170438455021,1239,,
170438455022,1082,,
170438455023,697,,
170438455024,1670,,
170438455025,725,,
170438455051,1084,,
170438455052,1860,,
170438455053,1122,,
170438455061,1682,,
170438455062,2313,,
170438455071,1696,,
170438455072,1727,,
170438455081,2006,,
170438455082,1747,,
170438455091,1545,,
170438455092,1789,,
170438455101,1270,,
170438455102,2038,,
170438456011,1904,,
170438456012,1241,,
170438456013,1209,,
170438456021,1474,,
170438456022,1817,,
170438456023,1674,,
170438457011,1693,,
170438457012,1037,,
170438457013,1205,,
170438457021,1011,,
170438457022,1511,,
170438457023,1420,,
170438457024,897,,
170438457031,889,,
170438457032,912,,
170438457033,1062,,
170438457034,1719,,
170438457041,1314,,
170438457042,1752,,
170438457043,1830,,
170438458021,1371,,
170438458022,1001,,
170438458023,1317,,
170438458031,2304,,
170438458032,2108,,
170438458033,1237,,
170438458051,1427,,
170438458052,912,,
170438458053,1806,,
170438458071,1065,,
170438458072,1263,,
170438458073,1354,,
170438458074,1276,,
170438458075,1142,,
170438458081,1737,,
170438458082,2131,,
170438458091,955,,
170438458092,932,,
170438458093,2487,,
170438458101,1515,,
170438458102,1433,,
170438458103,1119,,
170438458111,1674,,
170438458112,2217,,
170438459011,1509,,
170438459012,1909,,
170438459021,1623,,
170438459022,1866,,
170438460021,1536,,
170438460022,1331,,
170438460023,1870,,
170438460031,1069,,
170438460032,1282,,
170438460033,1002,,
170438460034,1137,,
170438460041,883,,
170438460042,1819,,
170438460043,1054,,
170438461021,854,,
170438461022,1944,,
170438461023,1808,,
170438461031,1510,,
170438461032,1321,,
170438461033,1073,,
170438461034,1353,,
170438461041,1482,,
170438461042,2877,,
170438461051,1218,,
170438461052,1140,,
170438461053,1141,,
170438461061,2376,,
170438461062,1263,,
170438462011,1492,,
170438462012,1085,,
170438462013,1513,,
170438462014,1765,,
170438462021,1818,,
170438462022,1817,,
170438462023,1695,,
170438462024,1096,,
170438462031,1597,,
170438462032,1538,,
170438462033,1248,,
170438462051,1066,,
170438462052,1297,,
170438462053,1345,,
170438462061,1089,,
170438462062,1862,,
170438462063,1293,,
170438462071,1444,,
170438462072,1105,,
170438462073,1361,,
170438462074,1435,,
170438462081,1545,,
170438462082,1634,,
170438462091,1849,,
170438462092,2318,,
170438463041,1023,,
170438463042,1910,,
170438463043,1055,,
170438463044,945,,
170438463045,1325,,
170438463051,1441,,
170438463052,1716,,
170438463053,1386,,
170438463054,1144,,
170438463071,1527,,
170438463072,1881,,
170438463073,1344,,
170438463081,2213,,
170438463082,1612,,
170438463101,2741,,
170438463102,1810,,
170438463111,1019,,
170438463112,1931,,
170438463113,2282,,
170438463121,1510,,
170438463122,1639,,
170438463123,1357,,
170438463131,1479,,
170438463132,847,,
170438463133,1592,,
170438463134,1103,,
170438463141,1724,,
170438463142,1608,,
170438463151,1214,,
170438463152,1187,,
170438463153,1825,,
170438464041,1368,,
170438464042,1524,,
170438464043,1612,,
170438464044,1631,,
170438464051,2072,,
170438464052,1827,,
170438464081,2384,,
170438464082,1907,,
170438464091,2089,,
170438464092,2440,,
170438464101,2131,,
170438464102,1867,,
170438464103,1073,,
170438464111,1003,,
170438464112,2363,,
170438464113,1946,,
170438464121,1203,,
170438464122,1150,,
170438464123,2373,,
170438464131,1845,,
170438464132,1863,,
170438465041,1476,,
170438465042,1686,,
170438465043,1329,,
170438465044,1859,,
170438465071,1269,,
170438465072,1897,,
170438465091,1085,,
170438465092,1598,,
170438465093,3193,,
170438465101,1752,,
170438465102,1519,,
170438465111,1967,,
170438465112,1610,,
170438465113,1888,,
170438465114,1100,,
170438465131,1562,,
170438465132,1204,,
170438465141,1417,,
170438465142,2742,,
170438465151,1237,,
170438465152,1218,,
170438465153,1268,,
170438465154,1697,,
170438465171,1457,,
170438465172,2326,,
170438465173,2333,,
170438465181,1070,,
170438465182,1171,,
170438465183,1407,,
170438465191,1194,,
170438465192,1997,,
170438465211,1073,,
170438465212,1177,,
170438465213,1279,,
170438465214,1507,,
170438465221,1692,,
170438465222,2354,,
170438465231,1372,,
170438465232,1403,,
170438465241,1415,,
170438465242,1275,,
170438465243,2019,,
170438466031,1151,,
170438466032,1496,,
170438466033,1423,,
170438466041,1600,,
170438466042,979,,
170438466043,1118,,
170438467011,2065,,
170438467012,1060,,
170438467013,1034,,
170438467021,1165,,
170438467022,1314,,
170438467023,1393,,
170898501011,2180,,
170898501012,2012,,
170898501013,1093,,
170898501014,1323,,
170898501031,1606,,
170898501032,1284,,
170898501033,3144,,
170898501051,2406,,
170898501052,1965,,
170898501053,790,,
170898501054,1734,,
170898501061,1331,,
170898501062,966,,
170898501063,2259,,
170898501064,2191,,
170898501065,1054,,
170898502011,2723,,
170898502012,1433,,
170898502021,1314,,
170898502022,2769,79,79
170898502023,2740,,
170898503011,1982,,
170898503012,2468,,
170898503013,961,,
170898503014,2256,,
170898503021,2525,,
170898503022,2263,,
170898504001,1517,,
170898504002,1036,,
170898505001,843,,
170898505002,948,,
170898505003,1066,,
170898505004,1097,,
170898506001,2934,,
170898506002,2915,,
170898506003,1594,,
170898507031,1483,,
170898507032,645,,
170898507041,1423,,
170898507042,612,,
170898507043,1323,,
170898507044,1558,,
170898507051,3922,,
170898507052,1504,,
170898507053,3624,,
170898507061,1922,,
170898507071,2954,,
170898507072,5421,,
170898507081,1899,,
170898507082,2574,,
170898507091,3862,,
170898507101,2664,,
170898507102,4597,,
170898507111,1408,,
170898507112,3400,,
170898508001,884,63,63
170898508002,1262,81,81
170898508003,1598,76,76
170898508004,1084,78,78
170898508005,1163,78,78
170898508006,977,81,81
170898510001,2710,,
170898510002,2568,89,89
170898510003,1415,,
170898511011,1016,81,81
170898511012,1395,72,72
170898511013,771,82,82
170898511014,1195,76,76
170898511021,1378,76,76
170898511022,1006,86,86
170898511023,1326,82,82
170898513011,1005,76,76
170898513012,1861,77,77
170898513013,977,76,76
170898513021,1507,78,78
170898513022,1696,77,77
170898514001,1141,,
170898514002,1421,77,77
170898514003,1029,79,79
170898514004,1231,79,79
170898514005,1148,86,86
170898514006,836,,
170898515001,1049,,
170898516001,2015,73,73
170898516002,1041,81,81
170898516003,931,,
170898516004,1367,87,87
170898516005,1269,80,80
170898518011,2668,,
170898518012,2293,,
170898518013,1112,,
170898518014,2306,,
170898519041,1811,84,84
170898519042,1721,84,84
170898519043,2187,,
170898519044,2035,,
170898519071,803,,
170898519072,1362,,
170898519073,2147,,
170898519074,1159,,
170898519075,2450,,
170898519081,1958,,
170898519082,1391,88,88
170898519083,1772,,
170898519091,695,,
170898519092,942,,
170898519093,2730,,
170898519101,1092,,
170898519102,1512,,
170898519103,1323,86,86
170898519111,3129,,
170898519112,2188,,
170898519121,1883,,
170898519122,1475,,
170898519131,1852,,
170898519132,1280,,
170898519133,2536,,
170898520011,816,,
170898520012,1112,,
170898520013,1863,,
170898520014,701,,
170898520021,1572,,
170898520022,951,,
170898520023,1885,,
170898520024,2314,,
170898520041,1037,,
170898520042,1874,,
170898520051,2319,,
170898520052,2583,,
170898521011,1358,,
170898521012,803,,
170898521013,1255,,
170898521014,936,,
170898521015,2663,,
170898521031,817,,
170898521032,1229,,
170898521033,1866,,
170898521034,1280,,
170898521035,1334,,
170898521041,1455,,
170898521042,1531,,
170898522011,1521,,
170898522012,941,,
170898522013,983,,
170898522014,1387,,
170898522031,1479,,
170898522032,1304,,
170898522033,2214,,
170898522041,2822,,
170898522042,1645,,
170898523001,971,,
170898523002,1081,,
170898524031,1403,,
170898524032,765,,
170898524033,1178,,
170898524034,586,,
170898524035,1179,,
170898524041,1084,,
170898524042,1461,,
170898524051,894,,
170898524052,2218,,
170898524061,2056,,
170898524062,818,,
170898524071,924,,
170898524072,1721,,
170898524073,868,,
170898524081,1895,,
170898524082,2859,,
170898525001,1296,,
170898525002,722,,
170898525003,951,,
170898525004,2183,,
170898525005,1348,,
170898526061,2331,,
170898526062,2253,,
170898526071,2893,,
170898526072,718,,
170898526081,1036,,
170898526082,1518,,
170898526083,1149,,
170898527001,836,,
170898527002,656,,
170898527003,950,,
170898527004,1316,,
170898527005,812,,
170898527006,2516,,
170898528031,2822,,
170898528032,2170,,
170898528051,2548,,
170898528052,948,,
170898528053,2056,,
170898528061,784,,
170898528062,2866,,
170898528063,1478,,
170898528064,1686,,
170898528071,1745,,
170898528072,1252,,
170898528073,900,,
170898528081,2390,,
170898528082,1635,,
170898528083,1540,,
170898528084,1457,,
170898529031,1548,,
170898529032,1098,,
170898529033,965,,
170898529034,1582,,
170898529041,1281,,
170898529042,798,,
170898529051,917,,
170898529052,2204,,
170898529053,1563,,
170898529061,1623,,
170898529062,1142,,
170898529063,2411,,
170898529071,1195,,
170898529072,1166,,
170898529073,1547,,
170898529074,1022,,
170898530011,935,,
170898530012,2651,,
170898530041,1488,,
170898530042,667,,
170898530043,1073,,
170898530051,2832,,
170898530052,1500,,
170898530053,1189,,
170898530061,1436,,
170898530062,876,,
170898530063,1031,,
170898530071,1201,,
170898530072,2913,,
170898530073,1460,,
170898530081,1274,,
170898530082,1528,,
170898530083,1320,,
170898531001,1517,,
170898531002,1276,,
170898532001,1380,,
170898532002,2475,,
170898532003,2189,,
170898533001,1310,,
170898533002,916,,
170898533003,1519,,
170898534011,982,,
170898534012,1207,,
170898534021,1523,,
170898534022,1406,,
170898534023,893,,
170898534024,705,,
170898535001,866,,
170898535002,1296,,
170898535003,1457,,
170898535004,911,,
170898536011,1633,,
170898536012,1369,,
170898536021,1287,,
170898536022,2191,,
170898539001,851,,
170898539002,727,,
170898539003,1880,,
170898539004,882,,
170898539005,1404,,
170898540011,2388,,
170898540012,1062,,
170898540013,649,,
170898540021,765,,
170898540022,866,,
170898540023,1861,,
170898540024,1235,,
170898540025,949,,
170898541001,1136,,
170898541002,1266,,
170898541003,926,,
170898541004,789,,
170898542001,1162,,
170898542002,1080,,
170898542003,1360,,
170898542004,1098,,
170898543011,853,,
170898543012,584,,
170898543013,1542,,
170898543014,1035,,
170898543015,1357,,
170898543021,1180,,
170898543022,1203,,
170898543023,1587,,
170898544011,1230,,
170898544012,1497,,
170898544021,1413,,
170898544022,2313,,
170898544031,1963,,
170898544032,2173,,
170898544033,2574,,
170898545041,1904,,
170898545042,1135,,
170898545043,1709,,
170898545044,1720,,
170898545045,1473,,
170898545051,1171,,
170898545052,1213,,
170898545053,1074,,
170898545054,1388,,
170898545055,2975,,
170898545061,1303,,
170898545062,2584,,
170898545071,2328,,
170898545072,3394,,
170898545081,2396,,
170898545082,1801,,
170898545083,1664,,
170898545091,1728,,
170898545092,2261,,
170898545093,2792,,
170898546001,1102,75,75
170898546002,2026,72,72
170898546003,848,81,81
170898547001,880,,
170898547002,1465,,
170898548001,1877,,
170898548002,1413,,
170898548003,1884,,
170898548004,2824,,
170898549001,1564,,
170898549002,2028,,
170898549003,1841,81,81
170938901031,2259,,
170938901032,3247,,
170938901041,2035,,
170938901042,1656,,
170938901043,2359,,
170938901051,3612,,
170938901052,2742,,
170938901053,2678,,
170938901061,665,,
170938901062,1277,,
170938901063,1717,,
170938901064,1307,,
170938901071,1767,,
170938901072,3102,,
170938901081,1365,,
170938901082,2760,,
170938901083,1348,,
170938902011,2269,,
170938902012,1261,,
170938902013,886,,
170938902021,1015,,
170938902022,977,,
170938902023,1097,,
170938903011,2747,,
170938903012,1771,,
170938903013,1641,,
170938903021,1967,,
170938903022,1092,,
170938903023,1680,,
170938903024,1352,,
170938904011,2045,,
170938904012,1899,,
170938904013,2346,,
170938904021,2760,,
170938904022,4288,,
170938904023,1464,,
170938904024,1371,,
170938904031,2566,,
170938904032,2038,,
170938904033,1366,,
170938904041,1871,,
170938904042,3797,,
170938904043,4219,,
170938905011,857,,
170938905012,1526,,
170938905013,7015,,
170938905021,2223,,
170938905022,1007,,
170938905023,1408,,
170938906011,1219,,
170938906012,1747,,
170938906013,1547,,
170938906021,4121,,
170938906022,1579,,
170938907011,1832,,
170938907012,1852,,
170938907013,1680,,
170938907021,1140,,
170938907022,1261,,
170938907023,3126,,
170938907031,2891,,
170938907032,3764,,
170938907033,771,,
170938907034,907,,
170938907035,715,,
170978601031,908,,
170978601032,674,,
170978601033,1794,,
170978601041,1961,,
170978601042,1491,,
170978601051,1671,,
170978601052,1436,,
170978601053,2084,,
170978601061,1538,,
170978601062,1953,,
170978602001,978,,
170978602002,1177,,
170978602003,1337,,
170978603011,1210,,
170978603012,1432,,
170978603013,798,,
170978603021,858,,
170978603022,1415,,
170978603023,759,,
170978604001,2967,,
170978604002,1418,,
170978604003,1480,,
170978605001,846,,
170978605002,1143,,
170978605003,634,,
170978605004,1284,,
170978605005,817,,
170978606001,2533,,
170978606002,1560,,
170978606003,1137,,
170978606004,2433,,
170978608051,941,,
170978608052,707,,
170978608061,2022,,
170978608062,1251,,
170978608063,1875,,
170978608071,2372,,
170978608072,1097,,
170978608081,448,,
170978608082,763,,
170978608083,688,,
170978608084,740,,
170978608091,1538,,
170978608092,1392,,
170978608111,1352,,
170978608112,1428,,
170978608113,1649,,
170978608121,1489,,
170978608122,2327,,
170978608131,1748,,
170978608132,1552,,
170978609031,2786,,
170978609032,1060,,
170978609033,1449,,
170978609034,975,,
170978609051,2312,,
170978609052,988,,
170978609053,1327,,
170978609054,981,,
170978609061,2565,,
170978609062,3417,,
170978609063,4471,,
170978609071,755,,
170978609072,3090,,
170978609081,1875,,
170978610071,2626,,
170978610072,1554,,
170978610081,1476,,
170978610082,1195,,
170978610083,1338,,
170978610084,1262,,
170978610091,2993,,
170978610092,2138,,
170978610101,980,,
170978610102,1346,,
170978610103,3604,,
170978610111,2296,,
170978610112,2802,,
170978610113,972,,
170978610114,1794,,
170978610121,2568,,
170978610122,1549,,
170978610123,744,,
170978610131,3052,,
170978610141,1600,,
170978610142,2063,,
170978611051,1680,,
170978611052,2650,,
170978611061,2101,,
170978611062,2853,,
170978611063,842,,
170978611064,2331,,
170978611071,1318,,
170978611072,2729,,
170978611081,2149,,
170978611082,1701,,
170978611083,2098,,
170978612011,2137,,
170978612012,915,,
170978612013,1565,,
170978612014,2113,,
170978612021,2164,,
170978612022,1867,,
170978613011,2180,,
170978613012,2900,,
170978613031,2094,,
170978613032,818,,
170978613033,1866,,
170978613041,1576,,
170978613042,1792,,
170978614021,2605,,
170978614022,2154,,
170978614023,2858,,
170978614024,1161,,
170978614031,875,,
170978614032,1681,,
170978614041,1795,,
170978614042,1318,,
170978614043,751,,
170978614044,2083,,
170978615041,2386,,
170978615042,1637,,
170978615043,2142,,
170978615044,2307,,
170978615051,2131,,
170978615052,1412,,
170978615061,3209,,
170978615062,2900,,
170978615071,1841,,
170978615072,1235,,
170978615081,2524,,
170978615082,913,,
170978615091,1143,,
170978615092,2152,,
170978615101,885,,
170978615102,1382,,
170978615103,2804,,
170978616031,3028,,
170978616032,3078,,
170978616041,1001,,
170978616042,1633,,
170978616043,941,,
170978616044,2061,,
170978616071,1673,,
170978616072,1537,,
170978616073,1359,,
170978616081,2466,,
170978616082,1186,,
170978616091,2510,,
170978616092,2206,,
170978616101,1702,,
170978616102,2053,,
170978616111,1424,,
170978616112,1812,,
170978616113,1235,,
170978617011,1804,,
170978617021,890,,
170978617022,2503,,
170978617023,896,,
170978618031,2304,,
170978618032,927,,
170978618033,1522,,
170978618034,1930,,
170978618041,2527,,
170978618042,1563,,
170978619011,1351,,
170978619012,859,,
170978619013,1537,,
170978619021,2466,,
170978619022,819,,
170978619023,2140,,
170978619024,951,,
170978620001,1184,,
170978620002,1384,,
170978620003,1785,,
170978620004,1717,,
170978621001,1275,,
170978621002,1412,,
170978621003,975,,
170978621004,1721,,
170978622001,1646,,
170978622002,1253,,
170978622003,1070,,
170978623001,692,,
170978623002,1129,,
170978623003,1325,,
170978624011,1629,,
170978624012,1990,,
170978624021,924,,
170978624022,1090,,
170978624023,1012,,
170978625011,2430,,
170978625012,1512,,
170978625021,2281,,
170978626031,1140,,
170978626032,1986,,
170978626033,1195,,
170978626034,1351,,
170978626035,1390,,
170978626041,1873,,
170978626042,1313,,
170978626043,1508,,
170978626051,1413,,
170978626052,1359,,
170978626053,1325,,
170978627001,803,,
170978627002,1530,,
170978627003,1028,,
170978627004,877,,
170978628001,1963,,
170978629011,1581,,
170978629012,1182,,
170978629013,929,,
170978629021,1471,,
170978629022,1311,,
170978630031,5857,,
170978630041,1393,,
170978630042,739,,
170978630043,480,,
170978630044,1001,,
170978630051,4523,,
170978630061,898,,
170978631001,714,,
170978631002,1849,,
170978632011,823,,
170978632012,944,,
170978632013,1543,,
170978632021,1254,,
170978632022,1246,,
170978632023,1565,,
170978632024,1413,,
170978633001,1042,,
170978633002,1587,,
170978634001,797,,
170978634002,2317,,
170978634003,1162,,
170978635001,1474,,
170978635002,1058,,
170978635003,2006,,
170978636011,2329,,
170978636012,1179,,
170978636031,2300,,
170978636032,1218,,
170978636041,1823,,
170978636042,1167,,
170978637011,1811,,
170978637012,1203,,
170978637013,1542,,
170978637021,2120,,
170978637022,1925,,
170978638011,2591,,
170978638012,2517,,
170978639021,1197,,
170978639022,1131,,
170978639023,3672,,
170978639031,956,,
170978639032,1616,,
170978639033,1045,,
170978639034,807,,
170978639041,4008,,
170978639042,1964,,
170978640011,1716,,
170978640012,2072,,
170978640013,2482,,
170978640021,1057,,
170978640022,1492,,
170978640023,1638,,
170978640024,1881,,
170978641051,2435,,
170978641052,1626,,
170978641053,1945,,
170978641061,1082,,
170978641062,1501,,
170978641063,1440,,
170978641071,2426,,
170978641072,2494,,
170978641081,2689,,
170978641082,1897,,
170978641083,1282,,
170978641091,4274,,
170978641092,1922,,
170978641101,3137,,
170978641102,1865,,
170978641103,1231,,
170978642031,1582,,
170978642032,2728,,
170978642041,1745,,
170978642042,1211,,
170978642043,1528,,
170978642061,1805,,
170978642062,1673,,
170978642071,1469,,
170978642072,3323,,
170978642073,2686,,
170978642081,1687,,
170978642082,2191,,
170978643031,1484,,
170978643032,1529,,
170978643033,1568,,
170978643051,2462,,
170978643052,764,,
170978643053,804,,
170978643061,1095,,
170978643062,1197,,
170978643071,1861,,
170978643081,1516,,
170978643082,1133,84,84
170978643083,1879,,
170978644021,3617,,
170978644022,2690,,
170978644023,1861,,
170978644031,1655,,
170978644032,1980,,
170978644033,2217,,
170978644071,3497,,
170978644072,3135,,
170978644081,1926,,
170978644082,2350,,
170978644083,1956,,
170978644091,889,,
170978644092,2459,,
170978644093,1224,,
170978644101,1914,,
170978644102,3152,,
170978644111,1175,,
170978644112,1903,,
170978644113,1773,,
170978644121,1834,,
170978644122,2256,,
170978645101,2179,,
170978645102,2782,,
170978645111,1545,,
170978645112,2813,,
170978645113,699,,
170978645114,1346,,
170978645121,2379,,
170978645122,2280,,
170978645131,2633,,
170978645132,1437,,
170978645133,1129,,
170978645134,1102,,
170978645141,2653,,
170978645151,1985,,
170978645152,1035,,
170978645161,1146,,
170978645162,1265,,
170978645163,2284,,
170978645171,2557,,
170978645172,376,,
170978645181,1755,,
170978645182,1715,,
170978645183,833,,
170978645184,1291,,
170978645191,2487,,
170978645192,2682,,
170978645201,2451,,
170978645202,1402,51,51
170978645203,1845,,
170978645211,756,,
170978645212,1781,,
170978645221,1949,,
170978645222,1412,,
170978645223,1606,,
170978645231,1707,,
170978645232,2317,,
170978645241,1099,,
170978645242,2198,56,56
170978646011,1127,,
170978646012,2479,,
170978646021,2064,,
170978646022,1760,,
170978647001,851,,
170978647002,826,,
170978647003,1237,,
170978648011,1794,,
170978648012,905,,
170978648013,1826,,
170978648014,1036,,
170978648021,3093,,
170978649011,2657,,
170978649012,1714,,
170978649031,2217,,
170978649032,1361,,
170978649033,1329,89,89
170978649041,926,,
170978649042,1524,,
170978650001,1276,,
170978652001,1010,,
170978652002,1064,,
170978652003,1412,,
170978652004,1875,,
170978653001,1792,,
170978653002,684,,
170978653003,1029,,
170978654001,878,,
170978654002,991,,
170978654003,1086,,
170978654004,1242,,
170978655011,1525,,
170978655012,945,,
170978655021,864,,
170978655022,1449,,
170978656001,707,,
170978656002,713,,
170978656003,869,,
170978656004,1208,,
170978657001,1639,,
170978657002,1350,,
170978657003,1010,,
170978657004,1986,,
170978658011,1002,,
170978658012,1547,,
170978658013,708,,
170978658021,2945,,
170978660001,586,,
170978660002,1330,,
170978660003,1118,,
170978660004,858,,
170978660005,2950,,
170978661001,1730,,
170978661002,1703,,
170978662001,2941,,
170978662002,1525,,
170978662003,1696,,
171118701031,1091,,
171118701032,1426,,
171118701041,1866,,
171118701042,1724,,
171118701043,1258,,
171118701051,1565,,
171118701052,1939,,
171118701061,1029,,
171118701062,2062,,
171118702001,2275,,
171118702002,1187,,
171118702003,1377,,
171118702004,1120,,
171118703011,2395,,
171118703012,821,,
171118703013,1329,,
171118703021,1560,,
171118703022,1542,,
171118703023,1448,,
171118704021,2069,,
171118704022,1090,,
171118704023,2725,,
171118704031,1909,,
171118704032,2495,,
171118704041,2273,,
171118704042,1623,,
171118705011,2513,,
171118705012,1838,,
171118705021,1335,,
171118705022,829,,
171118705023,1183,,
171118705024,621,,
171118705025,669,,
171118706031,2301,,
171118706032,2056,,
171118706041,1851,,
171118706042,2562,,
171118706043,1700,,
171118706051,1474,,
171118706052,1815,,
171118706053,1413,,
171118706054,1620,,
171118706061,1082,,
171118706062,1674,,
171118706063,1189,,
171118707021,1569,,
171118707022,2366,,
171118707023,1294,,
171118707024,2359,,
171118707031,657,,
171118707032,1924,,
171118707033,1264,,
171118707034,1505,,
171118707041,756,,
171118707042,1056,,
171118707043,1088,,
171118707044,705,,
171118708071,1952,,
171118708072,1026,,
171118708073,2200,,
171118708081,2176,,
171118708082,1506,,
171118708091,1593,,
171118708092,1928,,
171118708093,1500,,
171118708094,1780,,
171118708101,763,,
171118708102,1984,,
171118708103,1659,,
171118708111,2006,,
171118708112,1122,,
171118708113,1365,,
171118708121,1129,,
171118708122,776,,
171118708123,1280,,
171118708124,1530,,
171118708131,2516,,
171118708132,959,,
171118708133,1640,,
171118708141,2113,,
171118708142,1841,,
171118709031,1723,,
171118709032,755,,
171118709033,1122,,
171118709041,859,,
171118709042,2046,,
171118709043,1907,,
171118709051,1918,,
171118709052,1062,,
171118709053,1703,,
171118709061,1754,,
171118709062,1602,,
171118709063,2154,,
171118709071,1349,,
171118709072,1618,,
171118710031,1028,,
171118710032,879,,
171118710033,2445,,
171118710041,1914,,
171118710042,1026,,
171118710043,1465,,
171118710044,1667,,
171118711051,1413,,
171118711052,886,,
171118711053,1015,,
171118711054,1913,,
171118711071,2193,,
171118711072,1172,,
171118711073,2004,,
171118711081,1943,,
171118711082,1649,,
171118711083,1964,,
171118711091,1784,,
171118711092,1270,,
171118711093,1834,,
171118711101,1807,,
171118711102,2553,,
171118711111,1700,,
171118711112,1815,,
171118711113,1837,,
171118711121,1980,,
171118711122,1457,,
171118711123,1907,,
171118711131,2147,,
171118711132,1841,,
171118711141,1202,,
171118711142,2512,,
171118711143,1285,,
171118711151,1146,,
171118711152,1848,,
171118712011,1346,,
171118712012,2105,,
171118712013,661,,
171118712014,2667,,
171118712021,1812,,
171118712022,1534,,
171118712023,1406,,
171118712024,1075,,
171118712051,1800,,
171118712052,1865,,
171118712053,931,,
171118712061,1576,,
171118712062,1749,,
171118712063,1078,,
171118712064,2245,,
171118712071,2438,,
171118712072,1107,,
171118712073,1227,,
171118712081,2228,,
171118712082,1592,,
171118712091,841,,
171118712092,1518,,
171118712093,1123,,
171118713011,1187,,
171118713012,718,,
171118713013,1201,,
171118713014,1725,,
171118713041,2686,,
171118713042,731,,
171118713051,1774,,
171118713052,1460,,
171118713053,1801,,
171118713054,1467,,
171118713071,1929,,
171118713072,603,,
171118713073,2114,,
171118713101,1345,,
171118713102,1549,,
171118713103,1429,,
171118713111,2451,,
171118713112,1319,,
171118713113,1016,,
171118713121,2184,,
171118713122,1688,,
171118713123,2521,,
171118713131,1793,,
171118714021,1481,,
171118714022,883,,
171118714023,2107,,
171118714024,834,,
171118714025,794,,
171118714041,2271,,
171118714042,2118,,
171118715011,2452,,
171118715012,1721,,
171118715013,2129,,
171118715021,860,,
171118715022,1477,,
171118715023,1366,,
171118715024,4708,,
171118716001,896,,
171118716002,1192,,
171118716003,932,,
171118716004,1510,,
171978801051,1912,,
171978801052,2050,,
171978801053,1587,,
171978801054,1922,,
171978801061,1481,,
171978801062,983,,
171978801063,2030,,
171978801071,1445,,
171978801072,1402,,
171978801073,1396,,
171978801074,858,,
171978801091,1156,,
171978801092,986,,
171978801093,2033,,
171978801094,1108,,
171978801111,1455,,
171978801112,983,,
171978801113,1245,,
171978801121,1096,,
171978801122,935,,
171978801131,1529,,
171978801132,1230,,
171978801133,966,,
171978801141,1830,,
171978801142,1066,,
171978801151,2037,,
171978801152,1239,,
171978801161,1581,,
171978801162,1332,,
171978801171,467,,
171978801172,1714,,
171978801173,1468,,
171978801181,1401,,
171978801182,1006,,
171978801183,1242,,
171978801184,1027,,
171978801191,1461,,
171978801192,1540,,
171978801193,1444,,
171978801221,2214,,
171978801222,1519,,
171978801223,2181,,
171978801231,1992,,
171978801232,1717,,
171978801241,1421,,
171978801242,2519,,
171978801251,1973,,
171978801252,1647,,
171978801253,1843,,
171978802021,1268,,
171978802022,1413,,
171978802023,2035,,
171978802031,1315,,
171978802032,1711,,
171978802033,787,,
171978802041,2830,,
171978802042,2244,,
171978802043,1076,,
171978803031,1526,,
171978803032,1380,,
171978803033,1211,,
171978803041,1206,,
171978803042,1165,,
171978803043,1304,,
171978803044,1343,,
171978803051,986,,
171978803052,1613,,
171978803053,1060,,
171978803054,1751,,
171978803071,1317,,
171978803072,2145,,
171978803073,2986,,
171978803091,1316,,
171978803092,1032,,
171978803093,1151,,
171978803094,1460,,
171978803141,2121,,
171978803142,1614,,
171978803143,2246,,
171978803144,1497,,
171978803151,2744,,
171978803152,1102,,
171978803161,1913,,
171978803162,1911,,
171978803171,4142,,
171978803172,2241,,
171978803181,2262,,
171978803182,1456,,
171978803191,1457,,
171978803192,1863,,
171978803193,1690,,
171978803201,1525,,
171978803202,1956,,
171978803211,1796,,
171978803212,2145,,
171978803221,1598,,
171978803222,1451,,
171978803223,3678,,
171978803231,2646,,
171978803232,4136,,
171978803241,1880,,
171978803242,1419,,
171978803243,1899,,
171978803251,1649,,
171978803252,1624,,
171978803261,1979,,
171978803262,1302,,
171978804081,1598,,
171978804082,1950,,
171978804083,1502,,
171978804111,1794,,
171978804112,1534,,
171978804121,927,,
171978804122,1275,,
171978804123,1987,,
171978804141,1488,,
171978804142,1124,,
171978804143,1669,,
171978804161,1565,,
171978804162,1593,,
171978804171,1132,,
171978804172,1421,,
171978804181,1598,,
171978804182,1988,,
171978804183,1347,,
171978804211,1899,,
171978804212,890,,
171978804213,1922,,
171978804214,1696,,
171978804221,1391,,
171978804222,2397,,
171978804231,3763,,
171978804241,2679,,
171978804242,2452,,
171978804251,1696,,
171978804252,2953,,
171978804261,1511,,
171978804262,1429,,
171978804263,1241,,
171978804271,2733,,
171978804281,1833,,
171978804282,1832,,
171978804283,1214,,
171978804291,1651,,
171978804292,1973,,
171978804293,1329,,
171978804301,1733,,
171978804302,1990,,
171978804311,2056,,
171978804312,2177,,
171978804313,2029,,
171978804321,1950,,
171978804322,2325,,
171978805021,1327,,
171978805022,1176,,
171978805023,1212,,
171978805024,1283,,
171978805031,1464,,
171978805032,1527,,
171978805033,1359,,
171978805081,2042,,
171978805082,1733,,
171978805091,1344,,
171978805092,1207,,
171978805093,1357,,
171978805101,2029,,
171978805102,1158,,
171978805111,2025,,
171978805112,1972,,
171978806011,1801,,
171978806012,1268,,
171978806021,1035,,
171978806022,1189,,
171978806023,1165,,
171978807011,2344,,
171978807012,2061,,
171978807021,944,,
171978807022,735,,
171978807023,1033,,
171978809011,1491,,
171978809012,1648,,
171978809013,1706,,
171978809014,1311,,
171978809031,1041,,
171978809032,2027,,
171978809051,1424,,
171978809052,1281,,
171978810011,1032,,
171978810012,1336,,
171978810013,1497,,
171978810014,1546,,
171978810021,1281,,
171978810022,1204,,
171978810023,1565,,
171978810024,1006,,
171978810051,1312,,
171978810052,1080,,
171978810053,1197,,
171978810061,1086,,
171978810062,1387,,
171978810071,2016,,
171978810072,2196,,
171978810073,1631,,
171978810091,2492,,
171978810092,2109,,
171978810093,1562,,
171978810094,1809,,
171978810101,2033,,
171978810102,2023,,
171978810111,1709,,
171978810112,1692,,
171978810121,1563,,
171978810122,1390,,
171978811051,2075,,
171978811052,2124,,
171978811053,3344,,
171978811071,1345,,
171978811072,1512,,
171978811081,2244,,
171978811082,2102,,
171978811083,2400,,
171978811091,1252,,
171978811092,1583,,
171978811093,1563,,
171978811111,1391,,
171978811112,1580,,
171978811121,1594,,
171978811122,2629,,
171978811123,1358,,
171978811131,1933,,
171978811132,1051,,
171978811133,2509,,
171978811151,1545,,
171978811152,999,,
171978811153,1767,,
171978811161,2234,,
171978811162,1575,,
171978812011,1264,,
171978812012,1196,,
171978812021,2095,,
171978813011,809,,
171978813012,2231,,
171978813021,1307,,
171978814011,1182,,
171978814012,1002,,
171978814013,1229,,
171978814021,1114,,
171978814022,1049,,
171978814023,1132,,
171978815001,1224,,
171978815002,1365,,
171978815003,969,,
171978816011,873,,
171978816012,1106,,
171978816031,1591,,
171978816032,1710,,
171978816041,1151,,
171978816042,1466,,
171978817001,969,,
171978817002,1073,,
171978817003,1128,,
171978818001,1264,,
171978818002,1114,,
171978818003,1679,,
171978819001,1179,,
171978819002,618,,
171978819003,867,,
171978819004,1106,,
171978820001,885,,
171978820002,2267,,
171978821001,1194,,
171978821002,1183,,
171978822001,3687,,
171978822002,1137,,
171978823001,1192,,
171978823002,1255,,
171978823003,1444,,
171978824001,1585,,
171978824002,2226,,
171978825001,934,,
171978825002,1156,,
171978826011,1086,,
171978826012,1149,,
171978826013,1066,,
171978826021,1318,,
171978826022,1491,,
171978827011,714,,
171978827012,1785,,
171978827021,1199,,
171978827022,856,,
171978827023,1040,,
171978828011,1517,,
171978828012,1205,,
171978828021,1129,,
171978828022,1076,,
171978828023,813,,
171978829001,1045,,
171978829002,1342,,
171978830001,1262,,
171978830002,978,,
171978830003,1188,,
171978831001,1591,,
171978831002,1006,,
171978831003,1364,,
171978832061,1738,,
171978832062,1451,,
171978832063,1022,,
171978832081,1641,,
171978832082,1524,,
171978832091,923,,
171978832092,902,,
171978832093,1076,,
171978832101,1530,,
171978832102,1205,,
171978832111,2901,,
171978832112,1707,,
171978832113,1976,,
171978832121,1546,,
171978832122,1627,,
171978832123,3066,,
171978832131,1911,,
171978832132,1768,,
171978832133,2193,,
171978832141,1453,,
171978832142,922,,
171978832161,1552,,
171978832162,808,,
171978832163,889,,
171978832171,1811,,
171978832172,1140,,
171978832173,1152,,
171978832181,1892,,
171978832182,2387,,
171978832191,1884,,
171978832192,1882,,
171978833031,1682,,
171978833032,2225,,
171978833041,922,,
171978833042,799,,
171978833051,1817,,
171978833052,1228,,
171978833061,2360,,
171978833062,1207,,
171978833071,2168,,
171978833072,1730,,
171978834011,933,,
171978834012,1126,,
171978834013,789,,
171978834014,1170,,
171978834021,846,,
171978834022,1094,,
171978835041,2490,,
171978835042,1468,,
171978835043,1636,,
171978835051,1349,,
171978835052,1915,,
171978835053,1304,,
171978835054,2431,,
171978835055,1770,,
171978835071,1862,,
171978835072,2016,,
171978835091,1455,,
171978835092,1806,,
171978835093,1260,,
171978835101,4346,,
171978835102,2711,,
171978835111,1622,,
171978835112,1630,,
171978835113,1602,,
171978835131,2125,,
171978835132,2197,,
171978835133,1319,,
171978835141,1138,,
171978835142,1194,,
171978835143,1688,,
171978835144,1255,,
171978835145,1939,,
171978835151,1678,,
171978835152,1390,,
171978835153,1115,,
171978835161,2729,,
171978835162,1447,,
171978835163,1735,,
171978835164,2184,,
171978835171,1508,,
171978835172,1758,,
171978835191,1511,,
171978835192,1311,,
171978835193,1357,,
171978835194,1422,,
171978835211,1268,,
171978835212,911,,
171978835213,1125,,
171978835221,1170,,
171978835222,959,,
171978835223,1146,,
171978836021,1083,,
171978836022,1700,,
171978836023,1532,,
171978836024,1193,,
171978836031,1552,,
171978836032,1460,,
171978836051,1634,,
171978836052,1257,,
171978836061,2320,,
171978836062,1818,,
171978837001,1052,,
171978837002,1035,,
171978837003,1168,,
171978838031,1069,,
171978838032,1431,,
171978838041,1362,,
171978838042,1497,,
171978838061,1405,,
171978838062,1876,,
171978838081,704,,
171978838082,710,,
171978838091,1724,,
171978838092,1906,,
171978838101,1135,,
171978838102,1650,,
171978838103,1010,,
171978838111,1426,,
171978838112,1599,,
171978839021,2419,,
171978839022,2168,,
171978839023,1114,,
171978839024,794,,
171978839031,1793,,
171978839041,1838,,
171978839042,1235,,
171978839043,1292,,
171978840031,1990,,
171978840032,954,,
171978840033,1456,,
171978840041,1033,,
171978840042,1431,,
171978840051,1367,,
171978840061,834,,
171978840062,1290,,
171978841011,1329,,
171978841012,1174,,
171978841013,1241,,
171978841031,1383,,
171978841032,1259,,
171979801001,2739,,
