GEOID,w,today,scenario,status,saved,redpct
010030108003,2,,,no_transit_either,,
010030112023,1,,,no_transit_either,,
010030114111,1,,,no_transit_either,,
010030114142,1,,,no_transit_either,,
010030114151,1,,,no_transit_either,,
010259580031,1,,,no_transit_either,,
010539698011,1,,,no_transit_either,,
010730011001,1,,,no_transit_either,,
010970013021,1,,,no_transit_either,,
010970019012,1,,,no_transit_either,,
010970020002,1,,,no_transit_either,,
010970029002,1,,,no_transit_either,,
010970032061,1,,,no_transit_either,,
010970036061,1,,,no_transit_either,,
010970039021,1,,,no_transit_either,,
010970066004,1,,,no_transit_either,,
010970068022,1,,,no_transit_either,,
040130101041,1,,,no_transit_either,,
040130405142,1,,,no_transit_either,,
040130506122,1,,,no_transit_either,,
040130506214,1,,,no_transit_either,,
040130609012,1,,,no_transit_either,,
040130610132,1,,,no_transit_either,,
040130610263,1,,,no_transit_either,,
040130610361,1,,,no_transit_either,,
040130610403,1,,,no_transit_either,,
040130610492,1,,,no_transit_either,,
040130610543,1,,,no_transit_either,,
040130610561,1,,,no_transit_either,,
040130610641,1,,,no_transit_either,,
040130715102,1,,,no_transit_either,,
040130715103,1,,,no_transit_either,,
040130717011,1,,,no_transit_either,,
040130719152,1,,,no_transit_either,,
040130820251,1,,,no_transit_either,,
040130822114,1,,,no_transit_either,,
040130924012,1,,,no_transit_either,,
040130927163,1,,,no_transit_either,,
040130930012,1,,,no_transit_either,,
040130931053,1,,,no_transit_either,,
040130931061,1,,,no_transit_either,,
040131032071,1,,,no_transit_either,,
040131032162,1,,,no_transit_either,,
040131032173,1,,,no_transit_either,,
040131032203,1,,,no_transit_either,,
040131033041,1,,,no_transit_either,,
040131036052,1,,,no_transit_either,,
040131036082,1,,,no_transit_either,,
040131036151,1,,,no_transit_either,,
040131042032,1,,,no_transit_either,,
040131042122,1,,,no_transit_either,,
040131042172,1,,,no_transit_either,,
040131042262,2,,,no_transit_either,,
040131050022,1,,,no_transit_either,,
040131051024,1,,,no_transit_either,,
040131057021,1,,,no_transit_either,,
040131064001,1,,,no_transit_either,,
040132168061,1,,,no_transit_either,,
040132168202,1,,,no_transit_either,,
040132168223,1,,,no_transit_either,,
040132168311,1,,,no_transit_either,,
040132168373,1,,,no_transit_either,,
040132168393,1,,,no_transit_either,,
040132168412,1,,,no_transit_either,,
040132170016,1,,,no_transit_either,,
040132170021,1,,,no_transit_either,,
040132172033,1,,,no_transit_either,,
040132175023,1,,,no_transit_either,,
040132177001,1,,,no_transit_either,,
040132177002,1,,,no_transit_either,,
040132179003,1,,,no_transit_either,,
040132180004,2,,,no_transit_either,,
040133189001,1,,,no_transit_either,,
040133193001,1,,,no_transit_either,,
040133194021,1,,,no_transit_either,,
040133196003,1,,,no_transit_either,,
040134201051,1,,,no_transit_either,,
040134203021,1,,,no_transit_either,,
040134213031,1,,,no_transit_either,,
040134214002,1,,,no_transit_either,,
040134220011,1,,,no_transit_either,,
040134221031,1,,,no_transit_either,,
040134222033,1,,,no_transit_either,,
040134223053,1,,,no_transit_either,,
040134224022,1,,,no_transit_either,,
040134225011,1,,,no_transit_either,,
040134226091,1,,,no_transit_either,,
040134226092,1,,,no_transit_either,,
040134226231,1,,,no_transit_either,,
040134226262,1,,,no_transit_either,,
040134226302,1,,,no_transit_either,,
040134226332,1,,,no_transit_either,,
040134226342,1,,,no_transit_either,,
040135228021,1,,,no_transit_either,,
040135229031,1,,,no_transit_either,,
040136109022,1,,,no_transit_either,,
040136113005,2,,,no_transit_either,,
040136118002,1,,,no_transit_either,,
040136135003,1,,,no_transit_either,,
040136149001,1,,,no_transit_either,,
040136149003,1,,,no_transit_either,,
040136150013,1,,,no_transit_either,,
040136154002,1,,,no_transit_either,,
040136157001,1,,,no_transit_either,,
040136160001,1,,,no_transit_either,,
040136164001,1,,,no_transit_either,,
040136166001,1,,,no_transit_either,,
040136170023,1,,,no_transit_either,,
040136180003,1,,,no_transit_either,,
040136187002,1,,,no_transit_either,,
040136199003,1,,,no_transit_either,,
040137233111,1,,,no_transit_either,,
040138101002,1,,,no_transit_either,,
040138101003,1,,,no_transit_either,,
040138121001,1,,,no_transit_either,,
040138123003,1,,,no_transit_either,,
040138132002,1,,,no_transit_either,,
040138136002,1,,,no_transit_either,,
040138141002,1,,,no_transit_either,,
040138156023,1,,,no_transit_either,,
040138160053,1,,,no_transit_either,,
040138164011,1,,,no_transit_either,,
040138169021,1,,,no_transit_either,,
040138171033,1,,,no_transit_either,,
040190040481,1,,,no_transit_either,,
040190040741,1,,,no_transit_either,,
040190046103,1,,,no_transit_either,,
040190046301,1,,,no_transit_either,,
040190046331,1,,,no_transit_either,,
040190047151,1,,,no_transit_either,,
040190047181,1,,,no_transit_either,,
050059509002,1,,,no_transit_either,,
050070209042,1,,,no_transit_either,,
050070212012,1,,,no_transit_either,,
050097903001,1,,,no_transit_either,,
050199537002,1,,,no_transit_either,,
050219504002,1,,,no_transit_either,,
050234801003,1,,,no_transit_either,,
050234805021,1,,,no_transit_either,,
050299505002,1,,,no_transit_either,,
050479501002,1,,,no_transit_either,,
050495501012,1,,,no_transit_either,,
050510103021,1,,,no_transit_either,,
050719518003,1,,,no_transit_either,,
051310002004,1,,,no_transit_either,,
051310012011,2,,,no_transit_either,,
051450706001,1,,,no_transit_either,,
051450712013,1,,,no_transit_either,,
060133040071,1,,,no_transit_either,,
060133060031,1,,,no_transit_either,,
060133340062,1,,,no_transit_either,,
060133372011,1,,,no_transit_either,,
060133551132,1,,,no_transit_either,,
060133551213,1,,,no_transit_either,,
060230001002,1,,,no_transit_either,,
060230107013,1,,,no_transit_either,,
060250108001,1,,,no_transit_either,,
060250116004,1,,,no_transit_either,,
060250118021,1,,,no_transit_either,,
060372044202,1,,,no_transit_either,,
060372063021,1,,,no_transit_either,,
060372293001,1,,,no_transit_either,,
060372373004,1,,,no_transit_either,,
060372398022,1,,,no_transit_either,,
060372405001,1,,,no_transit_either,,
060372408002,1,,,no_transit_either,,
060372933022,1,,,no_transit_either,,
060372965001,1,,,no_transit_either,,
060374064135,1,,,no_transit_either,,
060374070012,1,,,no_transit_either,,
060374087051,1,,,no_transit_either,,
060374087252,1,,,no_transit_either,,
060374602002,1,,,no_transit_either,,
060374803042,1,,,no_transit_either,,
060374806021,1,,,no_transit_either,,
060374810021,1,,,no_transit_either,,
060376004004,1,,,no_transit_either,,
060376007031,1,,,no_transit_either,,
060376009022,1,,,no_transit_either,,
060376009111,1,,,no_transit_either,,
060376010012,1,,,no_transit_either,,
060376017002,1,,,no_transit_either,,
060376017003,1,,,no_transit_either,,
060376025072,1,,,no_transit_either,,
060376030052,1,,,no_transit_either,,
060376042002,1,,,no_transit_either,,
060376042004,1,,,no_transit_either,,
060377001022,1,,,no_transit_either,,
060377015011,1,,,no_transit_either,,
060377020021,1,,,no_transit_either,,
060377028011,1,,,no_transit_either,,
060411022031,1,,,no_transit_either,,
060411060023,1,,,no_transit_either,,
060411081001,1,,,no_transit_either,,
060411122031,1,,,no_transit_either,,
060411130001,1,,,no_transit_either,,
060411212002,1,,,no_transit_either,,
060411281001,1,,,no_transit_either,,
060590014031,1,,,no_transit_either,,
060590113001,1,,,no_transit_either,,
060590114012,1,,,no_transit_either,,
060590115041,1,,,no_transit_either,,
060590218212,1,,,no_transit_either,,
060590320595,1,,,no_transit_either,,
060590320654,1,,,no_transit_either,,
060590421111,1,,,no_transit_either,,
060590423262,1,,,no_transit_either,,
060590524291,1,,,no_transit_either,,
060590525242,1,,,no_transit_either,,
060590525275,1,,,no_transit_either,,
060590626401,1,,,no_transit_either,,
060590750042,1,,,no_transit_either,,
060590889031,1,,,no_transit_either,,
060590995114,1,,,no_transit_either,,
060591102021,1,,,no_transit_either,,
060591102032,1,,,no_transit_either,,
060591103031,1,,,no_transit_either,,
060610207142,1,,,no_transit_either,,
060610210383,1,,,no_transit_either,,
060650402032,1,,,no_transit_either,,
060650403051,1,,,no_transit_either,,
060650404041,1,,,no_transit_either,,
060650405012,2,,,no_transit_either,,
060650427462,1,,,no_transit_either,,
060650430013,1,,,no_transit_either,,
060650432012,1,,,no_transit_either,,
060650432113,1,,,no_transit_either,,
060650432671,1,,,no_transit_either,,
060650444052,1,,,no_transit_either,,
060650446043,1,,,no_transit_either,,
060650449041,1,,,no_transit_either,,
060650452133,1,,,no_transit_either,,
060650452351,1,,,no_transit_either,,
060650456121,1,,,no_transit_either,,
060650464051,1,,,no_transit_either,,
060650491011,1,,,no_transit_either,,
060650507011,1,,,no_transit_either,,
060670071052,1,,,no_transit_either,,
060670072091,1,,,no_transit_either,,
060670074132,1,,,no_transit_either,,
060670074232,1,,,no_transit_either,,
060670089072,1,,,no_transit_either,,
060710001181,1,,,no_transit_either,,
060710008142,1,,,no_transit_either,,
060710008171,1,,,no_transit_either,,
060710019063,1,,,no_transit_either,,
060710019111,1,,,no_transit_either,,
060710020273,1,,,no_transit_either,,
060710020502,1,,,no_transit_either,,
060710023133,1,,,no_transit_either,,
060710127001,1,,,no_transit_either,,
060730083052,1,,,no_transit_either,,
060730083581,1,,,no_transit_either,,
060730085132,1,,,no_transit_either,,
060730097033,1,,,no_transit_either,,
060730170373,1,,,no_transit_either,,
060730170414,1,,,no_transit_either,,
060730170541,1,,,no_transit_either,,
060730170652,1,,,no_transit_either,,
060730215021,1,,,no_transit_either,,
060750119022,1,,,no_transit_either,,
060750130021,1,,,no_transit_either,,
060750133003,1,,,no_transit_either,,
060750201022,1,,,no_transit_either,,
060750253004,1,,,no_transit_either,,
060750256004,1,,,no_transit_either,,
060750305002,1,,,no_transit_either,,
060750310002,1,,,no_transit_either,,
060750326011,1,,,no_transit_either,,
060750328011,1,,,no_transit_either,,
060750351012,1,,,no_transit_either,,
060750402002,1,,,no_transit_either,,
060750604002,1,,,no_transit_either,,
060750610003,1,,,no_transit_either,,
060750612003,1,,,no_transit_either,,
060750615082,1,,,no_transit_either,,
060790116002,1,,,no_transit_either,,
060816004021,1,,,no_transit_either,,
060816013021,1,,,no_transit_either,,
060816016041,1,,,no_transit_either,,
060816019021,1,,,no_transit_either,,
060816045002,1,,,no_transit_either,,
060816074001,1,,,no_transit_either,,
060816085021,1,,,no_transit_either,,
060816097002,1,,,no_transit_either,,
060816103031,1,,,no_transit_either,,
060816107004,1,,,no_transit_either,,
060816116002,1,,,no_transit_either,,
060816128002,1,,,no_transit_either,,
060816139002,1,,,no_transit_either,,
060830006005,1,,,no_transit_either,,
060830023033,1,,,no_transit_either,,
060830029333,1,,,no_transit_either,,
060855119171,1,,,no_transit_either,,
060890108053,1,,,no_transit_either,,
060890112094,1,,,no_transit_either,,
060971513012,1,,,no_transit_either,,
080010083083,1,,,no_transit_either,,
080010084013,1,,,no_transit_either,,
080010084023,1,,,no_transit_either,,
080050049521,1,,,no_transit_either,,
080050056252,1,,,no_transit_either,,
080050056303,1,,,no_transit_either,,
080050056341,1,,,no_transit_either,,
080050056353,1,,,no_transit_either,,
080050067051,1,,,no_transit_either,,
080050071103,1,,,no_transit_either,,
080050071121,1,,,no_transit_either,,
080050071132,1,,,no_transit_either,,
080050072021,1,,,no_transit_either,,
080050077021,1,,,no_transit_either,,
080050802004,1,,,no_transit_either,,
080050807001,1,,,no_transit_either,,
080050814003,1,,,no_transit_either,,
080050831003,1,,,no_transit_either,,
080050846003,1,,,no_transit_either,,
080050846004,1,,,no_transit_either,,
080050851003,1,,,no_transit_either,,
080050860012,1,,,no_transit_either,,
080050864002,1,,,no_transit_either,,
080050869002,1,,,no_transit_either,,
080050873012,1,,,no_transit_either,,
080130122062,1,,,no_transit_either,,
080130127055,1,,,no_transit_either,,
080130130062,1,,,no_transit_either,,
080130132152,1,,,no_transit_either,,
080130608024,1,,,no_transit_either,,
080150003003,1,,,no_transit_either,,
080310001022,1,,,no_transit_either,,
080310003014,1,,,no_transit_either,,
080310004011,1,,,no_transit_either,,
080310005011,1,,,no_transit_either,,
080310007041,1,,,no_transit_either,,
080310007061,1,,,no_transit_either,,
080310009053,1,,,no_transit_either,,
080310014033,1,,,no_transit_either,,
080310020003,1,,,no_transit_either,,
080310023001,1,,,no_transit_either,,
080310027042,1,,,no_transit_either,,
080310028023,1,,,no_transit_either,,
080310030032,1,,,no_transit_either,,
080310030043,1,,,no_transit_either,,
080310032021,1,,,no_transit_either,,
080310037021,1,,,no_transit_either,,
080310037031,1,,,no_transit_either,,
080310038022,1,,,no_transit_either,,
080310041046,1,,,no_transit_either,,
080310041111,1,,,no_transit_either,,
080310042011,1,,,no_transit_either,,
080310042015,1,,,no_transit_either,,
080310043061,1,,,no_transit_either,,
080310043082,1,,,no_transit_either,,
080310044041,1,,,no_transit_either,,
080310044042,1,,,no_transit_either,,
080310045031,1,,,no_transit_either,,
080310046023,2,,,no_transit_either,,
080310050032,1,,,no_transit_either,,
080310068141,1,,,no_transit_either,,
080310070061,1,,,no_transit_either,,
080310070372,1,,,no_transit_either,,
080310070373,1,,,no_transit_either,,
080310083911,1,,,no_transit_either,,
080310120011,1,,,no_transit_either,,
080310120152,1,,,no_transit_either,,
080310157001,1,,,no_transit_either,,
080350139103,1,,,no_transit_either,,
080350139115,1,,,no_transit_either,,
080350139131,1,,,no_transit_either,,
080350139141,1,,,no_transit_either,,
080350139151,1,,,no_transit_either,,
080350140062,1,,,no_transit_either,,
080350140132,1,,,no_transit_either,,
080350140143,1,,,no_transit_either,,
080350141122,1,,,no_transit_either,,
080350141281,1,,,no_transit_either,,
080350141332,1,,,no_transit_either,,
080350141381,1,,,no_transit_either,,
080350141392,1,,,no_transit_either,,
080350141443,1,,,no_transit_either,,
080350142032,1,,,no_transit_either,,
080350142061,1,,,no_transit_either,,
080350144091,1,,,no_transit_either,,
080350145061,1,,,no_transit_either,,
080370004022,1,,,no_transit_either,,
080410006003,1,,,no_transit_either,,
080410016002,1,,,no_transit_either,,
080410031004,1,,,no_transit_either,,
080410039142,1,,,no_transit_either,,
080410045131,1,,,no_transit_either,,
080410045174,1,,,no_transit_either,,
080410071032,1,,,no_transit_either,,
080410072061,1,,,no_transit_either,,
080410078011,1,,,no_transit_either,,
080439782001,1,,,no_transit_either,,
080490002071,1,,,no_transit_either,,
080519637021,1,,,no_transit_either,,
080590098282,1,,,no_transit_either,,
080590098583,1,,,no_transit_either,,
080590113001,1,,,no_transit_either,,
080590114021,1,,,no_transit_either,,
080590114022,1,,,no_transit_either,,
080590117024,1,,,no_transit_either,,
080590118061,1,,,no_transit_either,,
080590120471,1,,,no_transit_either,,
080590158003,1,,,no_transit_either,,
081010029161,1,,,no_transit_either,,
081190102034,1,,,no_transit_either,,
090034711003,1,,,no_transit_either,,
090034969007,1,,,no_transit_either,,
090075415002,1,,,no_transit_either,,
090076801023,1,,,no_transit_either,,
090091547006,1,,,no_transit_either,,
090091671024,1,,,no_transit_either,,
090091710001,1,,,no_transit_either,,
090091712022,1,,,no_transit_either,,
090091841015,1,,,no_transit_either,,
090091847003,1,,,no_transit_either,,
090091903011,1,,,no_transit_either,,
090091903025,1,,,no_transit_either,,
110010002012,1,,,no_transit_either,,
110010003003,1,,,no_transit_either,,
110010005021,1,,,no_transit_either,,
110010008022,1,,,no_transit_either,,
110010008043,1,,,no_transit_either,,
110010023012,1,,,no_transit_either,,
110010046002,1,,,no_transit_either,,
110010047032,1,,,no_transit_either,,
110010056011,1,,,no_transit_either,,
110010056013,1,,,no_transit_either,,
110010080022,1,,,no_transit_either,,
110010083022,1,,,no_transit_either,,
110010096033,1,,,no_transit_either,,
110010107002,1,,,no_transit_either,,
120090611004,1,,,no_transit_either,,
120090621084,1,,,no_transit_either,,
120090621121,1,,,no_transit_either,,
120090621152,1,,,no_transit_either,,
120090623013,1,,,no_transit_either,,
120090631061,1,,,no_transit_either,,
120090631082,1,,,no_transit_either,,
120090631092,1,,,no_transit_either,,
120090641021,1,,,no_transit_either,,
120090641022,2,,,no_transit_either,,
120090645002,2,,,no_transit_either,,
120090646011,1,,,no_transit_either,,
120090651301,1,,,no_transit_either,,
120090651302,1,,,no_transit_either,,
120090652313,1,,,no_transit_either,,
120090652371,1,,,no_transit_either,,
120090686011,1,,,no_transit_either,,
120090699043,1,,,no_transit_either,,
120090713461,1,,,no_transit_either,,
120090713482,1,,,no_transit_either,,
120090713502,1,,,no_transit_either,,
120090713541,1,,,no_transit_either,,
120090716011,1,,,no_transit_either,,
120110204172,1,,,no_transit_either,,
120110405021,1,,,no_transit_either,,
120110405023,1,,,no_transit_either,,
120110405051,1,,,no_transit_either,,
120110405061,1,,,no_transit_either,,
120110406023,1,,,no_transit_either,,
120110406024,1,,,no_transit_either,,
120110408022,1,,,no_transit_either,,
120110413004,1,,,no_transit_either,,
120110420001,1,,,no_transit_either,,
120110422002,1,,,no_transit_either,,
120110423011,1,,,no_transit_either,,
120110426012,1,,,no_transit_either,,
120110429004,1,,,no_transit_either,,
120110502073,1,,,no_transit_either,,
120110502081,1,,,no_transit_either,,
120110502083,1,,,no_transit_either,,
120110503152,1,,,no_transit_either,,
120110504012,1,,,no_transit_either,,
120110505011,1,,,no_transit_either,,
120110506022,1,,,no_transit_either,,
120110601051,1,,,no_transit_either,,
120110601131,1,,,no_transit_either,,
120110601133,1,,,no_transit_either,,
120110601155,1,,,no_transit_either,,
120110601242,1,,,no_transit_either,,
120110602102,1,,,no_transit_either,,
120110602142,1,,,no_transit_either,,
120110603022,1,,,no_transit_either,,
120110603033,1,,,no_transit_either,,
120110603051,1,,,no_transit_either,,
120110606031,1,,,no_transit_either,,
120110610013,1,,,no_transit_either,,
120110702112,1,,,no_transit_either,,
120110703142,1,,,no_transit_either,,
120110703312,1,,,no_transit_either,,
120110704022,1,,,no_transit_either,,
120110704052,1,,,no_transit_either,,
120110705013,1,,,no_transit_either,,
120110905032,1,,,no_transit_either,,
120110905043,1,,,no_transit_either,,
120110919013,1,,,no_transit_either,,
120111007003,1,,,no_transit_either,,
120111103232,1,,,no_transit_either,,
120111103261,1,,,no_transit_either,,
120111103274,1,,,no_transit_either,,
120111103451,1,,,no_transit_either,,
120111103582,1,,,no_transit_either,,
120111103611,1,,,no_transit_either,,
120111103622,1,,,no_transit_either,,
120150104022,1,,,no_transit_either,,
120150105032,1,,,no_transit_either,,
120150105051,1,,,no_transit_either,,
120150201013,1,,,no_transit_either,,
120150201014,1,,,no_transit_either,,
120150210011,1,,,no_transit_either,,
120150210031,1,,,no_transit_either,,
120150301022,1,,,no_transit_either,,
120150302011,1,,,no_transit_either,,
120150302014,1,,,no_transit_either,,
120150304011,1,,,no_transit_either,,
120150305071,1,,,no_transit_either,,
120150305072,1,,,no_transit_either,,
120190302063,1,,,no_transit_either,,
120190307082,1,,,no_transit_either,,
120310006002,1,,,no_transit_either,,
120310021022,1,,,no_transit_either,,
120310127043,1,,,no_transit_either,,
120310128005,1,,,no_transit_either,,
120310131001,1,,,no_transit_either,,
120310135254,1,,,no_transit_either,,
120310137281,1,,,no_transit_either,,
120330011031,1,,,no_transit_either,,
120330014024,1,,,no_transit_either,,
120330026042,1,,,no_transit_either,,
120330030022,1,,,no_transit_either,,
120330031003,1,,,no_transit_either,,
120330036123,1,,,no_transit_either,,
120350601032,1,,,no_transit_either,,
120390201011,1,,,no_transit_either,,
120390206003,1,,,no_transit_either,,
120530403022,1,,,no_transit_either,,
120530403032,1,,,no_transit_either,,
120530409071,1,,,no_transit_either,,
120530411042,1,,,no_transit_either,,
120530414013,1,,,no_transit_either,,
120570101051,1,,,no_transit_either,,
120570102113,1,,,no_transit_either,,
120570102162,1,,,no_transit_either,,
120570103043,1,,,no_transit_either,,
120570108101,1,,,no_transit_either,,
120570108231,1,,,no_transit_either,,
120570110182,1,,,no_transit_either,,
120570110193,1,,,no_transit_either,,
120570122073,1,,,no_transit_either,,
120570122102,1,,,no_transit_either,,
120570122111,1,,,no_transit_either,,
120570122121,1,,,no_transit_either,,
120570122122,1,,,no_transit_either,,
120570130011,1,,,no_transit_either,,
120570134093,1,,,no_transit_either,,
120570134131,1,,,no_transit_either,,
120570134142,1,,,no_transit_either,,
120570135031,1,,,no_transit_either,,
120570136022,1,,,no_transit_either,,
120570137022,1,,,no_transit_either,,
120570138043,1,,,no_transit_either,,
120570139131,1,,,no_transit_either,,
120570139142,1,,,no_transit_either,,
120570139162,1,,,no_transit_either,,
120570139194,1,,,no_transit_either,,
120570139261,1,,,no_transit_either,,
120570141171,1,,,no_transit_either,,
120610508083,1,,,no_transit_either,,
120610508114,1,,,no_transit_either,,
120710009003,1,,,no_transit_either,,
120710010022,1,,,no_transit_either,,
120710012093,1,,,no_transit_either,,
120710017101,1,,,no_transit_either,,
120710101062,1,,,no_transit_either,,
120710101122,1,,,no_transit_either,,
120710102082,2,,,no_transit_either,,
120710103061,1,,,no_transit_either,,
120710104111,1,,,no_transit_either,,
120710104124,1,,,no_transit_either,,
120710203013,1,,,no_transit_either,,
120710204003,1,,,no_transit_either,,
120710208012,1,,,no_transit_either,,
120710401201,2,,,no_transit_either,,
120710401221,1,,,no_transit_either,,
120710401291,1,,,no_transit_either,,
120710401362,1,,,no_transit_either,,
120710402055,1,,,no_transit_either,,
120710402061,1,,,no_transit_either,,
120710402072,1,,,no_transit_either,,
120710402102,1,,,no_transit_either,,
120710403033,1,,,no_transit_either,,
120710403081,1,,,no_transit_either,,
120710403162,1,,,no_transit_either,,
120710501063,1,,,no_transit_either,,
120710502071,1,,,no_transit_either,,
120710503061,2,,,no_transit_either,,
120710503115,1,,,no_transit_either,,
120710503182,1,,,no_transit_either,,
120710503183,1,,,no_transit_either,,
120710503201,1,,,no_transit_either,,
120710503222,1,,,no_transit_either,,
120710504012,1,,,no_transit_either,,
120710505012,1,,,no_transit_either,,
120810001051,1,,,no_transit_either,,
120810003042,1,,,no_transit_either,,
120810004053,1,,,no_transit_either,,
120810004063,1,,,no_transit_either,,
120810004092,1,,,no_transit_either,,
120810008051,1,,,no_transit_either,,
120810011081,1,,,no_transit_either,,
120810014021,1,,,no_transit_either,,
120810014041,1,,,no_transit_either,,
120810020162,1,,,no_transit_either,,
120810020211,1,,,no_transit_either,,
120810020231,1,,,no_transit_either,,
120850004004,1,,,no_transit_either,,
120850011062,1,,,no_transit_either,,
120850013021,1,,,no_transit_either,,
120850014091,1,,,no_transit_either,,
120850016011,1,,,no_transit_either,,
120860001071,1,,,no_transit_either,,
120860001201,1,,,no_transit_either,,
120860002241,1,,,no_transit_either,,
120860002242,1,,,no_transit_either,,
120860003083,1,,,no_transit_either,,
120860003102,1,,,no_transit_either,,
120860006101,1,,,no_transit_either,,
120860007103,1,,,no_transit_either,,
120860007121,1,,,no_transit_either,,
120860009071,1,,,no_transit_either,,
120860011041,1,,,no_transit_either,,
120860012043,1,,,no_transit_either,,
120860012061,1,,,no_transit_either,,
120860015023,1,,,no_transit_either,,
120860039171,1,,,no_transit_either,,
120860040005,1,,,no_transit_either,,
120860043011,1,,,no_transit_either,,
120860044063,2,,,no_transit_either,,
120860045005,1,,,no_transit_either,,
120860046023,1,,,no_transit_either,,
120860102121,1,,,no_transit_either,,
120860106201,1,,,no_transit_either,,
120860107091,1,,,no_transit_either,,
120860110082,1,,,no_transit_either,,
120860198011,1,,,no_transit_either,,
120860201001,1,,,no_transit_either,,
120879706002,1,,,no_transit_either,,
120879719002,1,,,no_transit_either,,
120879727003,1,,,no_transit_either,,
120939101011,1,,,no_transit_either,,
120939104012,1,,,no_transit_either,,
120950123032,1,,,no_transit_either,,
120950123041,2,,,no_transit_either,,
120950127011,1,,,no_transit_either,,
120950135113,1,,,no_transit_either,,
120950136071,1,,,no_transit_either,,
120950138031,1,,,no_transit_either,,
120950141001,1,,,no_transit_either,,
120950147061,1,,,no_transit_either,,
120950148074,1,,,no_transit_either,,
120950148102,1,,,no_transit_either,,
120950148121,1,,,no_transit_either,,
120950149042,2,,,no_transit_either,,
120950149091,1,,,no_transit_either,,
120950150062,1,,,no_transit_either,,
120950152043,1,,,no_transit_either,,
120950153002,1,,,no_transit_either,,
120950159012,1,,,no_transit_either,,
120950161003,1,,,no_transit_either,,
120950164131,1,,,no_transit_either,,
120950165121,1,,,no_transit_either,,
120950165151,1,,,no_transit_either,,
120950166071,2,,,no_transit_either,,
120950167133,1,,,no_transit_either,,
120950167352,1,,,no_transit_either,,
120950167431,1,,,no_transit_either,,
120950167532,1,,,no_transit_either,,
120950168024,1,,,no_transit_either,,
120950168101,1,,,no_transit_either,,
120950168112,1,,,no_transit_either,,
120950168113,1,,,no_transit_either,,
120950168121,2,,,no_transit_either,,
120950168131,1,,,no_transit_either,,
120950169111,1,,,no_transit_either,,
120950170133,1,,,no_transit_either,,
120950170181,1,,,no_transit_either,,
120950170221,2,,,no_transit_either,,
120950171082,1,,,no_transit_either,,
120950171093,1,,,no_transit_either,,
120950171103,1,,,no_transit_either,,
120950171122,1,,,no_transit_either,,
120950171143,1,,,no_transit_either,,
120950171173,1,,,no_transit_either,,
120950171181,1,,,no_transit_either,,
120950171201,1,,,no_transit_either,,
120950171221,1,,,no_transit_either,,
120950173011,1,,,no_transit_either,,
120950175062,1,,,no_transit_either,,
120950177013,1,,,no_transit_either,,
120970408071,1,,,no_transit_either,,
120970408082,1,,,no_transit_either,,
120970408092,1,,,no_transit_either,,
120970409041,1,,,no_transit_either,,
120970411011,1,,,no_transit_either,,
120970411022,1,,,no_transit_either,,
120970413011,1,,,no_transit_either,,
120970418002,1,,,no_transit_either,,
120970421001,2,,,no_transit_either,,
120970421002,1,,,no_transit_either,,
120970422011,1,,,no_transit_either,,
120970426031,1,,,no_transit_either,,
120970426041,1,,,no_transit_either,,
120970429012,1,,,no_transit_either,,
120970432032,1,,,no_transit_either,,
120970432083,1,,,no_transit_either,,
120970433032,1,,,no_transit_either,,
120970436002,1,,,no_transit_either,,
120970437001,1,,,no_transit_either,,
120990002172,1,,,no_transit_either,,
120990002211,1,,,no_transit_either,,
120990004063,1,,,no_transit_either,,
120990005053,1,,,no_transit_either,,
120990007022,1,,,no_transit_either,,
120990008051,1,,,no_transit_either,,
120990009052,1,,,no_transit_either,,
120990019131,1,,,no_transit_either,,
120990019173,1,,,no_transit_either,,
120990033002,1,,,no_transit_either,,
120990038023,1,,,no_transit_either,,
120990046022,2,,,no_transit_either,,
120990047061,1,,,no_transit_either,,
120990052022,1,,,no_transit_either,,
120990058073,1,,,no_transit_either,,
120990059181,1,,,no_transit_either,,
120990059261,1,,,no_transit_either,,
120990060072,1,,,no_transit_either,,
120990070082,1,,,no_transit_either,,
120990077492,1,,,no_transit_either,,
120990077512,1,,,no_transit_either,,
120990077522,1,,,no_transit_either,,
120990077722,1,,,no_transit_either,,
120990077791,1,,,no_transit_either,,
120990078051,1,,,no_transit_either,,
120990078121,1,,,no_transit_either,,
120990078331,1,,,no_transit_either,,
120990080011,1,,,no_transit_either,,
120990080021,1,,,no_transit_either,,
121010302023,1,,,no_transit_either,,
121010310071,1,,,no_transit_either,,
121010310073,1,,,no_transit_either,,
121010311042,1,,,no_transit_either,,
121010317083,1,,,no_transit_either,,
121010318062,2,,,no_transit_either,,
121010322003,1,,,no_transit_either,,
121010328042,1,,,no_transit_either,,
121010329011,1,,,no_transit_either,,
121010329013,1,,,no_transit_either,,
121010329022,1,,,no_transit_either,,
121010330051,1,,,no_transit_either,,
121030226012,1,,,no_transit_either,,
121030227002,1,,,no_transit_either,,
121030245071,1,,,no_transit_either,,
121030250192,1,,,no_transit_either,,
121030251062,1,,,no_transit_either,,
121030251081,1,,,no_transit_either,,
121030251122,1,,,no_transit_either,,
121030251212,1,,,no_transit_either,,
121030252073,1,,,no_transit_either,,
121030264012,1,,,no_transit_either,,
121030268092,1,,,no_transit_either,,
121030268141,1,,,no_transit_either,,
121030268161,1,,,no_transit_either,,
121030269121,1,,,no_transit_either,,
121030269123,1,,,no_transit_either,,
121030270003,2,,,no_transit_either,,
121030271061,1,,,no_transit_either,,
121030272023,1,,,no_transit_either,,
121030272063,1,,,no_transit_either,,
121030272091,1,,,no_transit_either,,
121030272122,1,,,no_transit_either,,
121030273092,1,,,no_transit_either,,
121030273162,1,,,no_transit_either,,
121030273171,1,,,no_transit_either,,
121030273172,1,,,no_transit_either,,
121030273173,1,,,no_transit_either,,
121030273194,1,,,no_transit_either,,
121030273202,1,,,no_transit_either,,
121030273321,1,,,no_transit_either,,
121030275012,1,,,no_transit_either,,
121030276052,1,,,no_transit_either,,
121030279012,1,,,no_transit_either,,
121030287001,1,,,no_transit_either,,
121050105021,1,,,no_transit_either,,
121050112021,1,,,no_transit_either,,
121050122071,1,,,no_transit_either,,
121050123033,1,,,no_transit_either,,
121050123041,1,,,no_transit_either,,
121050125092,1,,,no_transit_either,,
121050127011,1,,,no_transit_either,,
121050128044,1,,,no_transit_either,,
121050137022,1,,,no_transit_either,,
121050140013,1,,,no_transit_either,,
121050142021,1,,,no_transit_either,,
121050144011,1,,,no_transit_either,,
121050149061,1,,,no_transit_either,,
121050153022,1,,,no_transit_either,,
121050156002,1,,,no_transit_either,,
121050158012,1,,,no_transit_either,,
121090206052,1,,,no_transit_either,,
121090207072,1,,,no_transit_either,,
121090209043,1,,,no_transit_either,,
121090209061,1,,,no_transit_either,,
121090211013,1,,,no_transit_either,,
121113803003,1,,,no_transit_either,,
121113813001,1,,,no_transit_either,,
121113815042,1,,,no_transit_either,,
121113818042,1,,,no_transit_either,,
121113820121,1,,,no_transit_either,,
121113821101,1,,,no_transit_either,,
121113821162,1,,,no_transit_either,,
121113821171,1,,,no_transit_either,,
121113821261,1,,,no_transit_either,,
121113821282,1,,,no_transit_either,,
121113822022,1,,,no_transit_either,,
121130105051,1,,,no_transit_either,,
121130105062,1,,,no_transit_either,,
121130107044,1,,,no_transit_either,,
121130107091,1,,,no_transit_either,,
121150004073,1,,,no_transit_either,,
121150005032,1,,,no_transit_either,,
121150012053,1,,,no_transit_either,,
121150014043,1,,,no_transit_either,,
121150018014,1,,,no_transit_either,,
121150020131,1,,,no_transit_either,,
121150020161,1,,,no_transit_either,,
121150022041,1,,,no_transit_either,,
121150025091,1,,,no_transit_either,,
121150027251,1,,,no_transit_either,,
121150027423,1,,,no_transit_either,,
121239503022,1,,,no_transit_either,,
130131802053,1,,,no_transit_either,,
130131803023,1,,,no_transit_either,,
130299203031,1,,,no_transit_either,,
130351501024,1,,,no_transit_either,,
130510038001,1,,,no_transit_either,,
130510040021,1,,,no_transit_either,,
130510107032,1,,,no_transit_either,,
130510115002,1,,,no_transit_either,,
130630402021,1,,,no_transit_either,,
130630404162,1,,,no_transit_either,,
130630404203,1,,,no_transit_either,,
130630405133,1,,,no_transit_either,,
130630405193,1,,,no_transit_either,,
130630405251,1,,,no_transit_either,,
130630406271,1,,,no_transit_either,,
130630406311,1,,,no_transit_either,,
130670302201,1,,,no_transit_either,,
130670303262,1,,,no_transit_either,,
130670303472,1,,,no_transit_either,,
130670303521,1,,,no_transit_either,,
130670309124,1,,,no_transit_either,,
130670310044,1,,,no_transit_either,,
130670310071,1,,,no_transit_either,,
130670311141,1,,,no_transit_either,,
130670311162,1,,,no_transit_either,,
130670311182,1,,,no_transit_either,,
130670311191,1,,,no_transit_either,,
130670313163,1,,,no_transit_either,,
130670314101,1,,,no_transit_either,,
130670314141,1,,,no_transit_either,,
130670315124,1,,,no_transit_either,,
130890201002,1,,,no_transit_either,,
130890208021,1,,,no_transit_either,,
130890209021,1,,,no_transit_either,,
130890212301,1,,,no_transit_either,,
130890214151,1,,,no_transit_either,,
130890217032,1,,,no_transit_either,,
130890224052,1,,,no_transit_either,,
130890225013,1,,,no_transit_either,,
130890226013,1,,,no_transit_either,,
130890232092,1,,,no_transit_either,,
130890234451,1,,,no_transit_either,,
130890237011,1,,,no_transit_either,,
131030302052,1,,,no_transit_either,,
131210012062,1,,,no_transit_either,,
131210018012,1,,,no_transit_either,,
131210053001,1,,,no_transit_either,,
131210067011,1,,,no_transit_either,,
131210070023,1,,,no_transit_either,,
131210077072,1,,,no_transit_either,,
131210080005,1,,,no_transit_either,,
131210082043,1,,,no_transit_either,,
131210084002,1,,,no_transit_either,,
131210089053,1,,,no_transit_either,,
131210094101,1,,,no_transit_either,,
131210096044,1,,,no_transit_either,,
131210101064,1,,,no_transit_either,,
131210101213,1,,,no_transit_either,,
131210102042,1,,,no_transit_either,,
131210103063,1,,,no_transit_either,,
131210103142,1,,,no_transit_either,,
131210104021,1,,,no_transit_either,,
131210105221,1,,,no_transit_either,,
131210105264,1,,,no_transit_either,,
131210105361,1,,,no_transit_either,,
131210105372,1,,,no_transit_either,,
131210105381,1,,,no_transit_either,,
131210114294,1,,,no_transit_either,,
131210114383,1,,,no_transit_either,,
131210114413,1,,,no_transit_either,,
131210114422,1,,,no_transit_either,,
131210114432,1,,,no_transit_either,,
131210116121,1,,,no_transit_either,,
131210116451,1,,,no_transit_either,,
131210116493,1,,,no_transit_either,,
131210116541,1,,,no_transit_either,,
131210116581,1,,,no_transit_either,,
131210123002,1,,,no_transit_either,,
131270010022,1,,,no_transit_either,,
131270010023,1,,,no_transit_either,,
131350502242,1,,,no_transit_either,,
131350502282,1,,,no_transit_either,,
131350504253,1,,,no_transit_either,,
131350504303,1,,,no_transit_either,,
131350504601,1,,,no_transit_either,,
131350505213,1,,,no_transit_either,,
131350505221,1,,,no_transit_either,,
131350505261,1,,,no_transit_either,,
131350505263,1,,,no_transit_either,,
131350505541,1,,,no_transit_either,,
131350505602,1,,,no_transit_either,,
131350505802,1,,,no_transit_either,,
131350505911,1,,,no_transit_either,,
131350506172,1,,,no_transit_either,,
131350506191,1,,,no_transit_either,,
131350506231,1,,,no_transit_either,,
131350507551,1,,,no_transit_either,,
131350507652,1,,,no_transit_either,,
131499702002,1,,,no_transit_either,,
131510701261,1,,,no_transit_either,,
131510703161,1,,,no_transit_either,,
131510703221,1,,,no_transit_either,,
131510703222,1,,,no_transit_either,,
131510704101,1,,,no_transit_either,,
131510705082,1,,,no_transit_either,,
131850106042,1,,,no_transit_either,,
132150020001,1,,,no_transit_either,,
132150022003,1,,,no_transit_either,,
132150101101,1,,,no_transit_either,,
132171008021,1,,,no_transit_either,,
132310103003,1,,,no_transit_either,,
132470603152,1,,,no_transit_either,,
132470604102,1,,,no_transit_either,,
132639603001,1,,,no_transit_either,,
132930102021,1,,,no_transit_either,,
132971102003,1,,,no_transit_either,,
132971103022,1,,,no_transit_either,,
132971105043,1,,,no_transit_either,,
132971105082,1,,,no_transit_either,,
150030001192,1,,,no_transit_either,,
150030001201,1,,,no_transit_either,,
150030019071,1,,,no_transit_either,,
150030027023,1,,,no_transit_either,,
150030034091,1,,,no_transit_either,,
150030034132,1,,,no_transit_either,,
150030068133,1,,,no_transit_either,,
150030068142,1,,,no_transit_either,,
150030074002,1,,,no_transit_either,,
150030078081,1,,,no_transit_either,,
150030103051,1,,,no_transit_either,,
150030106023,1,,,no_transit_either,,
170010001001,1,,,no_transit_either,,
170010001002,1,,,no_transit_either,,
170010002021,2,,,no_transit_either,,
170010006003,1,,,no_transit_either,,
170010011001,1,,,no_transit_either,,
170010011004,1,,,no_transit_either,,
170010101003,1,,,no_transit_either,,
170010105001,1,,,no_transit_either,,
170010106004,1,,,no_transit_either,,
170059513002,1,,,no_transit_either,,
170070101011,2,,,no_transit_either,,
170070101012,1,,,no_transit_either,,
170070101021,3,,,no_transit_either,,
170070101022,1,,,no_transit_either,,
170070101023,3,,,no_transit_either,,
170070102001,4,,,no_transit_either,,
170070102002,5,,,no_transit_either,,
170070102003,5,,,no_transit_either,,
170070103001,4,,,no_transit_either,,
170070103002,2,,,no_transit_either,,
170070103003,1,,,no_transit_either,,
170070103004,5,,,no_transit_either,,
170070104001,5,,,no_transit_either,,
170070104002,2,,,no_transit_either,,
170070104003,1,,,no_transit_either,,
170070104004,8,,,no_transit_either,,
170070105011,3,,,no_transit_either,,
170070105012,3,,,no_transit_either,,
170070105021,3,,,no_transit_either,,
170070105022,3,,,no_transit_either,,
170070105023,6,,,no_transit_either,,
170070106011,3,,,no_transit_either,,
170070106012,1,,,no_transit_either,,
170070106013,1,,,no_transit_either,,
170070106031,7,,,no_transit_either,,
170070106032,1,,,no_transit_either,,
170070106033,2,,,no_transit_either,,
170070106034,8,,,no_transit_either,,
170070106041,1,,,no_transit_either,,
170070106042,2,,,no_transit_either,,
170070106043,1,,,no_transit_either,,
170099704002,1,,,no_transit_either,,
170099705002,1,,,no_transit_either,,
170119647001,1,,,no_transit_either,,
170119648002,1,,,no_transit_either,,
170119649003,1,,,no_transit_either,,
170119651003,1,,,no_transit_either,,
170119652001,2,,,no_transit_either,,
170119652003,1,,,no_transit_either,,
170119655001,1,,,no_transit_either,,
170119655003,1,,,no_transit_either,,
170119656002,1,,,no_transit_either,,
170159601001,2,,,no_transit_either,,
170159601003,1,,,no_transit_either,,
170159602001,1,,,no_transit_either,,
170159602002,1,,,no_transit_either,,
170159603001,1,,,no_transit_either,,
170159603004,1,,,no_transit_either,,
170159604002,1,,,no_transit_either,,
170159606001,1,,,no_transit_either,,
170159606002,1,,,no_transit_either,,
170179603002,1,,,no_transit_either,,
170190002001,1,,,no_transit_either,,
170190002002,1,,,no_transit_either,,
170190003011,3,,,no_transit_either,,
170190003012,1,,,no_transit_either,,
170190003022,2,,,no_transit_either,,
170190004011,1,,,no_transit_either,,
170190004012,2,,,no_transit_either,,
170190004021,1,,,no_transit_either,,
170190004022,2,,,no_transit_either,,
170190005001,1,,,no_transit_either,,
170190005002,1,,,no_transit_either,,
170190007002,2,,,no_transit_either,,
170190007003,2,,,no_transit_either,,
170190008001,2,,,no_transit_either,,
170190008004,2,,,no_transit_either,,
170190009011,1,,,no_transit_either,,
170190009012,1,,,no_transit_either,,
170190009021,1,,,no_transit_either,,
170190009022,1,,,no_transit_either,,
170190009023,1,,,no_transit_either,,
170190010001,1,,,no_transit_either,,
170190010003,1,,,no_transit_either,,
170190010005,2,,,no_transit_either,,
170190011001,1,,,no_transit_either,,
170190011003,1,,,no_transit_either,,
170190012012,2,,,no_transit_either,,
170190012014,1,,,no_transit_either,,
170190012015,2,,,no_transit_either,,
170190012032,2,,,no_transit_either,,
170190012033,1,,,no_transit_either,,
170190012041,8,,,no_transit_either,,
170190012052,2,,,no_transit_either,,
170190012061,1,,,no_transit_either,,
170190013011,2,,,no_transit_either,,
170190013012,1,,,no_transit_either,,
170190013013,1,,,no_transit_either,,
170190013014,1,,,no_transit_either,,
170190013015,1,,,no_transit_either,,
170190014001,4,,,no_transit_either,,
170190014002,1,,,no_transit_either,,
170190053001,1,,,no_transit_either,,
170190053003,2,,,no_transit_either,,
170190054011,2,,,no_transit_either,,
170190054012,1,,,no_transit_either,,
170190054013,1,,,no_transit_either,,
170190054021,1,,,no_transit_either,,
170190054022,1,,,no_transit_either,,
170190054023,1,,,no_transit_either,,
170190055005,1,,,no_transit_either,,
170190056011,1,,,no_transit_either,,
170190056012,1,,,no_transit_either,,
170190056013,1,,,no_transit_either,,
170190056014,1,,,no_transit_either,,
170190056021,1,,,no_transit_either,,
170190056022,2,,,no_transit_either,,
170190057011,1,,,no_transit_either,,
170190057014,2,,,no_transit_either,,
170190057021,1,,,no_transit_either,,
170190058001,1,,,no_transit_either,,
170190058002,1,,,no_transit_either,,
170190058004,3,,,no_transit_either,,
170190059011,1,,,no_transit_either,,
170190060001,2,,,no_transit_either,,
170190101001,2,,,no_transit_either,,
170190101003,1,,,no_transit_either,,
170190101004,2,,,no_transit_either,,
170190102045,1,,,no_transit_either,,
170190103002,2,,,no_transit_either,,
170190104002,1,,,no_transit_either,,
170190104004,3,,,no_transit_either,,
170190104005,2,,,no_transit_either,,
170190105001,1,,,no_transit_either,,
170190105002,1,,,no_transit_either,,
170190105004,1,,,no_transit_either,,
170190106011,5,,,no_transit_either,,
170190106012,2,,,no_transit_either,,
170190106031,1,,,no_transit_either,,
170190106032,2,,,no_transit_either,,
170190106033,1,,,no_transit_either,,
170190106034,3,,,no_transit_either,,
170190106041,4,,,no_transit_either,,
170190106042,1,,,no_transit_either,,
170190107011,1,,,no_transit_either,,
170190107021,1,,,no_transit_either,,
170190107024,1,,,no_transit_either,,
170190108001,1,,,no_transit_either,,
170190108003,2,,,no_transit_either,,
170190108005,1,,,no_transit_either,,
170190109013,1,,,no_transit_either,,
170190109015,2,,,no_transit_either,,
170190109021,3,,,no_transit_either,,
170190109023,1,,,no_transit_either,,
170190110013,1,,,no_transit_either,,
170190110021,1,,,no_transit_either,,
170219584003,1,,,no_transit_either,,
170219587003,2,,,no_transit_either,,
170219588002,1,,,no_transit_either,,
170219589002,1,,,no_transit_either,,
170219589003,1,,,no_transit_either,,
170219590003,1,,,no_transit_either,,
170219590005,1,,,no_transit_either,,
170230601002,2,,,no_transit_either,,
170230602003,1,,,no_transit_either,,
170259720001,1,,,no_transit_either,,
170279001001,1,,,no_transit_either,,
170279001003,1,,,no_transit_either,,
170279001004,1,,,no_transit_either,,
170279002002,1,,,no_transit_either,,
170279003001,4,,,no_transit_either,,
170279004011,1,,,no_transit_either,,
170279004031,1,,,no_transit_either,,
170279004033,1,,,no_transit_either,,
170279005001,2,,,no_transit_either,,
170279005004,1,,,no_transit_either,,
170279005005,1,,,no_transit_either,,
170279006021,1,,,no_transit_either,,
170279006023,1,,,no_transit_either,,
170279006024,4,,,no_transit_either,,
170290004003,1,,,no_transit_either,,
170290006001,1,,,no_transit_either,,
170290008003,1,,,no_transit_either,,
170290009003,1,,,no_transit_either,,
170290011003,1,,,no_transit_either,,
170310101001,2,76,74,both,2,2.63157894736842
170310101002,10,71,67,both,4,5.63380281690141
170310101003,11,74,70,both,4,5.40540540540541
170310102011,10,74,74,both,0,0
170310102012,2,73,69,both,4,5.47945205479452
170310102013,12,78,69,both,9,11.5384615384615
170310102014,4,75,66,both,9,12
170310102021,4,69,66,both,3,4.34782608695652
170310102022,3,74,71,both,3,4.05405405405405
170310103001,8,78,77,both,1,1.28205128205128
170310103002,8,74,70,both,4,5.40540540540541
170310103003,2,80,80,both,0,0
170310104001,4,81,80,both,1,1.23456790123457
170310104002,2,79,76,both,3,3.79746835443038
170310104003,13,76,76,both,0,0
170310105011,3,77,73,both,4,5.1948051948052
170310105012,10,79,76,both,3,3.79746835443038
170310105013,7,77,75,both,2,2.5974025974026
170310105021,6,78,78,both,0,0
170310105022,1,80,78,both,2,2.5
170310105031,9,77,77,both,0,0
170310105032,4,75,75,both,0,0
170310106001,9,79,73,both,6,7.59493670886076
170310106002,4,79,71,both,8,10.126582278481
170310106003,11,80,80,both,0,0
170310106004,5,76,67,both,9,11.8421052631579
170310107011,12,77,65,both,12,15.5844155844156
170310107012,11,76,65,both,11,14.4736842105263
170310107021,3,75,64,both,11,14.6666666666667
170310107022,1,75,64,both,11,14.6666666666667
170310107023,8,78,65,both,13,16.6666666666667
170310107024,3,76,66,both,10,13.1578947368421
170310201001,14,72,72,both,0,0
170310201002,11,80,76,both,4,5
170310202001,7,65,65,both,0,0
170310202002,10,74,74,both,0,0
170310202003,9,70,70,both,0,0
170310202004,8,74,74,both,0,0
170310203011,3,65,65,both,0,0
170310203012,9,73,73,both,0,0
170310203013,12,65,65,both,0,0
170310203021,2,65,65,both,0,0
170310203022,5,67,67,both,0,0
170310203023,4,68,68,both,0,0
170310204001,4,72,72,both,0,0
170310204002,5,74,70,both,4,5.40540540540541
170310204003,5,75,74,both,1,1.33333333333333
170310205001,12,77,74,both,3,3.8961038961039
170310205002,13,72,72,both,0,0
170310205003,7,79,77,both,2,2.53164556962025
170310205004,8,74,74,both,0,0
170310206011,18,67,67,both,0,0
170310206012,22,65,65,both,0,0
170310206013,15,63,63,both,0,0
170310206021,3,71,71,both,0,0
170310206022,6,70,70,both,0,0
170310206023,9,69,69,both,0,0
170310206024,10,71,71,both,0,0
170310207011,6,63,63,both,0,0
170310207012,12,60,60,both,0,0
170310207021,8,63,63,both,0,0
170310207022,20,64,64,both,0,0
170310207023,8,63,63,both,0,0
170310207024,9,62,62,both,0,0
170310208011,6,64,64,both,0,0
170310208012,10,62,62,both,0,0
170310208013,12,62,62,both,0,0
170310208014,11,64,64,both,0,0
170310208021,11,64,64,both,0,0
170310208022,10,63,63,both,0,0
170310208023,11,64,64,both,0,0
170310208024,13,68,68,both,0,0
170310209011,11,71,71,both,0,0
170310209012,4,74,66,both,8,10.8108108108108
170310209013,20,67,67,both,0,0
170310209021,12,72,63,both,9,12.5
170310209022,6,67,63,both,4,5.97014925373134
170310301011,6,74,74,both,0,0
170310301012,3,76,76,both,0,0
170310301013,4,75,75,both,0,0
170310301014,7,76,76,both,0,0
170310301021,5,77,77,both,0,0
170310301022,6,76,76,both,0,0
170310301023,9,77,77,both,0,0
170310301031,6,75,75,both,0,0
170310301032,6,77,77,both,0,0
170310301041,14,79,79,both,0,0
170310302001,8,78,78,both,0,0
170310302002,9,76,74,both,2,2.63157894736842
170310302003,5,76,66,both,10,13.1578947368421
170310302004,6,78,74,both,4,5.12820512820513
170310303001,1,76,66,both,10,13.1578947368421
170310303002,4,71,63,both,8,11.2676056338028
170310304001,13,71,63,both,8,11.2676056338028
170310304002,9,73,69,both,4,5.47945205479452
170310305001,9,75,74,both,1,1.33333333333333
170310305002,15,71,65,both,6,8.45070422535211
170310305003,3,73,72,both,1,1.36986301369863
170310305004,12,73,71,both,2,2.73972602739726
170310306011,3,75,75,both,0,0
170310306012,1,74,74,both,0,0
170310306013,7,75,75,both,0,0
170310306032,4,74,74,both,0,0
170310306041,13,73,73,both,0,0
170310306042,11,76,76,both,0,0
170310306043,7,75,75,both,0,0
170310307011,26,72,72,both,0,0
170310307021,6,69,69,both,0,0
170310307022,8,71,71,both,0,0
170310307031,5,66,66,both,0,0
170310307032,1,67,67,both,0,0
170310307033,10,69,69,both,0,0
170310307061,8,67,67,both,0,0
170310307062,10,71,71,both,0,0
170310308001,5,70,70,both,0,0
170310308002,4,67,67,both,0,0
170310308003,3,64,64,both,0,0
170310308004,7,61,61,both,0,0
170310309001,2,67,67,both,0,0
170310309002,1,64,64,both,0,0
170310309003,4,62,62,both,0,0
170310309004,2,59,59,both,0,0
170310310001,12,60,60,both,0,0
170310310002,11,63,63,both,0,0
170310310003,14,63,62,both,1,1.58730158730159
170310311001,9,66,66,both,0,0
170310311002,3,68,68,both,0,0
170310311003,11,63,63,both,0,0
170310312001,3,67,67,both,0,0
170310312002,8,68,68,both,0,0
170310312003,3,67,67,both,0,0
170310312004,9,68,68,both,0,0
170310313001,4,71,71,both,0,0
170310313002,3,71,71,both,0,0
170310313003,3,67,67,both,0,0
170310313004,20,69,69,both,0,0
170310313005,8,68,68,both,0,0
170310314001,13,73,73,both,0,0
170310314002,3,69,69,both,0,0
170310314003,5,69,69,both,0,0
170310314004,13,67,67,both,0,0
170310314005,9,71,71,both,0,0
170310315011,5,69,69,both,0,0
170310315012,6,69,69,both,0,0
170310315013,6,73,73,both,0,0
170310315021,10,69,69,both,0,0
170310315022,9,72,72,both,0,0
170310315023,7,72,72,both,0,0
170310317001,20,64,64,both,0,0
170310317002,13,64,64,both,0,0
170310317003,11,64,64,both,0,0
170310317004,9,64,64,both,0,0
170310318001,13,63,62,both,1,1.58730158730159
170310319001,4,63,62,both,1,1.58730158730159
170310319002,9,61,61,both,0,0
170310321001,12,69,69,both,0,0
170310321002,9,67,67,both,0,0
170310321003,16,63,63,both,0,0
170310321004,11,69,69,both,0,0
170310321005,4,64,64,both,0,0
170310401001,7,60,60,both,0,0
170310401002,10,56,56,both,0,0
170310401003,5,57,57,both,0,0
170310402011,9,57,57,both,0,0
170310402012,9,53,53,both,0,0
170310402013,12,55,55,both,0,0
170310402014,14,57,57,both,0,0
170310402021,9,58,58,both,0,0
170310402022,16,54,54,both,0,0
170310402023,7,56,56,both,0,0
170310402024,27,60,60,both,0,0
170310403001,7,55,55,both,0,0
170310403002,5,50,50,both,0,0
170310403003,8,55,55,both,0,0
170310404011,3,57,57,both,0,0
170310404012,6,58,58,both,0,0
170310404013,6,56,56,both,0,0
170310404014,7,59,59,both,0,0
170310404021,6,58,58,both,0,0
170310404022,3,58,58,both,0,0
170310404023,5,60,60,both,0,0
170310404024,2,59,59,both,0,0
170310404025,9,61,60,both,1,1.63934426229508
170310406001,5,60,60,both,0,0
170310406002,2,60,60,both,0,0
170310406003,9,58,58,both,0,0
170310407001,6,57,57,both,0,0
170310407002,4,56,56,both,0,0
170310407003,5,56,56,both,0,0
170310407004,6,54,54,both,0,0
170310408001,9,54,54,both,0,0
170310408002,5,54,54,both,0,0
170310409001,10,58,58,both,0,0
170310409002,3,56,56,both,0,0
170310501001,4,60,60,both,0,0
170310501002,4,57,57,both,0,0
170310502001,5,56,56,both,0,0
170310502002,5,59,59,both,0,0
170310502003,1,53,53,both,0,0
170310503001,6,56,56,both,0,0
170310503002,5,52,52,both,0,0
170310503003,3,53,53,both,0,0
170310505001,5,53,53,both,0,0
170310505002,7,54,54,both,0,0
170310505003,3,55,55,both,0,0
170310505004,10,54,54,both,0,0
170310505005,2,53,53,both,0,0
170310506001,8,56,56,both,0,0
170310506002,5,56,55,both,1,1.78571428571429
170310507001,5,55,55,both,0,0
170310508001,1,54,54,both,0,0
170310509001,11,52,52,both,0,0
170310510001,13,50,50,both,0,0
170310511001,8,51,51,both,0,0
170310512001,2,55,55,both,0,0
170310512002,3,52,52,both,0,0
170310513001,9,53,53,both,0,0
170310513002,7,51,51,both,0,0
170310514001,14,51,51,both,0,0
170310514002,5,52,51,both,1,1.92307692307692
170310601001,7,63,63,both,0,0
170310601002,6,60,60,both,0,0
170310601003,7,62,62,both,0,0
170310602001,3,62,62,both,0,0
170310602002,5,58,58,both,0,0
170310603001,7,58,58,both,0,0
170310603002,2,57,56,both,1,1.75438596491228
170310604001,4,61,61,both,0,0
170310604002,4,59,59,both,0,0
170310604003,10,60,60,both,0,0
170310605001,1,62,62,both,0,0
170310608001,14,67,67,both,0,0
170310608003,16,67,67,both,0,0
170310608004,21,67,67,both,0,0
170310609001,12,64,64,both,0,0
170310609003,5,68,68,both,0,0
170310609004,8,65,65,both,0,0
170310609005,9,65,65,both,0,0
170310609006,23,65,65,both,0,0
170310610001,23,63,63,both,0,0
170310611001,6,63,63,both,0,0
170310612001,23,60,60,both,0,0
170310615001,13,60,60,both,0,0
170310618001,12,63,63,both,0,0
170310619011,6,67,67,both,0,0
170310619012,5,67,67,both,0,0
170310619013,11,64,64,both,0,0
170310619014,7,63,63,both,0,0
170310619021,10,64,64,both,0,0
170310619022,23,65,65,both,0,0
170310619023,16,67,67,both,0,0
170310620001,13,64,64,both,0,0
170310620002,5,66,66,both,0,0
170310621001,2,64,64,both,0,0
170310621002,6,65,65,both,0,0
170310621003,15,60,60,both,0,0
170310622001,7,61,61,both,0,0
170310622002,5,60,60,both,0,0
170310623001,11,57,57,both,0,0
170310624001,11,56,56,both,0,0
170310625001,14,54,54,both,0,0
170310626001,16,55,55,both,0,0
170310627001,4,57,57,both,0,0
170310627002,2,54,54,both,0,0
170310627003,6,57,57,both,0,0
170310628001,2,59,59,both,0,0
170310628002,5,55,55,both,0,0
170310628003,12,59,59,both,0,0
170310629001,11,60,60,both,0,0
170310629002,7,57,57,both,0,0
170310629003,12,60,60,both,0,0
170310630001,7,62,62,both,0,0
170310630002,9,59,59,both,0,0
170310630003,8,62,62,both,0,0
170310631001,9,64,64,both,0,0
170310631002,13,61,61,both,0,0
170310632001,9,64,64,both,0,0
170310632002,4,64,64,both,0,0
170310632003,5,64,64,both,0,0
170310632004,3,63,63,both,0,0
170310632005,5,64,64,both,0,0
170310632006,12,65,65,both,0,0
170310633011,9,62,62,both,0,0
170310633013,3,62,62,both,0,0
170310633021,5,64,64,both,0,0
170310633022,7,64,64,both,0,0
170310633023,4,64,64,both,0,0
170310633024,12,65,65,both,0,0
170310633031,1,65,65,both,0,0
170310634001,9,62,62,both,0,0
170310634002,7,64,64,both,0,0
170310701011,6,66,66,both,0,0
170310701012,4,68,68,both,0,0
170310701013,8,65,65,both,0,0
170310701021,17,66,66,both,0,0
170310701022,3,62,62,both,0,0
170310701023,4,64,64,both,0,0
170310701031,3,66,66,both,0,0
170310701032,8,67,67,both,0,0
170310702001,7,62,62,both,0,0
170310702002,5,63,63,both,0,0
170310702003,3,66,66,both,0,0
170310703001,14,61,61,both,0,0
170310703002,10,62,62,both,0,0
170310704001,2,59,59,both,0,0
170310704002,2,58,58,both,0,0
170310704003,5,60,60,both,0,0
170310705001,3,58,58,both,0,0
170310705002,6,57,57,both,0,0
170310705003,3,57,57,both,0,0
170310706001,6,55,55,both,0,0
170310706002,2,56,56,both,0,0
170310707001,8,54,54,both,0,0
170310707002,4,54,54,both,0,0
170310710001,5,59,59,both,0,0
170310710002,2,62,61,both,1,1.61290322580645
170310711001,6,64,63,both,1,1.5625
170310711002,4,63,63,both,0,0
170310712001,3,62,62,both,0,0
170310713001,9,68,67,both,1,1.47058823529412
170310713002,6,66,65,both,1,1.51515151515152
170310714001,4,67,67,both,0,0
170310714002,13,67,66,both,1,1.49253731343284
170310714003,11,69,69,both,0,0
170310714004,5,69,69,both,0,0
170310715001,5,65,65,both,0,0
170310715002,7,67,66,both,1,1.49253731343284
170310715003,7,68,67,both,1,1.47058823529412
170310715004,5,65,65,both,0,0
170310715005,4,64,64,both,0,0
170310715006,5,68,67,both,1,1.47058823529412
170310716001,3,66,65,both,1,1.51515151515152
170310717001,5,66,65,both,1,1.51515151515152
170310717002,2,61,61,both,0,0
170310718001,11,62,62,both,0,0
170310801002,2,66,66,both,0,0
170310801003,2,69,69,both,0,0
170310801004,2,68,68,both,0,0
170310801005,5,69,69,both,0,0
170310801006,4,66,66,both,0,0
170310801007,4,67,67,both,0,0
170310802011,10,64,64,both,0,0
170310802012,12,64,64,both,0,0
170310802013,8,67,67,both,0,0
170310802021,8,61,61,both,0,0
170310802022,11,63,63,both,0,0
170310802023,15,64,64,both,0,0
170310803001,5,63,63,both,0,0
170310803002,9,59,59,both,0,0
170310803003,1,64,64,both,0,0
170310803004,13,64,64,both,0,0
170310804001,19,63,63,both,0,0
170310804002,1,60,60,both,0,0
170310804003,9,62,62,both,0,0
170310810002,3,60,60,both,0,0
170310810003,5,61,61,both,0,0
170310810004,13,60,60,both,0,0
170310810005,7,61,61,both,0,0
170310810006,3,62,62,both,0,0
170310811001,9,64,64,both,0,0
170310811002,6,61,61,both,0,0
170310811003,4,63,63,both,0,0
170310812011,2,65,65,both,0,0
170310812012,2,62,62,both,0,0
170310812013,1,66,66,both,0,0
170310812021,5,68,68,both,0,0
170310812022,5,66,66,both,0,0
170310812023,3,65,65,both,0,0
170310812024,4,66,66,both,0,0
170310813001,7,66,66,both,0,0
170310813002,2,69,69,both,0,0
170310813003,3,65,65,both,0,0
170310813004,8,68,68,both,0,0
170310813005,5,67,67,both,0,0
170310813006,2,64,64,both,0,0
170310814011,6,64,64,both,0,0
170310814012,4,67,67,both,0,0
170310814021,22,66,66,both,0,0
170310814022,6,66,66,both,0,0
170310814023,7,66,66,both,0,0
170310814031,26,63,63,both,0,0
170310814032,5,64,64,both,0,0
170310814033,10,64,64,both,0,0
170310815001,6,62,62,both,0,0
170310815002,6,63,63,both,0,0
170310815003,12,58,58,both,0,0
170310816001,13,57,57,both,0,0
170310816002,1,61,61,both,0,0
170310817001,9,59,59,both,0,0
170310817002,18,56,56,both,0,0
170310818001,21,58,58,both,0,0
170310818002,24,55,55,both,0,0
170310818003,7,57,57,both,0,0
170310818004,9,56,56,both,0,0
170310819001,9,60,60,both,0,0
170310901001,9,44,44,both,0,0
170310901002,10,43,43,both,0,0
170310901003,4,41,41,both,0,0
170310901004,5,45,45,both,0,0
170310902001,16,43,43,both,0,0
170310902002,18,42,42,both,0,0
170310902003,16,41,41,both,0,0
170310902004,19,43,43,both,0,0
170310902005,3,45,44,both,1,2.22222222222222
170310903001,9,37,37,both,0,0
170311001001,15,39,39,both,0,0
170311001002,10,42,42,both,0,0
170311001003,10,42,42,both,0,0
170311001004,16,38,38,both,0,0
170311002001,6,43,43,both,0,0
170311002002,8,41,41,both,0,0
170311002003,18,42,42,both,0,0
170311002004,7,44,41,both,3,6.81818181818182
170311002005,10,38,38,both,0,0
170311002006,10,42,42,both,0,0
170311002007,10,44,43,both,1,2.27272727272727
170311003001,12,31,31,both,0,0
170311003002,19,27,27,both,0,0
170311003003,12,32,32,both,0,0
170311003004,5,32,32,both,0,0
170311003005,4,36,36,both,0,0
170311003006,14,35,35,both,0,0
170311004001,11,38,38,both,0,0
170311004002,9,45,45,both,0,0
170311004003,20,31,31,both,0,0
170311005001,16,21,21,both,0,0
170311005002,7,28,28,both,0,0
170311005003,6,30,30,both,0,0
170311005004,11,34,34,both,0,0
170311005005,22,41,41,both,0,0
170311006001,16,31,31,both,0,0
170311006002,21,31,31,both,0,0
170311006003,18,27,27,both,0,0
170311006004,21,27,27,both,0,0
170311007001,13,37,37,both,0,0
170311007002,8,39,39,both,0,0
170311007003,14,38,38,both,0,0
170311007004,13,34,34,both,0,0
170311007005,16,31,31,both,0,0
170311101001,12,36,36,both,0,0
170311101002,11,36,36,both,0,0
170311101003,13,37,37,both,0,0
170311101004,8,38,38,both,0,0
170311101005,10,38,38,both,0,0
170311102001,21,34,34,both,0,0
170311102002,11,37,36,both,1,2.7027027027027
170311103001,6,38,38,both,0,0
170311103002,13,34,34,both,0,0
170311103003,11,32,32,both,0,0
170311103004,14,34,34,both,0,0
170311103005,17,37,37,both,0,0
170311104001,26,35,35,both,0,0
170311104002,26,34,34,both,0,0
170311104003,10,32,32,both,0,0
170311105011,6,33,33,both,0,0
170311105012,13,33,33,both,0,0
170311105013,9,38,38,both,0,0
170311105014,11,33,33,both,0,0
170311105021,26,25,25,both,0,0
170311105022,47,29,29,both,0,0
170311201001,15,44,44,both,0,0
170311201002,7,42,42,both,0,0
170311201003,2,44,44,both,0,0
170311201004,9,46,46,both,0,0
170311202001,4,41,41,both,0,0
170311202002,9,40,40,both,0,0
170311202003,3,45,45,both,0,0
170311202004,9,45,45,both,0,0
170311203001,8,57,57,both,0,0
170311203002,10,50,50,both,0,0
170311203003,7,50,50,both,0,0
170311203004,3,46,46,both,0,0
170311203005,2,58,58,both,0,0
170311203006,5,50,50,both,0,0
170311204001,8,41,41,both,0,0
170311204002,9,34,34,both,0,0
170311204003,23,35,35,both,0,0
170311301001,4,58,58,both,0,0
170311301002,8,57,57,both,0,0
170311301003,8,59,59,both,0,0
170311302001,8,51,51,both,0,0
170311303001,9,57,57,both,0,0
170311303002,7,57,57,both,0,0
170311303003,12,55,55,both,0,0
170311303004,22,54,54,both,0,0
170311401001,9,52,52,both,0,0
170311401002,8,52,52,both,0,0
170311402001,14,50,50,both,0,0
170311402002,11,48,48,both,0,0
170311402003,22,48,48,both,0,0
170311403011,15,44,44,both,0,0
170311403012,17,42,42,both,0,0
170311403021,7,44,44,both,0,0
170311403022,9,46,46,both,0,0
170311403023,9,44,44,both,0,0
170311404001,16,43,43,both,0,0
170311404002,11,42,42,both,0,0
170311404003,10,42,42,both,0,0
170311404004,10,41,41,both,0,0
170311404005,25,39,39,both,0,0
170311405001,12,41,41,both,0,0
170311405002,18,40,40,both,0,0
170311405003,12,41,41,both,0,0
170311406011,30,41,41,both,0,0
170311406021,7,45,45,both,0,0
170311406022,28,46,46,both,0,0
170311406023,21,45,45,both,0,0
170311406024,5,42,42,both,0,0
170311407011,18,50,50,both,0,0
170311407012,16,46,46,both,0,0
170311407021,9,48,48,both,0,0
170311407022,12,46,46,both,0,0
170311407023,8,47,47,both,0,0
170311407024,7,45,45,both,0,0
170311408001,3,52,52,both,0,0
170311408002,10,53,53,both,0,0
170311408003,12,52,52,both,0,0
170311408004,11,51,51,both,0,0
170311408005,9,53,53,both,0,0
170311502001,23,37,37,both,0,0
170311502002,22,36,36,both,0,0
170311502003,19,40,40,both,0,0
170311502004,31,35,35,both,0,0
170311502005,19,34,34,both,0,0
170311503001,16,32,32,both,0,0
170311503002,16,37,37,both,0,0
170311503003,11,41,41,both,0,0
170311503004,11,44,44,both,0,0
170311503005,5,41,41,both,0,0
170311503006,11,38,38,both,0,0
170311503007,11,32,32,both,0,0
170311504011,18,32,32,both,0,0
170311504012,13,38,38,both,0,0
170311504013,12,34,34,both,0,0
170311504014,14,38,38,both,0,0
170311504021,10,43,43,both,0,0
170311504022,18,41,41,both,0,0
170311504023,28,42,42,both,0,0
170311505011,15,39,39,both,0,0
170311505012,13,44,44,both,0,0
170311505013,11,40,40,both,0,0
170311505021,20,46,46,both,0,0
170311505022,13,39,39,both,0,0
170311505023,21,47,47,both,0,0
170311506001,7,44,44,both,0,0
170311506002,8,46,46,both,0,0
170311506003,7,44,44,both,0,0
170311506004,8,42,42,both,0,0
170311507001,11,45,45,both,0,0
170311507002,12,50,50,both,0,0
170311507003,16,46,46,both,0,0
170311507004,12,44,44,both,0,0
170311508001,11,42,42,both,0,0
170311508002,10,45,45,both,0,0
170311508003,12,48,48,both,0,0
170311508004,6,48,48,both,0,0
170311508005,9,43,43,both,0,0
170311510011,22,56,56,both,0,0
170311510012,13,54,54,both,0,0
170311510021,13,52,52,both,0,0
170311510022,19,49,49,both,0,0
170311510023,22,50,50,both,0,0
170311510024,8,48,48,both,0,0
170311511001,15,51,51,both,0,0
170311511002,10,53,53,both,0,0
170311511003,12,49,49,both,0,0
170311511004,16,48,48,both,0,0
170311512001,19,49,49,both,0,0
170311512002,16,50,50,both,0,0
170311512003,9,46,46,both,0,0
170311601001,23,32,32,both,0,0
170311601002,17,30,30,both,0,0
170311602001,11,37,37,both,0,0
170311602002,12,34,34,both,0,0
170311602003,12,36,36,both,0,0
170311602004,17,38,38,both,0,0
170311603001,44,33,33,both,0,0
170311603002,17,30,30,both,0,0
170311603003,14,36,36,both,0,0
170311604001,23,42,42,both,0,0
170311604002,20,35,35,both,0,0
170311604003,12,40,40,both,0,0
170311605011,21,47,47,both,0,0
170311605012,13,45,45,both,0,0
170311605021,9,44,44,both,0,0
170311605022,19,44,44,both,0,0
170311605023,12,42,42,both,0,0
170311606011,9,50,50,both,0,0
170311606012,5,51,51,both,0,0
170311606013,15,52,52,both,0,0
170311606021,10,46,46,both,0,0
170311606022,6,47,47,both,0,0
170311606023,15,48,48,both,0,0
170311607001,9,50,50,both,0,0
170311607002,6,47,47,both,0,0
170311607003,11,48,48,both,0,0
170311607004,11,45,45,both,0,0
170311607005,4,47,47,both,0,0
170311608001,11,43,43,both,0,0
170311608002,4,38,38,both,0,0
170311608003,7,33,33,both,0,0
170311608004,8,36,36,both,0,0
170311608005,14,40,40,both,0,0
170311609001,18,33,33,both,0,0
170311609002,10,34,34,both,0,0
170311610001,13,32,32,both,0,0
170311610002,9,37,37,both,0,0
170311611001,15,38,38,both,0,0
170311611002,12,41,41,both,0,0
170311612001,5,46,46,both,0,0
170311612002,18,49,49,both,0,0
170311613001,11,40,40,both,0,0
170311613002,14,42,42,both,0,0
170311613003,16,44,44,both,0,0
170311613004,21,42,42,both,0,0
170311701001,17,53,53,both,0,0
170311702001,16,43,43,both,0,0
170311702002,23,48,48,both,0,0
170311702003,13,48,48,both,0,0
170311703001,11,58,58,both,0,0
170311703002,18,46,46,both,0,0
170311703003,5,43,43,both,0,0
170311703004,12,42,42,both,0,0
170311703005,14,40,40,both,0,0
170311704001,21,39,39,both,0,0
170311704002,24,40,40,both,0,0
170311704003,22,44,44,both,0,0
170311704004,16,43,43,both,0,0
170311705001,21,52,52,both,0,0
170311705002,4,39,39,both,0,0
170311705003,24,41,41,both,0,0
170311705004,21,41,41,both,0,0
170311706001,9,48,48,both,0,0
170311706002,29,44,44,both,0,0
170311707001,7,49,49,both,0,0
170311707002,14,50,50,both,0,0
170311707003,10,51,51,both,0,0
170311708001,5,42,42,both,0,0
170311708002,9,43,43,both,0,0
170311708003,14,49,49,both,0,0
170311709001,20,46,46,both,0,0
170311710001,13,52,52,both,0,0
170311710002,12,54,54,both,0,0
170311710003,6,52,52,both,0,0
170311710004,12,51,51,both,0,0
170311710005,9,47,47,both,0,0
170311710006,12,42,42,both,0,0
170311711001,12,48,48,both,0,0
170311711002,21,48,48,both,0,0
170311711003,13,52,52,both,0,0
170311801001,5,54,54,both,0,0
170311801002,24,55,55,both,0,0
170311801003,17,50,50,both,0,0
170311801004,12,49,49,both,0,0
170311801005,10,44,44,both,0,0
170311901001,19,52,52,both,0,0
170311902001,10,52,52,both,0,0
170311902002,9,54,54,both,0,0
170311902003,7,56,56,both,0,0
170311902004,12,57,57,both,0,0
170311903001,12,53,53,both,0,0
170311903002,10,54,54,both,0,0
170311903003,12,54,54,both,0,0
170311903004,8,54,54,both,0,0
170311904011,10,51,51,both,0,0
170311904012,25,51,51,both,0,0
170311904021,29,51,51,both,0,0
170311904022,28,52,52,both,0,0
170311906011,7,55,55,both,0,0
170311906012,9,55,55,both,0,0
170311906013,18,50,50,both,0,0
170311906021,11,51,51,both,0,0
170311906022,14,54,54,both,0,0
170311906023,7,53,53,both,0,0
170311907011,12,53,53,both,0,0
170311907012,11,56,56,both,0,0
170311907021,18,54,54,both,0,0
170311907022,11,59,59,both,0,0
170311907023,9,57,56,both,1,1.75438596491228
170311908001,5,57,57,both,0,0
170311908002,6,59,59,both,0,0
170311908003,17,61,60,both,1,1.63934426229508
170311908004,5,61,61,both,0,0
170311908005,6,60,60,both,0,0
170311909001,17,58,58,both,0,0
170311910001,6,60,54,both,6,10
170311910002,9,62,49,both,13,20.9677419354839
170311911001,9,61,52,both,9,14.7540983606557
170311911002,9,61,45,both,16,26.2295081967213
170311911003,8,65,49,both,16,24.6153846153846
170311911004,7,63,53,both,10,15.8730158730159
170311911005,11,63,52,both,11,17.4603174603175
170311911006,9,65,48,both,17,26.1538461538462
170311912001,10,62,55,both,7,11.2903225806452
170311912002,10,62,51,both,11,17.741935483871
170311913011,17,56,52,both,4,7.14285714285714
170311913012,12,57,51,both,6,10.5263157894737
170311913013,13,59,45,both,14,23.728813559322
170311913021,15,55,52,both,3,5.45454545454545
170311913022,14,57,49,both,8,14.0350877192982
170312001001,6,53,53,both,0,0
170312001002,18,52,52,both,0,0
170312001003,23,52,52,both,0,0
170312002001,5,58,58,both,0,0
170312002002,14,60,60,both,0,0
170312002003,5,62,62,both,0,0
170312002004,10,59,59,both,0,0
170312003001,1,56,56,both,0,0
170312003002,16,60,60,both,0,0
170312004011,4,64,54,both,10,15.625
170312004012,31,62,57,both,5,8.06451612903226
170312004021,13,57,55,both,2,3.50877192982456
170312004022,11,57,57,both,0,0
170312004023,7,57,57,both,0,0
170312101001,10,46,46,both,0,0
170312101002,5,41,41,both,0,0
170312101003,8,46,45,both,1,2.17391304347826
170312104001,22,44,44,both,0,0
170312104002,12,49,49,both,0,0
170312105011,18,38,38,both,0,0
170312105012,26,43,43,both,0,0
170312105021,17,45,45,both,0,0
170312105022,13,42,42,both,0,0
170312105023,14,46,46,both,0,0
170312106011,12,34,34,both,0,0
170312106012,14,34,34,both,0,0
170312106013,19,34,34,both,0,0
170312106021,24,39,39,both,0,0
170312106022,10,36,36,both,0,0
170312106023,22,35,35,both,0,0
170312107001,5,44,44,both,0,0
170312107002,10,41,41,both,0,0
170312107003,9,40,40,both,0,0
170312108001,12,46,46,both,0,0
170312109001,20,48,48,both,0,0
170312109002,3,45,45,both,0,0
170312203001,12,46,46,both,0,0
170312203002,6,43,43,both,0,0
170312204001,12,43,43,both,0,0
170312204002,11,41,41,both,0,0
170312205001,21,38,38,both,0,0
170312205002,9,40,40,both,0,0
170312205003,14,35,35,both,0,0
170312206011,11,40,40,both,0,0
170312206012,13,45,45,both,0,0
170312206021,9,33,33,both,0,0
170312206022,22,39,39,both,0,0
170312206023,12,41,41,both,0,0
170312206024,14,39,39,both,0,0
170312207011,8,51,51,both,0,0
170312207012,7,48,48,both,0,0
170312207013,16,51,51,both,0,0
170312207021,11,47,47,both,0,0
170312207022,11,50,50,both,0,0
170312207023,8,50,50,both,0,0
170312207024,3,44,44,both,0,0
170312209011,10,56,56,both,0,0
170312209012,2,54,54,both,0,0
170312209013,12,57,57,both,0,0
170312209021,10,53,53,both,0,0
170312209022,9,51,51,both,0,0
170312210001,8,47,47,both,0,0
170312210002,12,49,49,both,0,0
170312211001,10,44,44,both,0,0
170312211002,15,48,48,both,0,0
170312211003,8,45,45,both,0,0
170312212001,9,48,48,both,0,0
170312212002,9,44,44,both,0,0
170312213001,19,39,39,both,0,0
170312213002,10,40,40,both,0,0
170312213003,6,42,42,both,0,0
170312214001,16,38,38,both,0,0
170312214002,17,36,36,both,0,0
170312214003,17,41,41,both,0,0
170312215001,16,44,44,both,0,0
170312215002,16,44,44,both,0,0
170312216001,13,48,48,both,0,0
170312216002,14,45,45,both,0,0
170312222001,8,44,44,both,0,0
170312222002,12,39,39,both,0,0
170312225001,9,46,46,both,0,0
170312226001,9,52,52,both,0,0
170312227001,5,50,50,both,0,0
170312227002,7,47,47,both,0,0
170312228001,11,50,50,both,0,0
170312229001,3,56,56,both,0,0
170312301001,9,57,57,both,0,0
170312302001,13,50,50,both,0,0
170312303001,11,52,52,both,0,0
170312304001,7,57,51,both,6,10.5263157894737
170312304002,12,59,53,both,6,10.1694915254237
170312305001,12,59,56,both,3,5.08474576271186
170312305002,8,63,57,both,6,9.52380952380952
170312306001,2,62,56,both,6,9.67741935483871
170312306002,6,62,59,both,3,4.83870967741936
170312306003,5,63,56,both,7,11.1111111111111
170312306004,3,65,58,both,7,10.7692307692308
170312306005,10,66,57,both,9,13.6363636363636
170312306006,8,66,58,both,8,12.1212121212121
170312307001,7,59,46,both,13,22.0338983050848
170312307002,10,62,50,both,12,19.3548387096774
170312307003,3,62,55,both,7,11.2903225806452
170312307004,8,60,49,both,11,18.3333333333333
170312308001,9,56,51,both,5,8.92857142857143
170312309001,10,52,52,both,0,0
170312309002,12,55,55,both,0,0
170312309003,7,52,52,both,0,0
170312311001,14,60,55,both,5,8.33333333333333
170312312001,7,63,59,both,4,6.34920634920635
170312312002,5,64,60,both,4,6.25
170312312003,1,65,61,both,4,6.15384615384615
170312312004,3,64,58,both,6,9.375
170312312005,6,63,63,both,0,0
170312315003,5,68,66,both,2,2.94117647058824
170312315004,8,66,60,both,6,9.09090909090909
170312315005,7,64,64,both,0,0
170312402001,3,50,49,both,1,2
170312403001,6,45,45,both,0,0
170312405001,28,46,46,both,0,0
170312406001,19,45,45,both,0,0
170312407001,14,49,49,both,0,0
170312408001,10,49,49,both,0,0
170312408002,9,51,51,both,0,0
170312409001,6,57,57,both,0,0
170312410001,6,52,52,both,0,0
170312410002,7,51,51,both,0,0
170312411001,15,50,50,both,0,0
170312411002,15,53,53,both,0,0
170312412001,4,48,48,both,0,0
170312412002,3,48,48,both,0,0
170312413001,12,47,47,both,0,0
170312414001,14,40,40,both,0,0
170312414002,5,46,46,both,0,0
170312414003,10,47,47,both,0,0
170312414004,7,46,46,both,0,0
170312415001,11,49,49,both,0,0
170312415002,3,48,48,both,0,0
170312415003,5,45,45,both,0,0
170312416001,17,49,49,both,0,0
170312416002,12,44,44,both,0,0
170312420001,8,48,48,both,0,0
170312420002,15,52,52,both,0,0
170312420003,12,42,42,both,0,0
170312421001,10,45,45,both,0,0
170312421002,10,48,48,both,0,0
170312421003,25,52,52,both,0,0
170312422001,12,52,52,both,0,0
170312422002,8,55,55,both,0,0
170312423001,18,52,52,both,0,0
170312423002,11,56,56,both,0,0
170312424001,9,53,53,both,0,0
170312424002,7,55,55,both,0,0
170312425001,5,54,54,both,0,0
170312425002,3,56,56,both,0,0
170312426001,14,55,55,both,0,0
170312426002,11,57,57,both,0,0
170312426003,8,59,59,both,0,0
170312426004,2,58,58,both,0,0
170312427001,21,59,56,both,3,5.08474576271186
170312428001,11,58,56,both,2,3.44827586206897
170312429001,4,56,56,both,0,0
170312429002,3,56,54,both,2,3.57142857142857
170312430001,11,57,57,both,0,0
170312430002,10,59,59,both,0,0
170312431001,6,56,56,both,0,0
170312431002,4,57,57,both,0,0
170312432001,12,54,54,both,0,0
170312432002,5,55,55,both,0,0
170312433001,7,52,52,both,0,0
170312433002,7,54,54,both,0,0
170312434001,6,50,50,both,0,0
170312434002,2,51,51,both,0,0
170312434003,4,54,54,both,0,0
170312435001,8,51,51,both,0,0
170312435002,36,49,49,both,0,0
170312502001,14,69,50,both,19,27.536231884058
170312502002,6,67,49,both,18,26.865671641791
170312503001,4,63,52,both,11,17.4603174603175
170312503002,5,63,53,both,10,15.8730158730159
170312503003,10,59,49,both,10,16.9491525423729
170312503004,5,59,48,both,11,18.6440677966102
170312504001,5,57,55,both,2,3.50877192982456
170312504002,4,59,49,both,10,16.9491525423729
170312504003,8,57,55,both,2,3.50877192982456
170312504004,8,57,53,both,4,7.01754385964912
170312504005,10,62,48,both,14,22.5806451612903
170312505001,12,68,46,both,22,32.3529411764706
170312505002,12,67,49,both,18,26.865671641791
170312505003,7,61,51,both,10,16.3934426229508
170312505004,4,59,46,both,13,22.0338983050848
170312505005,3,57,42,both,15,26.3157894736842
170312505006,13,51,41,both,10,19.6078431372549
170312505007,6,51,44,both,7,13.7254901960784
170312506001,6,60,50,both,10,16.6666666666667
170312506002,7,61,51,both,10,16.3934426229508
170312506003,7,60,57,both,3,5
170312506004,7,59,55,both,4,6.77966101694915
170312507001,9,65,56,both,9,13.8461538461538
170312507002,11,67,58,both,9,13.4328358208955
170312507003,9,64,54,both,10,15.625
170312507004,13,59,49,both,10,16.9491525423729
170312507005,15,63,53,both,10,15.8730158730159
170312508001,11,69,55,both,14,20.2898550724638
170312508002,12,68,57,both,11,16.1764705882353
170312510001,5,69,52,both,17,24.6376811594203
170312511001,6,69,57,both,12,17.3913043478261
170312511002,4,72,56,both,16,22.2222222222222
170312511003,4,71,61,both,10,14.0845070422535
170312511004,6,69,60,both,9,13.0434782608696
170312512001,9,62,52,both,10,16.1290322580645
170312512002,5,69,61,both,8,11.5942028985507
170312512003,8,66,57,both,9,13.6363636363636
170312512004,15,65,56,both,9,13.8461538461538
170312513001,13,62,52,both,10,16.1290322580645
170312513002,8,64,54,both,10,15.625
170312513003,1,63,58,both,5,7.93650793650794
170312513004,8,62,56,both,6,9.67741935483871
170312513005,16,61,61,both,0,0
170312514001,5,66,57,both,9,13.6363636363636
170312514002,8,65,56,both,9,13.8461538461538
170312514003,8,65,62,both,3,4.61538461538462
170312514004,9,67,61,both,6,8.95522388059701
170312515001,5,71,62,both,9,12.6760563380282
170312515002,6,73,64,both,9,12.3287671232877
170312515003,5,66,57,both,9,13.6363636363636
170312515004,14,66,57,both,9,13.6363636363636
170312516001,5,72,58,both,14,19.4444444444444
170312516002,2,76,61,both,15,19.7368421052632
170312516003,3,74,63,both,11,14.8648648648649
170312517001,7,70,53,both,17,24.2857142857143
170312518001,10,78,67,both,11,14.1025641025641
170312518002,4,75,66,both,9,12
170312518003,9,74,60,both,14,18.9189189189189
170312518004,3,74,60,both,14,18.9189189189189
170312518005,10,77,63,both,14,18.1818181818182
170312519001,6,74,65,both,9,12.1621621621622
170312519002,13,76,68,both,8,10.5263157894737
170312519003,8,67,58,both,9,13.4328358208955
170312519004,13,69,60,both,9,13.0434782608696
170312520001,10,68,59,both,9,13.2352941176471
170312520002,19,69,61,both,8,11.5942028985507
170312520003,12,68,66,both,2,2.94117647058824
170312520004,6,66,65,both,1,1.51515151515152
170312521011,8,72,66,both,6,8.33333333333333
170312521021,14,75,66,both,9,12
170312521022,8,75,67,both,8,10.6666666666667
170312521023,8,79,70,both,9,11.3924050632911
170312521024,12,75,65,both,10,13.3333333333333
170312522011,5,80,68,both,12,15
170312522012,9,79,68,both,11,13.9240506329114
170312522013,10,81,69,both,12,14.8148148148148
170312522021,4,77,63,both,14,18.1818181818182
170312522022,2,78,64,both,14,17.948717948718
170312522023,7,78,65,both,13,16.6666666666667
170312522024,1,78,64,both,14,17.948717948718
170312522025,3,79,65,both,14,17.7215189873418
170312601001,2,73,68,both,5,6.84931506849315
170312602001,10,74,68,both,6,8.10810810810811
170312603001,11,79,73,both,6,7.59493670886076
170312604001,11,80,67,both,13,16.25
170312605001,17,79,69,both,10,12.6582278481013
170312606001,5,77,73,both,4,5.1948051948052
170312606002,4,78,70,both,8,10.2564102564103
170312607001,3,75,69,both,6,8
170312607002,7,75,71,both,4,5.33333333333333
170312608001,6,75,69,both,6,8
170312608002,8,75,71,both,4,5.33333333333333
170312609001,7,79,74,both,5,6.32911392405063
170312609002,5,76,72,both,4,5.26315789473684
170312610001,4,81,72,both,9,11.1111111111111
170312610002,6,76,75,both,1,1.31578947368421
170312705001,9,76,74,both,2,2.63157894736842
170312712001,7,72,68,both,4,5.55555555555556
170312713001,6,67,67,both,0,0
170312714001,12,68,68,both,0,0
170312715001,8,70,68,both,2,2.85714285714286
170312801001,18,55,53,both,2,3.63636363636364
170312801002,17,54,54,both,0,0
170312801003,16,52,52,both,0,0
170312804001,14,61,61,both,0,0
170312808001,9,64,64,both,0,0
170312809001,5,62,62,both,0,0
170312819001,15,59,59,both,0,0
170312819002,5,57,56,both,1,1.75438596491228
170312819003,8,58,57,both,1,1.72413793103448
170312827001,5,68,68,both,0,0
170312827002,8,64,64,both,0,0
170312828001,7,65,65,both,0,0
170312831001,5,67,67,both,0,0
170312831002,4,66,66,both,0,0
170312832001,8,69,68,both,1,1.44927536231884
170312838001,1,71,71,both,0,0
170312838002,13,73,71,both,2,2.73972602739726
170312909001,3,83,77,both,6,7.2289156626506
170312909002,3,83,78,both,5,6.02409638554217
170312909003,1,86,82,both,4,4.65116279069768
170312909004,3,86,80,both,6,6.97674418604651
170312912001,7,75,71,both,4,5.33333333333333
170312912002,11,75,71,both,4,5.33333333333333
170312916001,5,75,75,both,0,0
170312922001,7,78,78,both,0,0
170312922002,2,77,77,both,0,0
170312922003,5,79,79,both,0,0
170312924001,2,80,80,both,0,0
170312924002,4,76,76,both,0,0
170312925001,2,79,79,both,0,0
170312925002,3,77,77,both,0,0
170312925003,9,76,76,both,0,0
170313005001,2,82,82,both,0,0
170313005002,3,85,83,both,2,2.35294117647059
170313006002,1,80,78,both,2,2.5
170313007001,5,79,79,both,0,0
170313007002,4,83,81,both,2,2.40963855421687
170313007003,3,82,80,both,2,2.4390243902439
170313008001,7,78,78,both,0,0
170313008002,3,83,80,both,3,3.6144578313253
170313009001,3,80,80,both,0,0
170313009002,6,80,78,both,2,2.5
170313009003,4,81,80,both,1,1.23456790123457
170313011001,1,77,77,both,0,0
170313011002,3,78,78,both,0,0
170313012001,4,76,76,both,0,0
170313012002,1,77,77,both,0,0
170313012003,2,77,77,both,0,0
170313016001,3,85,84,both,1,1.17647058823529
170313017011,2,82,80,both,2,2.4390243902439
170313017013,7,86,84,both,2,2.32558139534884
170313017021,4,85,83,both,2,2.35294117647059
170313017022,3,87,85,both,2,2.29885057471264
170313017023,2,82,80,both,2,2.4390243902439
170313018011,1,,88,newly_enabled,,
170313018012,9,,86,newly_enabled,,
170313018021,2,88,85,both,3,3.40909090909091
170313018023,5,89,85,both,4,4.49438202247191
170313018031,1,,87,newly_enabled,,
170313018032,7,87,86,both,1,1.14942528735632
170313018033,3,,,no_transit_either,,
170313102001,3,72,69,both,3,4.16666666666667
170313102002,2,68,64,both,4,5.88235294117647
170313103001,10,72,69,both,3,4.16666666666667
170313104001,3,74,71,both,3,4.05405405405405
170313105001,3,77,74,both,3,3.8961038961039
170313106001,4,75,74,both,1,1.33333333333333
170313106002,2,75,74,both,1,1.33333333333333
170313106003,5,77,77,both,0,0
170313107001,8,69,69,both,0,0
170313108001,1,65,65,both,0,0
170313108002,2,66,66,both,0,0
170313108003,3,69,69,both,0,0
170313109001,3,69,69,both,0,0
170313109002,3,69,69,both,0,0
170313109003,6,69,69,both,0,0
170313201011,17,61,61,both,0,0
170313201013,9,65,65,both,0,0
170313201014,9,62,62,both,0,0
170313201021,22,54,54,both,0,0
170313201022,5,52,52,both,0,0
170313204001,7,54,54,both,0,0
170313206001,6,60,60,both,0,0
170313206002,19,60,60,both,0,0
170313301011,6,73,64,both,9,12.3287671232877
170313301012,21,65,64,both,1,1.53846153846154
170313301021,6,60,60,both,0,0
170313301022,17,62,62,both,0,0
170313301023,18,66,65,both,1,1.51515151515152
170313301024,14,70,69,both,1,1.42857142857143
170313301031,6,68,67,both,1,1.47058823529412
170313301032,5,68,66,both,2,2.94117647058824
170313301033,14,68,68,both,0,0
170313302001,5,65,65,both,0,0
170313302002,12,65,65,both,0,0
170313403001,7,79,79,both,0,0
170313404001,11,76,76,both,0,0
170313405001,7,74,74,both,0,0
170313406001,1,73,73,both,0,0
170313501001,2,80,74,both,6,7.5
170313501002,7,78,68,both,10,12.8205128205128
170313504001,5,76,76,both,0,0
170313510001,1,82,82,both,0,0
170313510002,5,81,80,both,1,1.23456790123457
170313510003,2,82,80,both,2,2.4390243902439
170313511002,7,81,81,both,0,0
170313514001,4,76,76,both,0,0
170313515002,3,69,69,both,0,0
170313602001,5,83,77,both,6,7.2289156626506
170313801001,8,84,80,both,4,4.76190476190476
170313802001,8,79,78,both,1,1.26582278481013
170313806001,3,73,73,both,0,0
170313806002,5,75,75,both,0,0
170313806003,6,76,76,both,0,0
170313806004,1,75,75,both,0,0
170313812001,3,81,81,both,0,0
170313812002,10,79,79,both,0,0
170313814001,2,77,77,both,0,0
170313815001,1,77,77,both,0,0
170313818001,5,80,80,both,0,0
170313819001,1,84,83,both,1,1.19047619047619
170313819002,2,80,80,both,0,0
170313901001,4,83,74,both,9,10.8433734939759
170313902001,4,87,79,both,8,9.19540229885057
170313902002,2,87,83,both,4,4.59770114942529
170313903001,5,85,81,both,4,4.70588235294118
170313903002,7,86,84,both,2,2.32558139534884
170313904001,8,88,85,both,3,3.40909090909091
170313904002,2,88,86,both,2,2.27272727272727
170313905001,4,86,80,both,6,6.97674418604651
170313906002,3,86,81,both,5,5.81395348837209
170313907001,4,85,75,both,10,11.7647058823529
170313907002,6,80,75,both,5,6.25
170313907003,9,81,78,both,3,3.7037037037037
170314003001,4,80,80,both,0,0
170314004001,4,82,82,both,0,0
170314004002,3,86,86,both,0,0
170314005001,3,80,80,both,0,0
170314005002,4,85,82,both,3,3.52941176470588
170314008001,6,85,85,both,0,0
170314008002,6,83,82,both,1,1.20481927710843
170314101001,2,81,74,both,7,8.64197530864198
170314101002,3,81,72,both,9,11.1111111111111
170314102001,3,85,80,both,5,5.88235294117647
170314105001,4,87,86,both,1,1.14942528735632
170314105002,7,86,85,both,1,1.16279069767442
170314106001,3,88,83,both,5,5.68181818181818
170314106002,2,87,85,both,2,2.29885057471264
170314107001,8,87,80,both,7,8.04597701149425
170314108001,2,83,72,both,11,13.2530120481928
170314108002,4,85,77,both,8,9.41176470588235
170314109002,1,85,75,both,10,11.7647058823529
170314109003,2,84,77,both,7,8.33333333333333
170314110001,5,88,80,both,8,9.09090909090909
170314110002,3,86,77,both,9,10.4651162790698
170314110003,7,84,75,both,9,10.7142857142857
170314111001,5,84,73,both,11,13.0952380952381
170314111002,3,87,76,both,11,12.6436781609195
170314112001,2,85,77,both,8,9.41176470588235
170314112002,2,89,80,both,9,10.1123595505618
170314201001,7,,85,newly_enabled,,
170314202001,5,,81,newly_enabled,,
170314203001,16,,87,newly_enabled,,
170314204001,7,88,87,both,1,1.13636363636364
170314205001,3,88,87,both,1,1.13636363636364
170314205002,4,86,85,both,1,1.16279069767442
170314206001,5,87,87,both,0,0
170314206002,3,83,83,both,0,0
170314207001,1,86,85,both,1,1.16279069767442
170314207002,2,,,no_transit_either,,
170314207003,2,89,89,both,0,0
170314207004,1,85,85,both,0,0
170314207005,3,86,86,both,0,0
170314208001,1,87,86,both,1,1.14942528735632
170314208002,2,,,no_transit_either,,
170314212001,1,,,no_transit_either,,
170314212002,4,89,89,both,0,0
170314301011,4,89,88,both,1,1.12359550561798
170314301012,3,88,87,both,1,1.13636363636364
170314301013,2,87,87,both,0,0
170314301014,3,84,84,both,0,0
170314301021,5,88,87,both,1,1.13636363636364
170314301022,1,,89,newly_enabled,,
170314301023,6,,,no_transit_either,,
170314302001,2,85,85,both,0,0
170314302002,1,88,86,both,2,2.27272727272727
170314302003,4,,88,newly_enabled,,
170314302004,4,,,no_transit_either,,
170314302005,6,89,87,both,2,2.24719101123596
170314303001,4,,83,newly_enabled,,
170314303002,1,,86,newly_enabled,,
170314303003,1,,84,newly_enabled,,
170314304001,6,,87,newly_enabled,,
170314304002,3,,,no_transit_either,,
170314304003,3,,,no_transit_either,,
170314304004,1,,,no_transit_either,,
170314305001,4,89,87,both,2,2.24719101123596
170314305002,3,,,no_transit_either,,
170314305003,4,,88,newly_enabled,,
170314306001,2,,,no_transit_either,,
170314306002,5,,,no_transit_either,,
170314307002,2,,86,newly_enabled,,
170314308001,1,,,no_transit_either,,
170314308002,4,,,no_transit_either,,
170314309001,3,,,no_transit_either,,
170314309002,3,,,no_transit_either,,
170314312001,6,,,no_transit_either,,
170314312002,8,,,no_transit_either,,
170314313011,1,,,no_transit_either,,
170314313012,3,,,no_transit_either,,
170314313013,2,,,no_transit_either,,
170314313021,6,,,no_transit_either,,
170314313022,1,,,no_transit_either,,
170314313023,6,,,no_transit_either,,
170314314001,5,,,no_transit_either,,
170314314002,6,,,no_transit_either,,
170314314003,2,,,no_transit_either,,
170314314004,4,,,no_transit_either,,
170314401011,2,,,no_transit_either,,
170314401012,1,,,no_transit_either,,
170314401013,2,,,no_transit_either,,
170314401014,3,,,no_transit_either,,
170314401021,2,,,no_transit_either,,
170314401022,3,,,no_transit_either,,
170314401023,2,,,no_transit_either,,
170314401024,5,,,no_transit_either,,
170314402011,3,,,no_transit_either,,
170314402012,1,,,no_transit_either,,
170314402014,4,,,no_transit_either,,
170314402021,1,,,no_transit_either,,
170314402022,9,,,no_transit_either,,
170314402023,1,,,no_transit_either,,
170314403001,2,87,87,both,0,0
170314403002,5,,,no_transit_either,,
170314403003,1,,,no_transit_either,,
170314403004,2,87,87,both,0,0
170314403005,3,82,82,both,0,0
170314406001,8,,,no_transit_either,,
170314406002,5,86,86,both,0,0
170314407001,4,,,no_transit_either,,
170314407002,4,,,no_transit_either,,
170314408001,5,,,no_transit_either,,
170314408002,1,,,no_transit_either,,
170314409001,2,,,no_transit_either,,
170314409002,1,,,no_transit_either,,
170314409003,4,,,no_transit_either,,
170314503001,5,,,no_transit_either,,
170314503003,3,,,no_transit_either,,
170314601001,5,,,no_transit_either,,
170314601002,2,,,no_transit_either,,
170314601004,2,,,no_transit_either,,
170314602001,3,,,no_transit_either,,
170314602002,5,,,no_transit_either,,
170314603011,1,,,no_transit_either,,
170314603012,6,,,no_transit_either,,
170314603013,1,,,no_transit_either,,
170314603021,2,,,no_transit_either,,
170314603022,1,,,no_transit_either,,
170314603023,3,,,no_transit_either,,
170314603024,6,,,no_transit_either,,
170314604001,3,,,no_transit_either,,
170314604002,3,,,no_transit_either,,
170314604003,2,,,no_transit_either,,
170314604004,4,,,no_transit_either,,
170314605001,4,,,no_transit_either,,
170314605002,4,,,no_transit_either,,
170314605003,3,,,no_transit_either,,
170314605004,3,,,no_transit_either,,
170314605005,3,,,no_transit_either,,
170314605006,2,,,no_transit_either,,
170314605007,4,,,no_transit_either,,
170314608001,1,,,no_transit_either,,
170314608002,1,,,no_transit_either,,
170314608003,4,,,no_transit_either,,
170314608004,1,,,no_transit_either,,
170314610001,5,,,no_transit_either,,
170314701001,4,,,no_transit_either,,
170314701002,1,,,no_transit_either,,
170314801001,5,,,no_transit_either,,
170314801002,1,,,no_transit_either,,
170314802001,2,,,no_transit_either,,
170314802002,2,,,no_transit_either,,
170314803001,4,,,no_transit_either,,
170314804001,2,,,no_transit_either,,
170314804002,6,,,no_transit_either,,
170314804003,1,,,no_transit_either,,
170314804005,6,,,no_transit_either,,
170314804006,3,,,no_transit_either,,
170314804007,5,,,no_transit_either,,
170314805001,3,,,no_transit_either,,
170314805002,2,,,no_transit_either,,
170314805003,1,,,no_transit_either,,
170314902001,5,,,no_transit_either,,
170314902002,5,89,89,both,0,0
170314902003,1,,,no_transit_either,,
170314905001,4,,,no_transit_either,,
170314907001,1,,,no_transit_either,,
170314907002,2,,,no_transit_either,,
170314907003,4,,,no_transit_either,,
170314908002,1,,,no_transit_either,,
170314908003,4,,,no_transit_either,,
170314908005,3,,,no_transit_either,,
170314909011,2,,,no_transit_either,,
170314909012,2,,,no_transit_either,,
170314909013,2,,,no_transit_either,,
170314909021,2,,,no_transit_either,,
170314909022,6,,,no_transit_either,,
170314909023,3,,,no_transit_either,,
170314910001,2,,,no_transit_either,,
170314910002,4,,,no_transit_either,,
170314910003,2,,,no_transit_either,,
170314910004,2,,,no_transit_either,,
170314911001,3,,,no_transit_either,,
170314911003,6,,,no_transit_either,,
170314911004,2,,,no_transit_either,,
170314911005,3,,,no_transit_either,,
170314912001,2,,,no_transit_either,,
170314912003,1,,,no_transit_either,,
170314913001,1,,,no_transit_either,,
170314913002,1,,,no_transit_either,,
170314913003,1,,,no_transit_either,,
170314913004,2,,,no_transit_either,,
170314914001,2,,,no_transit_either,,
170314914002,2,,,no_transit_either,,
170314914003,3,,,no_transit_either,,
170315001001,1,,,no_transit_either,,
170315001002,2,,,no_transit_either,,
170315001003,1,,,no_transit_either,,
170315001004,6,,,no_transit_either,,
170315002001,2,,,no_transit_either,,
170315002002,1,,,no_transit_either,,
170315003001,3,,,no_transit_either,,
170315003002,3,,,no_transit_either,,
170315101001,8,,,no_transit_either,,
170315101002,3,,,no_transit_either,,
170315102001,4,,,no_transit_either,,
170315102002,2,,,no_transit_either,,
170315102003,3,,,no_transit_either,,
170315103002,4,,,no_transit_either,,
170315103003,1,,,no_transit_either,,
170315103004,8,,,no_transit_either,,
170315201001,6,,,no_transit_either,,
170315202001,1,,,no_transit_either,,
170315202002,2,,,no_transit_either,,
170315202003,4,,,no_transit_either,,
170315203001,3,,,no_transit_either,,
170315203002,2,,,no_transit_either,,
170315203003,3,,,no_transit_either,,
170315203004,2,,,no_transit_either,,
170315204001,3,,,no_transit_either,,
170315204002,3,,,no_transit_either,,
170315204004,2,,,no_transit_either,,
170315205002,4,,,no_transit_either,,
170315205003,5,,,no_transit_either,,
170315206001,4,,,no_transit_either,,
170315301001,4,,,no_transit_either,,
170315301002,9,,,no_transit_either,,
170315302001,1,,,no_transit_either,,
170315302002,3,,,no_transit_either,,
170315302003,1,,,no_transit_either,,
170315302004,2,,,no_transit_either,,
170315302005,4,,,no_transit_either,,
170315303001,3,,,no_transit_either,,
170315303002,3,,,no_transit_either,,
170315303003,2,,,no_transit_either,,
170315303004,2,,,no_transit_either,,
170315304001,5,,,no_transit_either,,
170315304002,5,,,no_transit_either,,
170315305012,3,,,no_transit_either,,
170315305013,3,,,no_transit_either,,
170315305014,5,,,no_transit_either,,
170315305021,6,,,no_transit_either,,
170315305031,5,,,no_transit_either,,
170315305032,2,,,no_transit_either,,
170315305033,7,,,no_transit_either,,
170315306001,2,,,no_transit_either,,
170315306002,1,,,no_transit_either,,
170315306003,2,,,no_transit_either,,
170315401011,5,,,no_transit_either,,
170315401012,5,,,no_transit_either,,
170315401021,1,,,no_transit_either,,
170315401022,2,,,no_transit_either,,
170315401023,1,,,no_transit_either,,
170315501001,4,,,no_transit_either,,
170315501002,4,,,no_transit_either,,
170315501003,5,,,no_transit_either,,
170315501004,2,,,no_transit_either,,
170315501005,5,,,no_transit_either,,
170315501006,3,,,no_transit_either,,
170315502001,3,,,no_transit_either,,
170315502002,3,,,no_transit_either,,
170315601001,6,,,no_transit_either,,
170315602001,4,,,no_transit_either,,
170315602002,12,,,no_transit_either,,
170315603001,6,,,no_transit_either,,
170315603002,6,,,no_transit_either,,
170315604001,3,,,no_transit_either,,
170315607001,7,,,no_transit_either,,
170315607002,10,,,no_transit_either,,
170315608001,2,,,no_transit_either,,
170315608002,2,,,no_transit_either,,
170315608003,3,,,no_transit_either,,
170315608005,6,,,no_transit_either,,
170315609001,5,,,no_transit_either,,
170315609002,2,,,no_transit_either,,
170315609003,4,,,no_transit_either,,
170315609004,2,,,no_transit_either,,
170315609005,5,,,no_transit_either,,
170315609006,2,,88,newly_enabled,,
170315610001,1,,,no_transit_either,,
170315610002,2,,,no_transit_either,,
170315610004,1,,,no_transit_either,,
170315610005,2,,,no_transit_either,,
170315610006,2,,87,newly_enabled,,
170315611001,5,,,no_transit_either,,
170315611002,3,,,no_transit_either,,
170315611003,1,,,no_transit_either,,
170315611004,1,,,no_transit_either,,
170315611005,1,,,no_transit_either,,
170315701001,4,,,no_transit_either,,
170315702001,3,,,no_transit_either,,
170315703001,2,,,no_transit_either,,
170315703002,1,88,87,both,1,1.13636363636364
170315703003,6,,,no_transit_either,,
170315703004,7,,,no_transit_either,,
170315704001,1,,,no_transit_either,,
170315704002,2,,,no_transit_either,,
170315705001,5,,,no_transit_either,,
170315705002,6,,,no_transit_either,,
170315801001,7,83,82,both,1,1.20481927710843
170315801002,4,85,84,both,1,1.17647058823529
170315802001,2,83,83,both,0,0
170315802002,5,88,88,both,0,0
170315803001,3,,,no_transit_either,,
170315804001,6,,,no_transit_either,,
170315804002,2,,,no_transit_either,,
170315804003,9,88,87,both,1,1.13636363636364
170315804004,6,,,no_transit_either,,
170315805011,7,,,no_transit_either,,
170315805012,1,88,88,both,0,0
170315805013,6,,,no_transit_either,,
170315805014,1,88,88,both,0,0
170315805022,5,,,no_transit_either,,
170315805023,3,89,89,both,0,0
170315806001,1,85,85,both,0,0
170315806002,1,88,88,both,0,0
170315806003,2,88,88,both,0,0
170315807001,1,88,87,both,1,1.13636363636364
170315807002,10,86,85,both,1,1.16279069767442
170315807003,7,85,85,both,0,0
170315808001,2,88,87,both,1,1.13636363636364
170315905001,3,75,74,both,1,1.33333333333333
170315906001,3,81,80,both,1,1.23456790123457
170315906002,7,85,84,both,1,1.17647058823529
170315906003,2,86,85,both,1,1.16279069767442
170315907001,4,84,84,both,0,0
170315907002,6,82,82,both,0,0
170316004001,3,79,78,both,1,1.26582278481013
170316004002,2,78,78,both,0,0
170316004003,1,78,77,both,1,1.28205128205128
170316006001,5,81,80,both,1,1.23456790123457
170316006002,6,83,82,both,1,1.20481927710843
170316007001,6,80,79,both,1,1.25
170316007002,4,77,76,both,1,1.2987012987013
170316009001,2,79,79,both,0,0
170316009002,2,81,81,both,0,0
170316009004,5,81,80,both,1,1.23456790123457
170316103001,4,89,89,both,0,0
170316103002,2,,,no_transit_either,,
170316103003,2,,,no_transit_either,,
170316104001,5,89,89,both,0,0
170316108001,3,83,83,both,0,0
170316112001,2,88,88,both,0,0
170316113001,2,89,89,both,0,0
170316113002,3,,,no_transit_either,,
170316113003,2,,,no_transit_either,,
170316114001,4,,,no_transit_either,,
170316114002,5,,,no_transit_either,,
170316114003,2,,,no_transit_either,,
170316115001,1,,,no_transit_either,,
170316115002,9,,,no_transit_either,,
170316117001,3,,,no_transit_either,,
170316117002,1,,,no_transit_either,,
170316117003,1,,,no_transit_either,,
170316118001,4,,,no_transit_either,,
170316118002,3,,,no_transit_either,,
170316119002,1,,,no_transit_either,,
170316120001,2,,,no_transit_either,,
170316120002,6,88,88,both,0,0
170316121001,7,88,88,both,0,0
170316122002,2,,,no_transit_either,,
170316122003,2,,,no_transit_either,,
170316201001,3,,,no_transit_either,,
170316201002,6,,,no_transit_either,,
170316201003,4,,,no_transit_either,,
170316202001,4,,,no_transit_either,,
170316202002,14,,,no_transit_either,,
170316203001,1,,,no_transit_either,,
170316203002,4,,,no_transit_either,,
170316203003,9,,,no_transit_either,,
170316203004,8,,,no_transit_either,,
170316203005,2,,,no_transit_either,,
170316203006,11,,,no_transit_either,,
170316204001,5,,,no_transit_either,,
170316204002,6,,,no_transit_either,,
170316204003,6,,,no_transit_either,,
170316204004,4,,,no_transit_either,,
170316303001,9,,,no_transit_either,,
170316303002,5,,,no_transit_either,,
170316304001,4,,,no_transit_either,,
170316304002,3,,,no_transit_either,,
170316304003,4,,,no_transit_either,,
170316304004,4,,,no_transit_either,,
170316305001,2,87,86,both,1,1.14942528735632
170316305002,1,,,no_transit_either,,
170316305003,2,,,no_transit_either,,
170316305004,5,,,no_transit_either,,
170316306001,7,85,84,both,1,1.17647058823529
170316308001,3,,,no_transit_either,,
170316308002,9,,,no_transit_either,,
170316308003,6,,,no_transit_either,,
170316308004,5,,,no_transit_either,,
170316309001,4,,,no_transit_either,,
170316309002,8,,,no_transit_either,,
170316309003,2,,,no_transit_either,,
170316401001,4,,,no_transit_either,,
170316403001,1,,,no_transit_either,,
170316403002,2,,,no_transit_either,,
170316403003,3,,,no_transit_either,,
170316403004,5,,,no_transit_either,,
170316403005,3,,,no_transit_either,,
170316403006,1,,,no_transit_either,,
170316404001,8,,,no_transit_either,,
170316404002,12,,,no_transit_either,,
170316405001,3,,,no_transit_either,,
170316405002,4,,,no_transit_either,,
170316406001,3,,,no_transit_either,,
170316406002,9,,,no_transit_either,,
170316406003,4,,,no_transit_either,,
170316407001,4,,,no_transit_either,,
170316407002,2,,,no_transit_either,,
170316407003,4,,,no_transit_either,,
170316407004,4,,,no_transit_either,,
170316408001,2,,,no_transit_either,,
170316408002,10,,,no_transit_either,,
170316501001,5,,,no_transit_either,,
170316501002,1,,,no_transit_either,,
170316501003,10,,,no_transit_either,,
170316501004,2,,,no_transit_either,,
170316502001,5,,,no_transit_either,,
170316502002,6,,,no_transit_either,,
170316502003,4,,,no_transit_either,,
170316502004,3,,,no_transit_either,,
170316502005,2,,,no_transit_either,,
170316502006,2,,,no_transit_either,,
170316503011,5,,,no_transit_either,,
170316503012,8,,,no_transit_either,,
170316503013,5,,,no_transit_either,,
170316503014,7,,,no_transit_either,,
170316503021,5,,,no_transit_either,,
170316503022,12,,,no_transit_either,,
170316504001,7,,,no_transit_either,,
170316504002,4,,,no_transit_either,,
170316504003,5,,,no_transit_either,,
170316504004,10,,,no_transit_either,,
170316504005,5,,,no_transit_either,,
170316505001,2,,,no_transit_either,,
170316505002,10,,,no_transit_either,,
170316505003,5,,,no_transit_either,,
170316603011,10,,,no_transit_either,,
170316603021,2,,,no_transit_either,,
170316603022,8,,,no_transit_either,,
170316603023,3,,,no_transit_either,,
170316603024,3,,,no_transit_either,,
170316604001,3,,,no_transit_either,,
170316604002,6,,,no_transit_either,,
170316604003,2,,,no_transit_either,,
170316604004,2,,,no_transit_either,,
170316605001,3,,,no_transit_either,,
170316605002,5,,,no_transit_either,,
170316605003,6,,,no_transit_either,,
170316605004,5,,,no_transit_either,,
170316606001,8,,,no_transit_either,,
170316606002,3,,,no_transit_either,,
170316606003,4,,,no_transit_either,,
170316606004,8,,,no_transit_either,,
170316606005,6,,,no_transit_either,,
170316607001,1,,,no_transit_either,,
170316607002,1,,,no_transit_either,,
170316608001,2,,,no_transit_either,,
170316608002,4,,,no_transit_either,,
170316608003,3,,,no_transit_either,,
170316608005,4,,,no_transit_either,,
170316609001,4,,,no_transit_either,,
170316609002,4,,,no_transit_either,,
170316609003,8,,,no_transit_either,,
170316610001,1,,,no_transit_either,,
170316610002,2,,,no_transit_either,,
170316610003,4,,,no_transit_either,,
170316610004,2,,,no_transit_either,,
170316610005,2,,,no_transit_either,,
170316611001,6,,,no_transit_either,,
170316611002,8,,,no_transit_either,,
170316611003,10,,,no_transit_either,,
170316611004,3,,,no_transit_either,,
170316611005,10,,,no_transit_either,,
170316701001,1,,,no_transit_either,,
170316701002,4,,,no_transit_either,,
170316702001,4,,,no_transit_either,,
170316703001,3,,,no_transit_either,,
170316703002,2,,,no_transit_either,,
170316704001,4,,,no_transit_either,,
170316705001,3,,,no_transit_either,,
170316706001,3,,,no_transit_either,,
170316707001,2,,,no_transit_either,,
170316707002,2,,,no_transit_either,,
170316708002,3,,,no_transit_either,,
170316709002,2,,,no_transit_either,,
170316711001,2,,,no_transit_either,,
170316712001,1,,,no_transit_either,,
170316713001,2,,,no_transit_either,,
170316713003,1,,,no_transit_either,,
170316714001,3,,,no_transit_either,,
170316714002,3,,,no_transit_either,,
170316715001,1,,,no_transit_either,,
170316715002,4,,,no_transit_either,,
170316715003,1,,,no_transit_either,,
170316716001,6,,,no_transit_either,,
170316716002,4,,,no_transit_either,,
170316716003,1,,,no_transit_either,,
170316718001,5,,,no_transit_either,,
170316719001,4,,,no_transit_either,,
170316720001,3,,,no_transit_either,,
170316720002,3,,,no_transit_either,,
170316720003,3,,,no_transit_either,,
170316720004,2,,,no_transit_either,,
170316805001,7,88,88,both,0,0
170316806001,2,88,88,both,0,0
170316809001,3,88,88,both,0,0
170316809002,3,78,78,both,0,0
170316809003,2,84,84,both,0,0
170316809004,2,84,84,both,0,0
170316810001,1,89,89,both,0,0
170316810002,2,89,89,both,0,0
170316810003,2,,,no_transit_either,,
170316810004,2,86,86,both,0,0
170316811003,4,,,no_transit_either,,
170316811004,2,,,no_transit_either,,
170316811005,2,,,no_transit_either,,
170316812001,2,87,87,both,0,0
170316812002,2,88,88,both,0,0
170316812003,3,88,88,both,0,0
170316813003,1,,,no_transit_either,,
170316814001,1,,,no_transit_either,,
170316814002,1,,,no_transit_either,,
170316814003,1,,,no_transit_either,,
170316814004,2,,,no_transit_either,,
170316903001,2,79,79,both,0,0
170316903002,8,80,80,both,0,0
170316904001,1,85,85,both,0,0
170316904002,7,84,84,both,0,0
170316904003,4,80,80,both,0,0
170316904004,3,81,81,both,0,0
170316905001,1,86,86,both,0,0
170316909001,2,89,89,both,0,0
170316909002,4,,,no_transit_either,,
170316909003,1,,,no_transit_either,,
170316909004,2,88,88,both,0,0
170316910001,5,86,86,both,0,0
170316910002,2,,,no_transit_either,,
170316910003,2,87,87,both,0,0
170316910004,2,83,83,both,0,0
170316911001,2,86,86,both,0,0
170316911002,4,88,88,both,0,0
170316911004,6,86,86,both,0,0
170316912002,5,85,85,both,0,0
170316912003,3,88,81,both,7,7.95454545454545
170316913001,6,89,89,both,0,0
170316913002,3,85,85,both,0,0
170316914002,1,,,no_transit_either,,
170316914003,4,,,no_transit_either,,
170316914004,1,,,no_transit_either,,
170316914005,2,,,no_transit_either,,
170316915001,6,,,no_transit_either,,
170316915002,1,,,no_transit_either,,
170316915003,2,,,no_transit_either,,
170317001001,8,,,no_transit_either,,
170317001002,1,,,no_transit_either,,
170317002001,5,,,no_transit_either,,
170317002002,4,,,no_transit_either,,
170317002003,4,,,no_transit_either,,
170317002004,3,,,no_transit_either,,
170317003011,12,,,no_transit_either,,
170317003012,3,,,no_transit_either,,
170317003013,6,,,no_transit_either,,
170317003021,3,,,no_transit_either,,
170317003022,2,,,no_transit_either,,
170317003023,6,,,no_transit_either,,
170317003024,8,,,no_transit_either,,
170317004011,4,,,no_transit_either,,
170317004012,3,,,no_transit_either,,
170317004013,10,,,no_transit_either,,
170317004014,3,,,no_transit_either,,
170317004021,5,,,no_transit_either,,
170317004022,4,,,no_transit_either,,
170317004023,4,,,no_transit_either,,
170317005011,7,,,no_transit_either,,
170317005012,4,,,no_transit_either,,
170317005013,3,,,no_transit_either,,
170317005014,2,,,no_transit_either,,
170317005016,3,,,no_transit_either,,
170317005021,2,,,no_transit_either,,
170317005022,5,,,no_transit_either,,
170317101001,3,,83,newly_enabled,,
170317102001,4,,89,newly_enabled,,
170317102002,7,,,no_transit_either,,
170317102003,1,,,no_transit_either,,
170317102004,4,,,no_transit_either,,
170317102005,2,,,no_transit_either,,
170317103001,1,,,no_transit_either,,
170317104001,3,,,no_transit_either,,
170317104002,3,,,no_transit_either,,
170317104003,1,,,no_transit_either,,
170317104004,2,,,no_transit_either,,
170317104005,5,,,no_transit_either,,
170317104006,4,,,no_transit_either,,
170317105001,6,,,no_transit_either,,
170317105002,3,,,no_transit_either,,
170317105003,2,,,no_transit_either,,
170317105004,2,,,no_transit_either,,
170317106001,2,,,no_transit_either,,
170317107001,4,,87,newly_enabled,,
170317107002,1,,,no_transit_either,,
170317107003,4,,,no_transit_either,,
170317107004,2,,,no_transit_either,,
170317108001,3,,84,newly_enabled,,
170317108002,3,,89,newly_enabled,,
170317108003,4,,,no_transit_either,,
170317108004,6,,85,newly_enabled,,
170317108005,2,,86,newly_enabled,,
170317108006,4,,,no_transit_either,,
170317109001,2,,84,newly_enabled,,
170317109002,1,,89,newly_enabled,,
170317110001,3,,,no_transit_either,,
170317110002,8,,88,newly_enabled,,
170317110003,2,,87,newly_enabled,,
170317111002,1,,89,newly_enabled,,
170317111003,5,,,no_transit_either,,
170317112001,3,,,no_transit_either,,
170317112002,3,,,no_transit_either,,
170317112003,2,,,no_transit_either,,
170317112004,3,,,no_transit_either,,
170317113001,3,,,no_transit_either,,
170317113002,1,,,no_transit_either,,
170317114001,5,,84,newly_enabled,,
170317114002,4,,85,newly_enabled,,
170317114003,1,,88,newly_enabled,,
170317115001,3,,,no_transit_either,,
170317115002,4,,87,newly_enabled,,
170317201001,3,,,no_transit_either,,
170317201002,3,,,no_transit_either,,
170317201003,5,,,no_transit_either,,
170317202001,4,,,no_transit_either,,
170317202002,2,,,no_transit_either,,
170317202003,1,,,no_transit_either,,
170317203001,2,,,no_transit_either,,
170317203003,4,,,no_transit_either,,
170317203004,3,,,no_transit_either,,
170317205001,4,,,no_transit_either,,
170317205002,3,,,no_transit_either,,
170317206002,1,,,no_transit_either,,
170317207001,6,,,no_transit_either,,
170317207002,2,,,no_transit_either,,
170317301001,4,,,no_transit_either,,
170317301002,1,,89,newly_enabled,,
170317301003,2,,89,newly_enabled,,
170317302011,3,,,no_transit_either,,
170317302012,1,,,no_transit_either,,
170317302013,5,,87,newly_enabled,,
170317302014,9,,88,newly_enabled,,
170317302015,3,,,no_transit_either,,
170317302022,5,,,no_transit_either,,
170317303001,4,,87,newly_enabled,,
170317304002,3,,,no_transit_either,,
170317304003,1,,,no_transit_either,,
170317305001,2,,,no_transit_either,,
170317305002,5,,,no_transit_either,,
170317305003,5,,,no_transit_either,,
170317305004,4,,,no_transit_either,,
170317306001,4,,,no_transit_either,,
170317306002,6,,,no_transit_either,,
170317306003,8,,,no_transit_either,,
170317307001,3,,,no_transit_either,,
170317307002,2,,,no_transit_either,,
170317401001,1,,,no_transit_either,,
170317401003,2,,,no_transit_either,,
170317401004,5,,,no_transit_either,,
170317402001,3,,,no_transit_either,,
170317402002,2,,,no_transit_either,,
170317402003,2,,,no_transit_either,,
170317402004,3,,,no_transit_either,,
170317403001,5,,,no_transit_either,,
170317403002,4,,,no_transit_either,,
170317403003,1,,,no_transit_either,,
170317403004,2,,,no_transit_either,,
170317404001,2,,,no_transit_either,,
170317404002,2,,,no_transit_either,,
170317404003,3,,,no_transit_either,,
170317404004,1,,,no_transit_either,,
170317501001,4,,,no_transit_either,,
170317501002,6,,,no_transit_either,,
170317501003,3,,,no_transit_either,,
170317501004,2,,,no_transit_either,,
170317502001,5,,,no_transit_either,,
170317502002,4,,,no_transit_either,,
170317502003,2,,,no_transit_either,,
170317502004,2,,,no_transit_either,,
170317503001,1,,,no_transit_either,,
170317504001,3,,,no_transit_either,,
170317504002,4,,,no_transit_either,,
170317504003,1,,,no_transit_either,,
170317505001,4,,,no_transit_either,,
170317505002,4,,,no_transit_either,,
170317505003,4,,,no_transit_either,,
170317506001,5,,,no_transit_either,,
170317506002,2,,,no_transit_either,,
170317506003,1,,,no_transit_either,,
170317506004,4,,,no_transit_either,,
170317608011,95,29,29,both,0,0
170317608012,70,25,25,both,0,0
170317608021,34,40,40,both,0,0
170317608031,38,32,32,both,0,0
170317608032,39,34,34,both,0,0
170317608033,40,30,30,both,0,0
170317608034,32,38,38,both,0,0
170317702011,32,,,no_transit_either,,
170317702012,35,,,no_transit_either,,
170317702013,17,,,no_transit_either,,
170317702021,32,,,no_transit_either,,
170317702022,15,,,no_transit_either,,
170317702023,26,,,no_transit_either,,
170317703001,7,,,no_transit_either,,
170317703002,14,68,68,both,0,0
170317703003,16,,,no_transit_either,,
170317703004,23,,,no_transit_either,,
170317703005,18,,,no_transit_either,,
170317704001,10,,,no_transit_either,,
170317704002,12,,,no_transit_either,,
170317704003,13,54,54,both,0,0
170317705001,36,44,44,both,0,0
170317705002,8,39,39,both,0,0
170317706011,15,55,55,both,0,0
170317706012,14,40,40,both,0,0
170317706013,23,37,37,both,0,0
170317706021,26,36,36,both,0,0
170317706022,20,25,25,both,0,0
170317706023,23,35,35,both,0,0
170317707001,19,24,24,both,0,0
170317707002,43,,,no_transit_either,,
170317708001,46,39,36,both,3,7.69230769230769
170317708002,60,40,31,both,9,22.5
170317709011,20,43,43,both,0,0
170317709012,17,46,46,both,0,0
170317709013,12,34,34,both,0,0
170317709014,41,40,40,both,0,0
170317709021,27,37,37,both,0,0
170317709022,38,38,38,both,0,0
170318001001,3,,,no_transit_either,,
170318001002,4,,,no_transit_either,,
170318002001,1,,,no_transit_either,,
170318002002,2,,,no_transit_either,,
170318002003,8,,,no_transit_either,,
170318002004,5,,,no_transit_either,,
170318002005,5,,,no_transit_either,,
170318002006,4,,,no_transit_either,,
170318003001,5,,89,newly_enabled,,
170318003002,4,,87,newly_enabled,,
170318003003,10,,,no_transit_either,,
170318004001,1,,89,newly_enabled,,
170318004002,4,,85,newly_enabled,,
170318004003,2,,82,newly_enabled,,
170318005001,2,,86,newly_enabled,,
170318005002,6,,87,newly_enabled,,
170318005003,2,,,no_transit_either,,
170318005004,7,89,87,both,2,2.24719101123596
170318005005,1,88,84,both,4,4.54545454545455
170318006001,6,,81,newly_enabled,,
170318006002,5,,79,newly_enabled,,
170318007001,2,,,no_transit_either,,
170318007002,7,,87,newly_enabled,,
170318007004,6,,,no_transit_either,,
170318008001,9,,,no_transit_either,,
170318009001,4,,,no_transit_either,,
170318009002,3,86,86,both,0,0
170318009003,5,,,no_transit_either,,
170318009004,4,,,no_transit_either,,
170318010001,4,,,no_transit_either,,
170318010002,4,,,no_transit_either,,
170318010003,6,,,no_transit_either,,
170318010004,10,,,no_transit_either,,
170318011001,2,,81,newly_enabled,,
170318011002,2,89,80,both,9,10.1123595505618
170318011003,5,,89,newly_enabled,,
170318011004,10,,86,newly_enabled,,
170318012001,2,,87,newly_enabled,,
170318012002,3,,83,newly_enabled,,
170318012003,8,,,no_transit_either,,
170318013001,4,88,88,both,0,0
170318013002,2,89,84,both,5,5.61797752808989
170318013003,2,,82,newly_enabled,,
170318013004,8,87,77,both,10,11.4942528735632
170318014001,4,,,no_transit_either,,
170318014002,5,,,no_transit_either,,
170318015001,7,,,no_transit_either,,
170318015002,6,,,no_transit_either,,
170318015003,4,87,87,both,0,0
170318016011,17,,,no_transit_either,,
170318016012,14,,,no_transit_either,,
170318016031,12,81,81,both,0,0
170318016032,19,80,80,both,0,0
170318016051,4,,,no_transit_either,,
170318016052,5,,,no_transit_either,,
170318016053,14,,,no_transit_either,,
170318016054,4,,,no_transit_either,,
170318016061,5,,,no_transit_either,,
170318016062,12,,,no_transit_either,,
170318016063,9,,,no_transit_either,,
170318016064,4,,,no_transit_either,,
170318016065,7,,,no_transit_either,,
170318016071,6,,,no_transit_either,,
170318016072,4,83,83,both,0,0
170318016073,8,,,no_transit_either,,
170318016081,10,88,88,both,0,0
170318016082,6,,,no_transit_either,,
170318016083,2,,,no_transit_either,,
170318016084,11,,,no_transit_either,,
170318017011,12,,,no_transit_either,,
170318017012,7,,,no_transit_either,,
170318017021,5,88,88,both,0,0
170318017022,5,81,81,both,0,0
170318017023,6,82,82,both,0,0
170318017024,5,87,87,both,0,0
170318018001,5,88,88,both,0,0
170318018002,10,,,no_transit_either,,
170318018003,6,88,88,both,0,0
170318018004,4,,,no_transit_either,,
170318019011,6,,,no_transit_either,,
170318019012,4,88,88,both,0,0
170318019013,2,78,78,both,0,0
170318019021,4,,,no_transit_either,,
170318019022,14,,,no_transit_either,,
170318019023,5,,,no_transit_either,,
170318020021,9,,,no_transit_either,,
170318020022,9,,,no_transit_either,,
170318020031,13,,,no_transit_either,,
170318020041,6,76,76,both,0,0
170318020042,2,71,71,both,0,0
170318020043,5,70,70,both,0,0
170318020044,7,82,82,both,0,0
170318021002,6,62,62,both,0,0
170318021003,11,66,66,both,0,0
170318022001,7,79,79,both,0,0
170318022002,9,66,66,both,0,0
170318022003,6,69,69,both,0,0
170318023001,13,75,75,both,0,0
170318023002,20,88,88,both,0,0
170318024021,6,,,no_transit_either,,
170318024022,5,,,no_transit_either,,
170318024023,4,,,no_transit_either,,
170318024024,2,,,no_transit_either,,
170318024031,12,,,no_transit_either,,
170318024041,5,,,no_transit_either,,
170318024042,12,,,no_transit_either,,
170318024043,7,,,no_transit_either,,
170318024044,8,,,no_transit_either,,
170318025031,10,,,no_transit_either,,
170318025032,12,,,no_transit_either,,
170318025033,11,,,no_transit_either,,
170318025034,4,,,no_transit_either,,
170318025041,1,,,no_transit_either,,
170318025042,5,50,50,both,0,0
170318025043,8,,,no_transit_either,,
170318025044,4,,,no_transit_either,,
170318025052,5,47,47,both,0,0
170318025054,8,,,no_transit_either,,
170318025055,11,88,88,both,0,0
170318025056,6,54,54,both,0,0
170318025061,5,,,no_transit_either,,
170318025062,2,,,no_transit_either,,
170318026051,10,,,no_transit_either,,
170318026052,10,,,no_transit_either,,
170318026053,5,44,44,both,0,0
170318026054,4,46,46,both,0,0
170318026055,9,,,no_transit_either,,
170318026071,13,84,82,both,2,2.38095238095238
170318026081,17,,,no_transit_either,,
170318026082,35,,,no_transit_either,,
170318026083,7,,,no_transit_either,,
170318026084,9,,88,newly_enabled,,
170318026091,10,56,56,both,0,0
170318026092,2,55,55,both,0,0
170318026093,7,53,53,both,0,0
170318026094,13,50,50,both,0,0
170318026101,4,54,54,both,0,0
170318027011,16,88,86,both,2,2.27272727272727
170318027012,9,58,58,both,0,0
170318027013,6,,,no_transit_either,,
170318027014,15,45,45,both,0,0
170318027021,16,,,no_transit_either,,
170318027022,12,,,no_transit_either,,
170318027023,7,54,54,both,0,0
170318028011,8,,,no_transit_either,,
170318028012,13,,,no_transit_either,,
170318028013,10,,,no_transit_either,,
170318028014,13,,,no_transit_either,,
170318028015,6,,,no_transit_either,,
170318028021,15,82,80,both,2,2.4390243902439
170318028022,15,71,68,both,3,4.22535211267606
170318028023,14,66,57,both,9,13.6363636363636
170318028024,10,63,55,both,8,12.6984126984127
170318028025,13,71,63,both,8,11.2676056338028
170318029001,3,,,no_transit_either,,
170318029002,8,,,no_transit_either,,
170318029003,4,,,no_transit_either,,
170318029004,9,,,no_transit_either,,
170318030051,6,,,no_transit_either,,
170318030052,9,,,no_transit_either,,
170318030071,9,,,no_transit_either,,
170318030072,8,,,no_transit_either,,
170318030073,11,,,no_transit_either,,
170318030081,14,,,no_transit_either,,
170318030082,14,,,no_transit_either,,
170318030083,15,,,no_transit_either,,
170318030101,2,,,no_transit_either,,
170318030102,1,,,no_transit_either,,
170318030103,6,,,no_transit_either,,
170318030104,6,,,no_transit_either,,
170318030121,14,,,no_transit_either,,
170318030131,5,,,no_transit_either,,
170318030132,8,,,no_transit_either,,
170318030133,7,,,no_transit_either,,
170318030141,9,,,no_transit_either,,
170318030142,3,,,no_transit_either,,
170318030151,10,,,no_transit_either,,
170318030152,18,,,no_transit_either,,
170318030153,6,,,no_transit_either,,
170318030161,21,,,no_transit_either,,
170318030171,11,,,no_transit_either,,
170318030172,12,,,no_transit_either,,
170318030173,16,84,84,both,0,0
170318031001,20,,,no_transit_either,,
170318031002,15,74,64,both,10,13.5135135135135
170318032001,5,,,no_transit_either,,
170318032002,8,,,no_transit_either,,
170318032003,9,74,65,both,9,12.1621621621622
170318033001,25,74,65,both,9,12.1621621621622
170318033002,13,62,53,both,9,14.5161290322581
170318033003,14,63,55,both,8,12.6984126984127
170318034001,12,,,no_transit_either,,
170318034002,10,,,no_transit_either,,
170318034003,7,,,no_transit_either,,
170318034004,7,,,no_transit_either,,
170318034005,3,,,no_transit_either,,
170318034006,8,71,62,both,9,12.6760563380282
170318035001,5,69,61,both,8,11.5942028985507
170318035002,5,,,no_transit_either,,
170318035003,6,,,no_transit_either,,
170318035004,10,,,no_transit_either,,
170318035005,5,,,no_transit_either,,
170318036031,18,,,no_transit_either,,
170318036032,2,,,no_transit_either,,
170318036033,17,,,no_transit_either,,
170318036034,5,,,no_transit_either,,
170318036041,5,,,no_transit_either,,
170318036042,3,,,no_transit_either,,
170318036043,3,,,no_transit_either,,
170318036044,5,,,no_transit_either,,
170318036051,11,,,no_transit_either,,
170318036052,10,,,no_transit_either,,
170318036053,6,,,no_transit_either,,
170318036054,4,88,88,both,0,0
170318036055,10,85,85,both,0,0
170318036071,9,,,no_transit_either,,
170318036072,5,,,no_transit_either,,
170318036073,16,,,no_transit_either,,
170318036074,8,,,no_transit_either,,
170318036081,13,,,no_transit_either,,
170318036082,16,,,no_transit_either,,
170318036083,13,,,no_transit_either,,
170318036111,6,,,no_transit_either,,
170318036112,2,,,no_transit_either,,
170318036113,9,,,no_transit_either,,
170318036114,7,,,no_transit_either,,
170318036115,10,,,no_transit_either,,
170318036121,16,,,no_transit_either,,
170318036122,8,,,no_transit_either,,
170318036131,12,89,89,both,0,0
170318036132,3,86,86,both,0,0
170318036141,8,88,88,both,0,0
170318036142,10,87,87,both,0,0
170318036151,7,,,no_transit_either,,
170318036152,3,,,no_transit_either,,
170318036161,11,,,no_transit_either,,
170318036162,10,,,no_transit_either,,
170318036163,18,,,no_transit_either,,
170318037011,15,70,70,both,0,0
170318037012,21,,,no_transit_either,,
170318037021,6,76,74,both,2,2.63157894736842
170318037022,17,,,no_transit_either,,
170318037023,14,79,77,both,2,2.53164556962025
170318037024,19,75,73,both,2,2.66666666666667
170318038001,8,,,no_transit_either,,
170318038002,6,,,no_transit_either,,
170318038003,16,,,no_transit_either,,
170318038004,10,76,74,both,2,2.63157894736842
170318039011,17,,,no_transit_either,,
170318039012,20,67,59,both,8,11.9402985074627
170318039021,9,,,no_transit_either,,
170318039022,5,,,no_transit_either,,
170318039023,9,,,no_transit_either,,
170318040001,13,,,no_transit_either,,
170318040002,27,,,no_transit_either,,
170318041021,13,,,no_transit_either,,
170318041022,21,,,no_transit_either,,
170318041023,12,,,no_transit_either,,
170318041041,21,,,no_transit_either,,
170318041042,22,,,no_transit_either,,
170318041043,18,,,no_transit_either,,
170318041051,11,,,no_transit_either,,
170318041052,7,,,no_transit_either,,
170318041053,12,,,no_transit_either,,
170318041061,20,,,no_transit_either,,
170318041062,9,,,no_transit_either,,
170318041063,20,,,no_transit_either,,
170318041064,13,,,no_transit_either,,
170318041081,17,87,87,both,0,0
170318041082,27,84,84,both,0,0
170318041091,4,,,no_transit_either,,
170318041092,13,,,no_transit_either,,
170318042021,15,79,79,both,0,0
170318042022,21,,,no_transit_either,,
170318042023,16,,,no_transit_either,,
170318042024,9,,,no_transit_either,,
170318042031,8,,,no_transit_either,,
170318042032,9,,,no_transit_either,,
170318042041,4,,,no_transit_either,,
170318042042,5,,,no_transit_either,,
170318042043,13,,,no_transit_either,,
170318043051,14,,,no_transit_either,,
170318043052,7,,,no_transit_either,,
170318043053,15,,,no_transit_either,,
170318043054,21,,,no_transit_either,,
170318043061,19,,,no_transit_either,,
170318043062,6,,,no_transit_either,,
170318043063,7,,,no_transit_either,,
170318043064,16,,,no_transit_either,,
170318043081,16,,,no_transit_either,,
170318043082,22,,,no_transit_either,,
170318043083,18,,,no_transit_either,,
170318043091,10,,,no_transit_either,,
170318043092,10,,,no_transit_either,,
170318043121,22,,,no_transit_either,,
170318043131,21,80,80,both,0,0
170318043132,10,,,no_transit_either,,
170318043133,11,,,no_transit_either,,
170318043141,13,,,no_transit_either,,
170318043151,29,,,no_transit_either,,
170318043161,26,,,no_transit_either,,
170318043162,14,,,no_transit_either,,
170318044031,4,80,80,both,0,0
170318044032,12,84,84,both,0,0
170318044033,10,,,no_transit_either,,
170318044034,19,,,no_transit_either,,
170318044041,5,,,no_transit_either,,
170318044042,5,,,no_transit_either,,
170318044043,7,,,no_transit_either,,
170318044044,4,88,88,both,0,0
170318044051,8,,,no_transit_either,,
170318044052,5,,,no_transit_either,,
170318044061,6,,,no_transit_either,,
170318044062,4,,,no_transit_either,,
170318044063,7,88,88,both,0,0
170318045051,7,,,no_transit_either,,
170318045052,5,,,no_transit_either,,
170318045053,16,,,no_transit_either,,
170318045061,12,,,no_transit_either,,
170318045062,8,,,no_transit_either,,
170318045063,25,,,no_transit_either,,
170318045081,14,,,no_transit_either,,
170318045091,15,,,no_transit_either,,
170318045092,16,,,no_transit_either,,
170318045093,9,,,no_transit_either,,
170318045094,14,,,no_transit_either,,
170318045101,3,,,no_transit_either,,
170318045102,1,89,89,both,0,0
170318045103,7,,,no_transit_either,,
170318045104,8,,,no_transit_either,,
170318045111,10,,,no_transit_either,,
170318045112,8,,,no_transit_either,,
170318045121,16,,,no_transit_either,,
170318045122,32,,,no_transit_either,,
170318045131,11,,,no_transit_either,,
170318045132,21,,,no_transit_either,,
170318045133,16,,,no_transit_either,,
170318045141,5,,,no_transit_either,,
170318045142,18,,,no_transit_either,,
170318045143,16,,,no_transit_either,,
170318046031,26,68,68,both,0,0
170318046032,14,85,85,both,0,0
170318046033,15,82,82,both,0,0
170318046061,7,,,no_transit_either,,
170318046062,19,,,no_transit_either,,
170318046063,18,,,no_transit_either,,
170318046064,28,,,no_transit_either,,
170318046071,24,,,no_transit_either,,
170318046072,13,,,no_transit_either,,
170318046073,12,,,no_transit_either,,
170318046074,10,,,no_transit_either,,
170318046081,15,,,no_transit_either,,
170318046082,6,,,no_transit_either,,
170318046083,19,,,no_transit_either,,
170318046091,18,,,no_transit_either,,
170318046092,15,,,no_transit_either,,
170318046093,14,61,61,both,0,0
170318046101,30,,,no_transit_either,,
170318046102,10,,,no_transit_either,,
170318046111,13,,,no_transit_either,,
170318046112,18,,,no_transit_either,,
170318046113,16,,,no_transit_either,,
170318047011,6,,,no_transit_either,,
170318047012,11,,,no_transit_either,,
170318047013,19,,,no_transit_either,,
170318047014,20,,,no_transit_either,,
170318047051,17,,,no_transit_either,,
170318047052,12,,,no_transit_either,,
170318047053,5,89,89,both,0,0
170318047061,14,,,no_transit_either,,
170318047062,21,84,84,both,0,0
170318047091,4,89,89,both,0,0
170318047092,8,,,no_transit_either,,
170318047093,12,,,no_transit_either,,
170318047094,6,88,88,both,0,0
170318047095,7,,,no_transit_either,,
170318047101,13,,,no_transit_either,,
170318047102,14,,,no_transit_either,,
170318047103,15,,,no_transit_either,,
170318047104,9,,,no_transit_either,,
170318047111,18,,,no_transit_either,,
170318047112,10,,,no_transit_either,,
170318047113,30,,,no_transit_either,,
170318047114,15,,,no_transit_either,,
170318047121,20,,,no_transit_either,,
170318047122,8,,,no_transit_either,,
170318047123,20,,,no_transit_either,,
170318047131,22,84,84,both,0,0
170318047132,17,88,88,both,0,0
170318047133,10,,,no_transit_either,,
170318047134,9,86,86,both,0,0
170318047141,16,,,no_transit_either,,
170318047142,16,,,no_transit_either,,
170318047143,11,,,no_transit_either,,
170318047151,9,89,89,both,0,0
170318047152,15,81,81,both,0,0
170318047161,16,,,no_transit_either,,
170318047162,34,,,no_transit_either,,
170318047163,16,,,no_transit_either,,
170318048031,23,,,no_transit_either,,
170318048032,13,,,no_transit_either,,
170318048033,27,,,no_transit_either,,
170318048041,12,,,no_transit_either,,
170318048042,24,,,no_transit_either,,
170318048043,6,,,no_transit_either,,
170318048044,19,,,no_transit_either,,
170318048051,9,,,no_transit_either,,
170318048052,6,,,no_transit_either,,
170318048053,8,,,no_transit_either,,
170318048054,17,,,no_transit_either,,
170318048061,11,,,no_transit_either,,
170318048062,8,,,no_transit_either,,
170318048063,14,,,no_transit_either,,
170318048071,6,,,no_transit_either,,
170318048072,9,,,no_transit_either,,
170318048073,15,,,no_transit_either,,
170318048074,7,,,no_transit_either,,
170318048081,9,,,no_transit_either,,
170318048082,8,,,no_transit_either,,
170318048083,11,,,no_transit_either,,
170318048091,19,,,no_transit_either,,
170318048092,17,,,no_transit_either,,
170318048093,12,,,no_transit_either,,
170318048101,11,,,no_transit_either,,
170318048102,4,,,no_transit_either,,
170318048103,21,,,no_transit_either,,
170318048104,15,,,no_transit_either,,
170318049011,21,60,53,both,7,11.6666666666667
170318049012,8,57,56,both,1,1.75438596491228
170318049013,14,64,61,both,3,4.6875
170318049014,12,67,60,both,7,10.4477611940299
170318049015,16,59,52,both,7,11.864406779661
170318049016,12,65,58,both,7,10.7692307692308
170318049021,9,55,55,both,0,0
170318049022,18,63,63,both,0,0
170318049023,18,67,67,both,0,0
170318049024,21,63,63,both,0,0
170318049025,8,50,50,both,0,0
170318050011,9,68,61,both,7,10.2941176470588
170318050012,9,,,no_transit_either,,
170318050013,18,70,70,both,0,0
170318050014,6,68,68,both,0,0
170318050021,17,53,53,both,0,0
170318050022,17,68,68,both,0,0
170318050023,17,49,49,both,0,0
170318050024,7,52,52,both,0,0
170318050025,8,50,50,both,0,0
170318051051,15,,,no_transit_either,,
170318051052,14,54,54,both,0,0
170318051053,25,,,no_transit_either,,
170318051054,15,70,70,both,0,0
170318051055,6,,,no_transit_either,,
170318051061,13,64,64,both,0,0
170318051062,22,62,62,both,0,0
170318051071,22,53,53,both,0,0
170318051072,13,48,48,both,0,0
170318051073,13,44,44,both,0,0
170318051074,22,50,50,both,0,0
170318051075,5,48,48,both,0,0
170318051081,32,46,46,both,0,0
170318051082,23,54,54,both,0,0
170318051083,11,56,56,both,0,0
170318051084,10,49,49,both,0,0
170318051091,9,72,72,both,0,0
170318051092,7,57,57,both,0,0
170318051093,8,78,78,both,0,0
170318051101,18,,,no_transit_either,,
170318051102,13,,,no_transit_either,,
170318051103,4,,,no_transit_either,,
170318051104,8,,,no_transit_either,,
170318051111,12,61,61,both,0,0
170318051112,11,60,60,both,0,0
170318051113,25,46,46,both,0,0
170318051114,14,47,47,both,0,0
170318051115,11,44,44,both,0,0
170318051116,12,43,43,both,0,0
170318051121,23,50,50,both,0,0
170318051122,16,52,52,both,0,0
170318052011,6,88,88,both,0,0
170318052012,5,77,77,both,0,0
170318052013,11,70,70,both,0,0
170318052021,7,63,63,both,0,0
170318052022,4,59,59,both,0,0
170318052023,6,68,68,both,0,0
170318052024,5,79,79,both,0,0
170318053011,4,53,53,both,0,0
170318053012,12,58,58,both,0,0
170318053013,4,46,46,both,0,0
170318053021,5,76,76,both,0,0
170318053022,12,57,57,both,0,0
170318053023,5,60,60,both,0,0
170318054011,13,49,49,both,0,0
170318054012,19,50,50,both,0,0
170318054013,10,52,52,both,0,0
170318054021,11,52,52,both,0,0
170318054022,10,54,54,both,0,0
170318054023,4,52,52,both,0,0
170318054024,16,48,48,both,0,0
170318054025,9,47,47,both,0,0
170318055011,8,41,41,both,0,0
170318055012,10,52,51,both,1,1.92307692307692
170318055013,7,52,52,both,0,0
170318055021,9,53,53,both,0,0
170318055022,7,47,47,both,0,0
170318055023,13,40,40,both,0,0
170318055024,5,45,45,both,0,0
170318056001,17,36,36,both,0,0
170318056002,16,39,39,both,0,0
170318056003,9,39,39,both,0,0
170318056004,14,36,36,both,0,0
170318057011,12,39,39,both,0,0
170318057012,8,35,35,both,0,0
170318057013,18,43,43,both,0,0
170318057014,10,43,43,both,0,0
170318057015,21,40,40,both,0,0
170318057021,21,32,32,both,0,0
170318057022,15,35,35,both,0,0
170318058011,14,48,43,both,5,10.4166666666667
170318058012,8,52,48,both,4,7.69230769230769
170318058013,6,52,52,both,0,0
170318058021,16,48,43,both,5,10.4166666666667
170318058022,10,45,45,both,0,0
170318058023,14,45,45,both,0,0
170318058024,9,43,43,both,0,0
170318058025,13,43,43,both,0,0
170318059011,16,48,48,both,0,0
170318059012,30,38,38,both,0,0
170318059013,16,47,42,both,5,10.6382978723404
170318059021,17,48,48,both,0,0
170318059022,11,54,54,both,0,0
170318059023,10,50,50,both,0,0
170318059024,9,52,52,both,0,0
170318059025,9,53,52,both,1,1.88679245283019
170318059026,11,53,49,both,4,7.54716981132076
170318060011,10,71,71,both,0,0
170318060012,26,56,56,both,0,0
170318060013,20,56,56,both,0,0
170318060014,11,82,82,both,0,0
170318060021,14,56,56,both,0,0
170318060022,17,64,64,both,0,0
170318060023,9,55,55,both,0,0
170318060024,8,46,46,both,0,0
170318060025,17,47,47,both,0,0
170318060041,15,60,60,both,0,0
170318060042,14,46,46,both,0,0
170318060043,11,51,51,both,0,0
170318060044,4,49,49,both,0,0
170318060051,17,47,47,both,0,0
170318060052,20,41,41,both,0,0
170318060061,14,56,56,both,0,0
170318060062,10,57,57,both,0,0
170318060063,18,52,52,both,0,0
170318060064,10,57,57,both,0,0
170318061021,30,57,57,both,0,0
170318061022,16,60,60,both,0,0
170318061023,9,52,52,both,0,0
170318061031,21,56,56,both,0,0
170318061032,17,54,54,both,0,0
170318061033,27,49,48,both,1,2.04081632653061
170318061034,20,57,57,both,0,0
170318061041,14,,,no_transit_either,,
170318061042,15,61,61,both,0,0
170318061043,19,68,68,both,0,0
170318062011,35,43,43,both,0,0
170318062012,40,40,40,both,0,0
170318062021,7,37,37,both,0,0
170318062022,23,42,42,both,0,0
170318062023,24,38,38,both,0,0
170318063001,8,50,50,both,0,0
170318063002,3,44,44,both,0,0
170318063003,13,37,37,both,0,0
170318063004,17,44,44,both,0,0
170318063005,18,46,46,both,0,0
170318063006,7,49,49,both,0,0
170318064001,16,53,53,both,0,0
170318064002,13,38,38,both,0,0
170318065011,29,32,32,both,0,0
170318065012,33,33,33,both,0,0
170318065021,10,43,43,both,0,0
170318065022,15,55,55,both,0,0
170318065023,15,41,41,both,0,0
170318065024,26,40,40,both,0,0
170318066001,21,40,40,both,0,0
170318066002,17,32,32,both,0,0
170318067001,8,80,80,both,0,0
170318067002,6,87,87,both,0,0
170318067003,7,78,78,both,0,0
170318067004,3,89,89,both,0,0
170318068011,6,82,82,both,0,0
170318068012,8,76,76,both,0,0
170318068013,6,82,82,both,0,0
170318068014,2,72,72,both,0,0
170318068021,3,74,74,both,0,0
170318068022,13,67,67,both,0,0
170318068023,11,66,66,both,0,0
170318069001,7,74,74,both,0,0
170318069002,13,73,73,both,0,0
170318069003,14,76,76,both,0,0
170318070001,15,63,63,both,0,0
170318070002,6,59,59,both,0,0
170318070003,6,67,67,both,0,0
170318070004,2,63,63,both,0,0
170318071001,3,66,66,both,0,0
170318071002,4,67,67,both,0,0
170318071003,7,74,74,both,0,0
170318072001,2,73,73,both,0,0
170318072002,10,68,68,both,0,0
170318072003,7,73,73,both,0,0
170318072004,6,68,68,both,0,0
170318072005,3,64,64,both,0,0
170318073001,12,60,60,both,0,0
170318073002,13,47,47,both,0,0
170318073003,4,60,60,both,0,0
170318073004,10,62,62,both,0,0
170318073005,8,61,61,both,0,0
170318074001,5,72,72,both,0,0
170318074002,3,68,68,both,0,0
170318074003,16,58,58,both,0,0
170318074004,3,66,66,both,0,0
170318074005,6,67,67,both,0,0
170318075001,3,70,70,both,0,0
170318075002,5,72,72,both,0,0
170318075003,12,74,74,both,0,0
170318076001,6,77,77,both,0,0
170318076002,6,60,60,both,0,0
170318076003,3,68,68,both,0,0
170318076004,5,66,66,both,0,0
170318076005,8,64,64,both,0,0
170318077001,11,52,52,both,0,0
170318077002,19,53,53,both,0,0
170318077003,9,47,47,both,0,0
170318077004,7,47,47,both,0,0
170318078001,15,47,47,both,0,0
170318078002,12,46,46,both,0,0
170318079001,10,53,53,both,0,0
170318079002,11,58,58,both,0,0
170318079003,13,50,50,both,0,0
170318080011,11,54,54,both,0,0
170318080012,9,61,61,both,0,0
170318080013,6,61,61,both,0,0
170318080021,5,60,60,both,0,0
170318080022,6,71,71,both,0,0
170318080023,3,65,65,both,0,0
170318080024,7,71,71,both,0,0
170318081001,12,44,44,both,0,0
170318081002,5,49,49,both,0,0
170318082001,20,55,55,both,0,0
170318082002,6,48,48,both,0,0
170318082003,12,53,53,both,0,0
170318083011,5,55,55,both,0,0
170318083012,14,63,63,both,0,0
170318083013,4,56,56,both,0,0
170318083014,10,58,58,both,0,0
170318083021,13,64,64,both,0,0
170318083022,16,66,66,both,0,0
170318083023,5,48,48,both,0,0
170318084001,21,69,69,both,0,0
170318084002,5,54,54,both,0,0
170318084003,18,57,57,both,0,0
170318085001,3,78,78,both,0,0
170318085002,4,65,65,both,0,0
170318085003,4,61,61,both,0,0
170318085004,2,57,57,both,0,0
170318086001,5,77,77,both,0,0
170318086002,8,67,67,both,0,0
170318087021,2,78,77,both,1,1.28205128205128
170318087022,1,80,80,both,0,0
170318088001,2,86,73,both,13,15.1162790697674
170318088002,6,86,86,both,0,0
170318089001,4,87,78,both,9,10.3448275862069
170318089003,7,87,87,both,0,0
170318090001,1,,,no_transit_either,,
170318090002,3,,,no_transit_either,,
170318090003,5,,,no_transit_either,,
170318090004,3,89,89,both,0,0
170318091001,6,84,76,both,8,9.52380952380952
170318091002,2,89,86,both,3,3.37078651685393
170318091003,4,,82,newly_enabled,,
170318092001,8,73,73,both,0,0
170318092002,8,75,75,both,0,0
170318092003,7,74,74,both,0,0
170318093001,1,87,87,both,0,0
170318093002,5,82,81,both,1,1.21951219512195
170318093003,4,79,79,both,0,0
170318094011,1,80,78,both,2,2.5
170318094012,3,77,75,both,2,2.5974025974026
170318094021,4,71,68,both,3,4.22535211267606
170318094022,2,75,74,both,1,1.33333333333333
170318095002,3,75,69,both,6,8
170318095003,1,79,78,both,1,1.26582278481013
170318096001,2,77,77,both,0,0
170318096002,3,70,70,both,0,0
170318096003,1,74,74,both,0,0
170318097001,3,76,76,both,0,0
170318097002,7,70,70,both,0,0
170318097003,3,77,77,both,0,0
170318098001,2,79,78,both,1,1.26582278481013
170318098002,5,81,73,both,8,9.87654320987654
170318099001,4,88,77,both,11,12.5
170318099002,5,83,69,both,14,16.8674698795181
170318100001,3,82,68,both,14,17.0731707317073
170318100002,1,82,73,both,9,10.9756097560976
170318100003,2,86,81,both,5,5.81395348837209
170318101001,5,82,66,both,16,19.5121951219512
170318101002,4,83,69,both,14,16.8674698795181
170318101003,5,82,76,both,6,7.31707317073171
170318101004,5,84,77,both,7,8.33333333333333
170318101005,3,79,71,both,8,10.126582278481
170318102001,1,78,73,both,5,6.41025641025641
170318102002,2,71,64,both,7,9.85915492957746
170318102003,1,78,68,both,10,12.8205128205128
170318102004,5,81,76,both,5,6.17283950617284
170318102006,2,83,77,both,6,7.2289156626506
170318103011,1,78,78,both,0,0
170318103012,7,76,76,both,0,0
170318103013,6,71,71,both,0,0
170318103014,8,76,76,both,0,0
170318103021,4,80,78,both,2,2.5
170318103022,5,78,78,both,0,0
170318103023,3,76,76,both,0,0
170318104001,11,37,37,both,0,0
170318104002,19,37,37,both,0,0
170318104003,27,36,36,both,0,0
170318104004,11,33,33,both,0,0
170318105011,15,39,39,both,0,0
170318105012,11,41,41,both,0,0
170318105013,17,42,42,both,0,0
170318105014,17,52,52,both,0,0
170318105015,9,47,47,both,0,0
170318105021,12,39,39,both,0,0
170318105022,13,42,42,both,0,0
170318105023,27,38,38,both,0,0
170318105024,11,41,41,both,0,0
170318105025,14,44,44,both,0,0
170318106001,24,48,48,both,0,0
170318106002,28,41,41,both,0,0
170318106003,18,38,38,both,0,0
170318107011,17,48,48,both,0,0
170318107012,15,51,48,both,3,5.88235294117647
170318107013,19,51,45,both,6,11.7647058823529
170318107014,16,51,43,both,8,15.6862745098039
170318107021,20,51,40,both,11,21.5686274509804
170318107022,14,57,44,both,13,22.8070175438597
170318107023,25,56,43,both,13,23.2142857142857
170318108001,12,58,35,both,23,39.6551724137931
170318108002,12,50,49,both,1,2
170318108003,17,57,43,both,14,24.5614035087719
170318108004,14,58,39,both,19,32.7586206896552
170318109001,22,51,39,both,12,23.5294117647059
170318109002,23,52,44,both,8,15.3846153846154
170318109003,8,54,46,both,8,14.8148148148148
170318109004,8,55,50,both,5,9.09090909090909
170318109005,18,57,47,both,10,17.5438596491228
170318110001,8,61,47,both,14,22.9508196721311
170318110002,8,61,52,both,9,14.7540983606557
170318110003,8,62,56,both,6,9.67741935483871
170318110004,8,63,59,both,4,6.34920634920635
170318110005,16,68,63,both,5,7.35294117647059
170318111001,22,44,42,both,2,4.54545454545455
170318111002,18,50,43,both,7,14
170318111003,15,50,42,both,8,16
170318111004,23,44,33,both,11,25
170318112001,14,52,31,both,21,40.3846153846154
170318112002,21,48,40,both,8,16.6666666666667
170318112003,15,58,48,both,10,17.2413793103448
170318112004,12,52,44,both,8,15.3846153846154
170318112005,7,51,39,both,12,23.5294117647059
170318113011,18,51,51,both,0,0
170318113012,9,53,53,both,0,0
170318113013,16,51,51,both,0,0
170318113014,22,55,55,both,0,0
170318113021,9,50,50,both,0,0
170318113022,20,58,58,both,0,0
170318114011,17,43,43,both,0,0
170318114012,19,45,45,both,0,0
170318114013,12,45,45,both,0,0
170318114014,19,46,39,both,7,15.2173913043478
170318114015,12,47,37,both,10,21.2765957446809
170318114021,10,50,50,both,0,0
170318114022,31,51,51,both,0,0
170318114023,26,53,53,both,0,0
170318115001,39,43,36,both,7,16.2790697674419
170318115002,19,47,47,both,0,0
170318115003,15,47,47,both,0,0
170318115004,19,45,45,both,0,0
170318116001,33,37,33,both,4,10.8108108108108
170318116002,32,44,44,both,0,0
170318116003,31,39,39,both,0,0
170318116004,46,41,41,both,0,0
170318117011,24,73,73,both,0,0
170318117012,13,51,51,both,0,0
170318117021,18,82,82,both,0,0
170318117022,29,71,71,both,0,0
170318117023,23,59,59,both,0,0
170318118001,13,62,62,both,0,0
170318118002,16,77,77,both,0,0
170318118003,22,74,74,both,0,0
170318118004,20,68,68,both,0,0
170318119001,3,56,50,both,6,10.7142857142857
170318119002,2,60,53,both,7,11.6666666666667
170318119003,9,69,62,both,7,10.1449275362319
170318119004,6,72,68,both,4,5.55555555555556
170318120001,10,64,55,both,9,14.0625
170318120002,4,66,57,both,9,13.6363636363636
170318120003,8,72,67,both,5,6.94444444444445
170318120004,2,74,69,both,5,6.75675675675676
170318120005,8,72,71,both,1,1.38888888888889
170318120006,7,68,65,both,3,4.41176470588235
170318121001,5,61,59,both,2,3.27868852459016
170318121002,1,61,61,both,0,0
170318121003,8,65,65,both,0,0
170318121004,4,65,62,both,3,4.61538461538462
170318121005,8,64,55,both,9,14.0625
170318122001,5,67,54,both,13,19.4029850746269
170318122002,2,70,64,both,6,8.57142857142857
170318122003,7,61,55,both,6,9.83606557377049
170318122004,3,59,53,both,6,10.1694915254237
170318123011,4,64,55,both,9,14.0625
170318123012,10,65,56,both,9,13.8461538461538
170318123013,10,71,64,both,7,9.85915492957746
170318123021,12,59,53,both,6,10.1694915254237
170318123022,2,62,54,both,8,12.9032258064516
170318123023,7,62,54,both,8,12.9032258064516
170318124001,2,74,64,both,10,13.5135135135135
170318124002,3,73,64,both,9,12.3287671232877
170318124003,8,69,63,both,6,8.69565217391304
170318125001,8,63,63,both,0,0
170318125002,5,66,66,both,0,0
170318125003,10,72,66,both,6,8.33333333333333
170318125004,3,70,64,both,6,8.57142857142857
170318126001,4,68,68,both,0,0
170318126002,5,68,68,both,0,0
170318126003,4,73,68,both,5,6.84931506849315
170318126004,1,73,68,both,5,6.84931506849315
170318127001,4,78,68,both,10,12.8205128205128
170318127002,5,81,68,both,13,16.0493827160494
170318127003,8,79,68,both,11,13.9240506329114
170318128011,25,67,56,both,11,16.4179104477612
170318128012,6,66,54,both,12,18.1818181818182
170318128021,4,70,60,both,10,14.2857142857143
170318128022,7,71,65,both,6,8.45070422535211
170318128023,12,77,64,both,13,16.8831168831169
170318129001,4,85,75,both,10,11.7647058823529
170318129002,3,86,76,both,10,11.6279069767442
170318129003,7,86,69,both,17,19.7674418604651
170318129004,6,77,61,both,16,20.7792207792208
170318130001,5,70,70,both,0,0
170318130002,3,72,72,both,0,0
170318130003,5,80,80,both,0,0
170318130004,4,77,68,both,9,11.6883116883117
170318130005,3,82,70,both,12,14.6341463414634
170318131001,5,72,72,both,0,0
170318131002,1,72,72,both,0,0
170318131003,5,80,80,both,0,0
170318131005,5,85,85,both,0,0
170318132001,6,83,74,both,9,10.8433734939759
170318132002,2,84,76,both,8,9.52380952380952
170318132003,3,85,70,both,15,17.6470588235294
170318132004,3,86,67,both,19,22.093023255814
170318132005,7,84,64,both,20,23.8095238095238
170318133011,4,87,76,both,11,12.6436781609195
170318133012,3,88,75,both,13,14.7727272727273
170318133013,7,85,73,both,12,14.1176470588235
170318133021,3,86,71,both,15,17.4418604651163
170318133022,10,83,68,both,15,18.0722891566265
170318134001,8,83,79,both,4,4.81927710843374
170318134002,2,88,85,both,3,3.40909090909091
170318134003,6,,88,newly_enabled,,
170318134004,5,87,85,both,2,2.29885057471264
170318134005,4,83,83,both,0,0
170318134006,4,78,78,both,0,0
170318135001,7,77,77,both,0,0
170318135002,4,85,82,both,3,3.52941176470588
170318135003,5,,86,newly_enabled,,
170318135004,6,87,86,both,1,1.14942528735632
170318135005,8,80,80,both,0,0
170318136001,4,,,no_transit_either,,
170318136002,10,,,no_transit_either,,
170318136003,4,,86,newly_enabled,,
170318137011,6,88,75,both,13,14.7727272727273
170318137012,9,85,78,both,7,8.23529411764706
170318137021,5,79,72,both,7,8.86075949367089
170318137022,2,78,72,both,6,7.69230769230769
170318137023,3,84,71,both,13,15.4761904761905
170318137024,1,83,72,both,11,13.2530120481928
170318138011,3,85,76,both,9,10.5882352941176
170318138012,6,82,71,both,11,13.4146341463415
170318138013,2,83,73,both,10,12.0481927710843
170318138021,2,87,82,both,5,5.74712643678161
170318138023,2,87,85,both,2,2.29885057471264
170318138024,1,86,79,both,7,8.13953488372093
170318139001,4,,89,newly_enabled,,
170318139002,5,,,no_transit_either,,
170318139003,4,,,no_transit_either,,
170318139005,10,,88,newly_enabled,,
170318140001,4,,86,newly_enabled,,
170318140002,3,,86,newly_enabled,,
170318140003,2,,88,newly_enabled,,
170318140004,6,,89,newly_enabled,,
170318141001,9,86,85,both,1,1.16279069767442
170318141002,3,,89,newly_enabled,,
170318141003,3,,,no_transit_either,,
170318142001,3,,78,newly_enabled,,
170318142002,1,,,no_transit_either,,
170318142003,3,,,no_transit_either,,
170318142004,3,,87,newly_enabled,,
170318142005,3,,84,newly_enabled,,
170318142006,4,,80,newly_enabled,,
170318143001,4,,,no_transit_either,,
170318143002,2,,,no_transit_either,,
170318144001,4,,,no_transit_either,,
170318144002,7,,,no_transit_either,,
170318144003,8,,,no_transit_either,,
170318144004,7,,,no_transit_either,,
170318144005,10,,,no_transit_either,,
170318144006,2,,,no_transit_either,,
170318145001,3,,88,newly_enabled,,
170318145002,5,,,no_transit_either,,
170318145003,1,,,no_transit_either,,
170318146001,9,83,83,both,0,0
170318146002,7,87,87,both,0,0
170318146003,8,,,no_transit_either,,
170318146004,5,86,86,both,0,0
170318146005,7,88,78,both,10,11.3636363636364
170318147001,4,86,76,both,10,11.6279069767442
170318147002,3,89,74,both,15,16.8539325842697
170318147003,4,87,69,both,18,20.6896551724138
170318147004,9,86,70,both,16,18.6046511627907
170318148001,9,87,67,both,20,22.9885057471264
170318148002,8,,72,newly_enabled,,
170318148003,2,,76,newly_enabled,,
170318148004,4,,82,newly_enabled,,
170318148005,4,,80,newly_enabled,,
170318149001,4,,87,newly_enabled,,
170318149002,4,,83,newly_enabled,,
170318149003,13,,80,newly_enabled,,
170318149004,8,,78,newly_enabled,,
170318150001,7,,88,newly_enabled,,
170318150002,10,,86,newly_enabled,,
170318150003,8,,81,newly_enabled,,
170318151001,4,,85,newly_enabled,,
170318151002,8,,85,newly_enabled,,
170318151003,8,,85,newly_enabled,,
170318152001,8,,88,newly_enabled,,
170318152002,5,,82,newly_enabled,,
170318152003,8,,78,newly_enabled,,
170318152004,3,,82,newly_enabled,,
170318152005,9,,84,newly_enabled,,
170318153001,2,,85,newly_enabled,,
170318153002,4,,77,newly_enabled,,
170318153003,3,,79,newly_enabled,,
170318153004,4,,79,newly_enabled,,
170318154001,13,,83,newly_enabled,,
170318154002,2,,80,newly_enabled,,
170318154003,8,,77,newly_enabled,,
170318154004,5,,74,newly_enabled,,
170318155001,7,,87,newly_enabled,,
170318155002,1,,,no_transit_either,,
170318155003,1,,,no_transit_either,,
170318155004,2,,87,newly_enabled,,
170318155005,6,,,no_transit_either,,
170318155006,5,,88,newly_enabled,,
170318155007,2,,81,newly_enabled,,
170318156001,7,85,82,both,3,3.52941176470588
170318156002,3,87,85,both,2,2.29885057471264
170318156003,5,,,no_transit_either,,
170318156004,4,79,79,both,0,0
170318156005,5,81,81,both,0,0
170318157011,4,,82,newly_enabled,,
170318157012,3,,,no_transit_either,,
170318157013,5,,76,newly_enabled,,
170318157014,7,,76,newly_enabled,,
170318157022,5,,85,newly_enabled,,
170318157023,3,,88,newly_enabled,,
170318157024,3,88,86,both,2,2.27272727272727
170318157025,2,89,86,both,3,3.37078651685393
170318158001,7,86,84,both,2,2.32558139534884
170318159001,13,68,60,both,8,11.7647058823529
170318159002,9,69,58,both,11,15.9420289855072
170318159003,18,75,65,both,10,13.3333333333333
170318160001,13,74,60,both,14,18.9189189189189
170318160002,13,76,66,both,10,13.1578947368421
170318160003,7,76,70,both,6,7.89473684210526
170318161001,8,81,61,both,20,24.6913580246914
170318161002,5,84,65,both,19,22.6190476190476
170318161003,5,84,64,both,20,23.8095238095238
170318161004,8,85,75,both,10,11.7647058823529
170318161005,5,82,71,both,11,13.4146341463415
170318161006,13,80,75,both,5,6.25
170318162001,21,69,61,both,8,11.5942028985507
170318162002,10,64,52,both,12,18.75
170318162003,11,64,64,both,0,0
170318163001,6,54,54,both,0,0
170318163002,8,56,56,both,0,0
170318163003,13,58,58,both,0,0
170318163004,12,54,54,both,0,0
170318164011,4,59,59,both,0,0
170318164012,5,57,57,both,0,0
170318164013,4,57,57,both,0,0
170318164014,4,59,59,both,0,0
170318164021,10,57,57,both,0,0
170318164022,9,58,58,both,0,0
170318164023,6,64,64,both,0,0
170318164024,6,60,60,both,0,0
170318165001,9,63,63,both,0,0
170318165002,14,57,57,both,0,0
170318165003,8,62,62,both,0,0
170318166001,9,55,55,both,0,0
170318166002,12,56,56,both,0,0
170318166003,10,53,53,both,0,0
170318167001,17,57,57,both,0,0
170318167002,17,65,65,both,0,0
170318168001,3,85,75,both,10,11.7647058823529
170318168002,18,79,79,both,0,0
170318168003,9,85,83,both,2,2.35294117647059
170318168004,7,,,no_transit_either,,
170318169001,8,63,63,both,0,0
170318169002,19,62,62,both,0,0
170318169003,20,62,62,both,0,0
170318169004,21,69,69,both,0,0
170318170001,4,64,64,both,0,0
170318170002,9,66,66,both,0,0
170318170003,8,66,66,both,0,0
170318170004,15,62,62,both,0,0
170318170005,14,64,64,both,0,0
170318171011,10,62,62,both,0,0
170318171012,17,64,64,both,0,0
170318171013,11,65,65,both,0,0
170318171014,7,64,64,both,0,0
170318171021,11,64,64,both,0,0
170318171022,9,67,67,both,0,0
170318171023,12,72,72,both,0,0
170318172001,13,59,58,both,1,1.69491525423729
170318172002,9,61,61,both,0,0
170318172003,14,60,60,both,0,0
170318172004,8,62,62,both,0,0
170318173001,39,68,68,both,0,0
170318174001,5,63,53,both,10,15.8730158730159
170318174002,17,59,48,both,11,18.6440677966102
170318174003,11,62,52,both,10,16.1290322580645
170318175002,3,67,67,both,0,0
170318175003,11,65,62,both,3,4.61538461538462
170318175004,2,64,64,both,0,0
170318176001,4,68,68,both,0,0
170318176002,7,73,73,both,0,0
170318176003,11,73,73,both,0,0
170318177001,7,81,81,both,0,0
170318177002,12,75,75,both,0,0
170318177003,14,70,70,both,0,0
170318177004,8,67,67,both,0,0
170318179001,11,76,76,both,0,0
170318179002,4,77,77,both,0,0
170318179003,9,84,84,both,0,0
170318179004,13,79,79,both,0,0
170318179005,10,74,74,both,0,0
170318180001,19,76,76,both,0,0
170318180002,2,81,81,both,0,0
170318180003,5,83,83,both,0,0
170318181001,8,78,78,both,0,0
170318181002,8,71,71,both,0,0
170318182001,9,73,73,both,0,0
170318182002,5,73,73,both,0,0
170318182003,14,77,77,both,0,0
170318182004,16,66,66,both,0,0
170318183001,11,,,no_transit_either,,
170318183002,13,89,89,both,0,0
170318183003,17,70,70,both,0,0
170318183004,11,87,87,both,0,0
170318184011,6,81,81,both,0,0
170318184012,7,76,76,both,0,0
170318184013,4,81,81,both,0,0
170318184014,8,88,88,both,0,0
170318184021,8,72,72,both,0,0
170318184022,5,75,75,both,0,0
170318184023,8,87,87,both,0,0
170318185001,5,84,84,both,0,0
170318185002,9,83,83,both,0,0
170318185003,11,,,no_transit_either,,
170318185004,10,,,no_transit_either,,
170318186001,10,82,82,both,0,0
170318186002,7,,,no_transit_either,,
170318186003,6,76,76,both,0,0
170318187001,3,,,no_transit_either,,
170318187002,2,,,no_transit_either,,
170318187003,6,87,87,both,0,0
170318187004,3,88,88,both,0,0
170318188001,4,89,89,both,0,0
170318188002,7,89,89,both,0,0
170318188003,3,,89,newly_enabled,,
170318188004,4,89,88,both,1,1.12359550561798
170318188005,3,86,86,both,0,0
170318188006,4,,,no_transit_either,,
170318189001,8,81,81,both,0,0
170318189002,15,76,76,both,0,0
170318189003,2,76,76,both,0,0
170318190001,4,75,75,both,0,0
170318190002,4,76,76,both,0,0
170318190003,1,84,84,both,0,0
170318190004,4,,,no_transit_either,,
170318191001,9,,,no_transit_either,,
170318191002,5,,88,newly_enabled,,
170318191003,4,,82,newly_enabled,,
170318191004,3,,82,newly_enabled,,
170318192001,3,,,no_transit_either,,
170318192002,8,,,no_transit_either,,
170318192003,7,,85,newly_enabled,,
170318192004,5,,,no_transit_either,,
170318193001,7,,84,newly_enabled,,
170318193002,6,,85,newly_enabled,,
170318193003,4,89,86,both,3,3.37078651685393
170318194001,6,,,no_transit_either,,
170318194002,10,,,no_transit_either,,
170318194003,2,,,no_transit_either,,
170318194004,2,,,no_transit_either,,
170318194005,1,,,no_transit_either,,
170318195001,9,76,76,both,0,0
170318195002,4,80,80,both,0,0
170318195003,4,78,78,both,0,0
170318195004,6,86,86,both,0,0
170318196001,4,75,75,both,0,0
170318196002,3,75,75,both,0,0
170318196003,7,77,77,both,0,0
170318196004,3,77,77,both,0,0
170318197001,3,86,86,both,0,0
170318197002,8,,,no_transit_either,,
170318197003,3,89,89,both,0,0
170318197004,1,89,89,both,0,0
170318198011,4,,,no_transit_either,,
170318198012,5,,,no_transit_either,,
170318198013,6,,,no_transit_either,,
170318198014,1,,88,newly_enabled,,
170318198015,6,,,no_transit_either,,
170318198021,7,,,no_transit_either,,
170318198022,16,,,no_transit_either,,
170318199001,2,,,no_transit_either,,
170318199002,3,,,no_transit_either,,
170318199003,1,,,no_transit_either,,
170318200001,5,,,no_transit_either,,
170318200002,4,,,no_transit_either,,
170318201011,1,,,no_transit_either,,
170318201012,1,,,no_transit_either,,
170318201013,3,,,no_transit_either,,
170318201015,5,,,no_transit_either,,
170318201016,6,,,no_transit_either,,
170318201017,4,,,no_transit_either,,
170318201031,6,88,88,both,0,0
170318201032,6,88,88,both,0,0
170318201033,3,78,78,both,0,0
170318201034,1,,,no_transit_either,,
170318201041,4,,,no_transit_either,,
170318201042,3,,,no_transit_either,,
170318201043,2,,,no_transit_either,,
170318201044,3,,,no_transit_either,,
170318202021,7,,,no_transit_either,,
170318202022,2,,,no_transit_either,,
170318202023,1,,,no_transit_either,,
170318202031,2,,,no_transit_either,,
170318202032,7,,,no_transit_either,,
170318202041,11,,,no_transit_either,,
170318202042,2,,,no_transit_either,,
170318202043,7,,,no_transit_either,,
170318203001,7,,88,newly_enabled,,
170318203002,4,,88,newly_enabled,,
170318203003,2,,89,newly_enabled,,
170318203004,6,,,no_transit_either,,
170318204001,4,,,no_transit_either,,
170318204002,3,,,no_transit_either,,
170318204003,4,,,no_transit_either,,
170318205011,4,,,no_transit_either,,
170318205012,1,,,no_transit_either,,
170318205013,4,,,no_transit_either,,
170318205014,4,,,no_transit_either,,
170318205015,5,,,no_transit_either,,
170318205021,5,,,no_transit_either,,
170318205022,2,,,no_transit_either,,
170318205023,3,,,no_transit_either,,
170318205024,1,,,no_transit_either,,
170318206031,9,,,no_transit_either,,
170318206032,6,,,no_transit_either,,
170318206033,4,,,no_transit_either,,
170318206041,9,,,no_transit_either,,
170318206042,4,,,no_transit_either,,
170318206051,4,,,no_transit_either,,
170318206052,5,,,no_transit_either,,
170318206053,8,,,no_transit_either,,
170318206061,6,,,no_transit_either,,
170318206062,8,,,no_transit_either,,
170318207001,7,,,no_transit_either,,
170318207003,2,,82,newly_enabled,,
170318207004,11,,82,newly_enabled,,
170318208001,15,,,no_transit_either,,
170318208002,3,,,no_transit_either,,
170318208003,2,,88,newly_enabled,,
170318209011,10,,,no_transit_either,,
170318209012,6,,,no_transit_either,,
170318209013,5,,,no_transit_either,,
170318209014,3,,,no_transit_either,,
170318209021,5,,,no_transit_either,,
170318209022,4,,,no_transit_either,,
170318209023,1,,,no_transit_either,,
170318209024,6,,,no_transit_either,,
170318210011,3,,,no_transit_either,,
170318210012,2,,,no_transit_either,,
170318210013,1,,,no_transit_either,,
170318210014,2,,,no_transit_either,,
170318210021,9,,,no_transit_either,,
170318210022,5,,,no_transit_either,,
170318210023,4,,,no_transit_either,,
170318210024,1,,,no_transit_either,,
170318210025,6,,,no_transit_either,,
170318211011,4,,,no_transit_either,,
170318211012,1,,,no_transit_either,,
170318211013,3,,,no_transit_either,,
170318211014,4,,,no_transit_either,,
170318211021,3,,,no_transit_either,,
170318211022,2,,,no_transit_either,,
170318211023,2,,,no_transit_either,,
170318211024,1,,,no_transit_either,,
170318212001,1,,,no_transit_either,,
170318212002,4,,,no_transit_either,,
170318212003,4,,,no_transit_either,,
170318212004,3,,,no_transit_either,,
170318213001,2,,,no_transit_either,,
170318213002,7,,,no_transit_either,,
170318213003,4,,,no_transit_either,,
170318213004,4,,,no_transit_either,,
170318214011,3,,,no_transit_either,,
170318214012,1,,,no_transit_either,,
170318214013,1,,,no_transit_either,,
170318214021,2,,,no_transit_either,,
170318214022,4,,,no_transit_either,,
170318214023,2,,,no_transit_either,,
170318215001,3,,,no_transit_either,,
170318216001,1,,,no_transit_either,,
170318216002,5,,,no_transit_either,,
170318216003,6,,,no_transit_either,,
170318217002,4,,,no_transit_either,,
170318217003,3,,,no_transit_either,,
170318217004,3,,,no_transit_either,,
170318217005,3,,,no_transit_either,,
170318218001,2,,,no_transit_either,,
170318218002,4,,,no_transit_either,,
170318218004,5,,,no_transit_either,,
170318218005,1,,,no_transit_either,,
170318218006,1,,,no_transit_either,,
170318219001,3,,,no_transit_either,,
170318219003,4,,,no_transit_either,,
170318219004,3,,,no_transit_either,,
170318219005,7,,,no_transit_either,,
170318220001,1,,,no_transit_either,,
170318220002,2,,,no_transit_either,,
170318220003,3,,,no_transit_either,,
170318220004,2,,,no_transit_either,,
170318220005,2,,,no_transit_either,,
170318221011,4,,,no_transit_either,,
170318221012,2,,,no_transit_either,,
170318221013,2,,,no_transit_either,,
170318221014,1,,,no_transit_either,,
170318221021,2,,,no_transit_either,,
170318221022,4,,,no_transit_either,,
170318221023,6,,,no_transit_either,,
170318222001,3,,,no_transit_either,,
170318222002,2,,,no_transit_either,,
170318222003,2,,,no_transit_either,,
170318223011,1,,,no_transit_either,,
170318223012,2,,,no_transit_either,,
170318223013,5,,,no_transit_either,,
170318223014,1,,,no_transit_either,,
170318223021,2,,,no_transit_either,,
170318223022,1,,,no_transit_either,,
170318223023,1,,,no_transit_either,,
170318223024,1,,,no_transit_either,,
170318224001,2,,,no_transit_either,,
170318224002,4,,,no_transit_either,,
170318224003,6,,,no_transit_either,,
170318224004,2,,,no_transit_either,,
170318225001,3,,,no_transit_either,,
170318225002,1,,,no_transit_either,,
170318225003,5,,,no_transit_either,,
170318225004,2,,,no_transit_either,,
170318226011,2,,,no_transit_either,,
170318226012,8,,,no_transit_either,,
170318226013,1,,,no_transit_either,,
170318226021,8,,,no_transit_either,,
170318226022,5,,,no_transit_either,,
170318226024,4,,,no_transit_either,,
170318227011,4,,,no_transit_either,,
170318227012,2,,,no_transit_either,,
170318227013,3,,,no_transit_either,,
170318227014,1,,,no_transit_either,,
170318227021,5,,,no_transit_either,,
170318227022,1,,,no_transit_either,,
170318227023,2,,,no_transit_either,,
170318228011,6,,,no_transit_either,,
170318228012,3,,,no_transit_either,,
170318228021,4,,,no_transit_either,,
170318228022,4,,,no_transit_either,,
170318228023,2,,,no_transit_either,,
170318229001,8,,,no_transit_either,,
170318230011,3,,,no_transit_either,,
170318230013,5,,,no_transit_either,,
170318230014,4,,,no_transit_either,,
170318230015,8,,,no_transit_either,,
170318230021,2,,,no_transit_either,,
170318230022,2,,,no_transit_either,,
170318230023,3,,,no_transit_either,,
170318230024,1,,,no_transit_either,,
170318231011,4,,,no_transit_either,,
170318231013,1,,,no_transit_either,,
170318231014,1,,,no_transit_either,,
170318231015,5,,,no_transit_either,,
170318231021,3,,,no_transit_either,,
170318231022,4,,,no_transit_either,,
170318232001,9,,,no_transit_either,,
170318232002,6,,,no_transit_either,,
170318233021,5,,,no_transit_either,,
170318233022,6,,,no_transit_either,,
170318233023,4,,,no_transit_either,,
170318233031,2,,,no_transit_either,,
170318233032,2,,,no_transit_either,,
170318233034,2,,,no_transit_either,,
170318233041,3,,,no_transit_either,,
170318233042,3,,,no_transit_either,,
170318233044,2,,,no_transit_either,,
170318233045,2,,,no_transit_either,,
170318233046,2,,,no_transit_either,,
170318234001,5,,,no_transit_either,,
170318234002,4,,,no_transit_either,,
170318234003,3,,,no_transit_either,,
170318234004,10,,,no_transit_either,,
170318235001,4,,,no_transit_either,,
170318235002,2,,,no_transit_either,,
170318235003,4,,,no_transit_either,,
170318236021,3,,,no_transit_either,,
170318236022,2,,,no_transit_either,,
170318236023,12,,,no_transit_either,,
170318236024,2,,,no_transit_either,,
170318236031,3,,,no_transit_either,,
170318236032,2,,,no_transit_either,,
170318236042,1,,,no_transit_either,,
170318236052,3,,,no_transit_either,,
170318236053,2,,,no_transit_either,,
170318237021,3,,,no_transit_either,,
170318237022,4,,,no_transit_either,,
170318237023,3,,,no_transit_either,,
170318237024,2,,,no_transit_either,,
170318237031,2,,,no_transit_either,,
170318237032,8,,,no_transit_either,,
170318237033,5,,,no_transit_either,,
170318237034,9,,,no_transit_either,,
170318237041,1,,,no_transit_either,,
170318237042,4,,,no_transit_either,,
170318237043,7,,,no_transit_either,,
170318237051,4,,,no_transit_either,,
170318237052,2,,,no_transit_either,,
170318237053,1,,,no_transit_either,,
170318237054,5,,,no_transit_either,,
170318238011,5,,,no_transit_either,,
170318238012,5,,,no_transit_either,,
170318238013,4,,,no_transit_either,,
170318238031,5,,,no_transit_either,,
170318238032,5,,,no_transit_either,,
170318238033,2,,,no_transit_either,,
170318238034,10,,,no_transit_either,,
170318238051,2,,,no_transit_either,,
170318238053,1,,,no_transit_either,,
170318238061,3,,,no_transit_either,,
170318238062,2,,,no_transit_either,,
170318238063,2,,,no_transit_either,,
170318238064,2,,,no_transit_either,,
170318239011,2,,,no_transit_either,,
170318239012,4,,,no_transit_either,,
170318239031,3,,,no_transit_either,,
170318239032,3,,,no_transit_either,,
170318239033,4,,,no_transit_either,,
170318239034,4,,,no_transit_either,,
170318239042,1,,,no_transit_either,,
170318239043,3,,,no_transit_either,,
170318239044,4,,,no_transit_either,,
170318240031,1,,,no_transit_either,,
170318240032,5,,,no_transit_either,,
170318240033,4,,,no_transit_either,,
170318240041,3,,,no_transit_either,,
170318240042,4,,,no_transit_either,,
170318240043,2,,,no_transit_either,,
170318240051,1,,,no_transit_either,,
170318240052,3,,,no_transit_either,,
170318240053,7,,,no_transit_either,,
170318240061,5,,,no_transit_either,,
170318240062,4,,,no_transit_either,,
170318241051,5,,,no_transit_either,,
170318241052,5,,,no_transit_either,,
170318241053,2,,,no_transit_either,,
170318241054,5,,,no_transit_either,,
170318241061,3,,,no_transit_either,,
170318241062,8,,,no_transit_either,,
170318241063,2,,,no_transit_either,,
170318241071,1,,,no_transit_either,,
170318241072,1,,,no_transit_either,,
170318241073,2,,,no_transit_either,,
170318241074,5,,,no_transit_either,,
170318241131,7,,,no_transit_either,,
170318241132,7,,,no_transit_either,,
170318241133,2,,,no_transit_either,,
170318241134,3,,,no_transit_either,,
170318241141,4,,,no_transit_either,,
170318241142,3,,,no_transit_either,,
170318241151,2,,,no_transit_either,,
170318241152,3,,,no_transit_either,,
170318241161,4,,,no_transit_either,,
170318241162,2,,,no_transit_either,,
170318241163,3,,,no_transit_either,,
170318241164,1,,,no_transit_either,,
170318241191,3,,,no_transit_either,,
170318241192,5,,,no_transit_either,,
170318241193,5,,,no_transit_either,,
170318241211,6,,,no_transit_either,,
170318241212,2,,,no_transit_either,,
170318241221,4,,,no_transit_either,,
170318241222,4,,,no_transit_either,,
170318241223,4,,,no_transit_either,,
170318241231,3,,,no_transit_either,,
170318241232,3,,,no_transit_either,,
170318241233,4,,,no_transit_either,,
170318241234,2,,,no_transit_either,,
170318241235,3,,,no_transit_either,,
170318241241,3,,,no_transit_either,,
170318241242,3,,,no_transit_either,,
170318241251,4,,,no_transit_either,,
170318241252,8,,,no_transit_either,,
170318241261,4,,,no_transit_either,,
170318241262,8,,,no_transit_either,,
170318241271,3,,,no_transit_either,,
170318241272,2,,,no_transit_either,,
170318241281,4,,,no_transit_either,,
170318241282,5,,,no_transit_either,,
170318241291,4,,,no_transit_either,,
170318241292,2,,,no_transit_either,,
170318243001,3,,,no_transit_either,,
170318243002,3,,,no_transit_either,,
170318243003,2,,,no_transit_either,,
170318244001,6,,,no_transit_either,,
170318245031,3,,,no_transit_either,,
170318245032,4,,,no_transit_either,,
170318245034,4,,,no_transit_either,,
170318245035,3,,,no_transit_either,,
170318245051,4,,,no_transit_either,,
170318245052,4,,,no_transit_either,,
170318245053,4,,,no_transit_either,,
170318245054,4,,,no_transit_either,,
170318245071,2,,,no_transit_either,,
170318245072,3,,,no_transit_either,,
170318245081,7,,,no_transit_either,,
170318245082,3,,,no_transit_either,,
170318245091,1,,,no_transit_either,,
170318245093,4,,,no_transit_either,,
170318246011,2,,,no_transit_either,,
170318246012,4,,,no_transit_either,,
170318246014,2,,,no_transit_either,,
170318246021,4,,,no_transit_either,,
170318246022,6,,,no_transit_either,,
170318246023,3,,,no_transit_either,,
170318246024,4,,,no_transit_either,,
170318246025,3,,,no_transit_either,,
170318247011,2,,,no_transit_either,,
170318247012,2,,,no_transit_either,,
170318247013,3,,,no_transit_either,,
170318247021,5,,,no_transit_either,,
170318247022,2,,,no_transit_either,,
170318247023,2,,,no_transit_either,,
170318248001,2,,,no_transit_either,,
170318248002,5,,,no_transit_either,,
170318248003,4,,,no_transit_either,,
170318248004,3,,,no_transit_either,,
170318249001,2,,,no_transit_either,,
170318249002,2,,,no_transit_either,,
170318250001,4,,,no_transit_either,,
170318250002,1,,,no_transit_either,,
170318250003,3,,,no_transit_either,,
170318252001,2,,,no_transit_either,,
170318252002,4,,,no_transit_either,,
170318253021,2,,,no_transit_either,,
170318253022,7,,,no_transit_either,,
170318253023,6,,,no_transit_either,,
170318253031,8,,,no_transit_either,,
170318253034,1,,,no_transit_either,,
170318253041,9,,,no_transit_either,,
170318253042,5,,,no_transit_either,,
170318254001,1,,,no_transit_either,,
170318254002,6,,,no_transit_either,,
170318254003,1,,,no_transit_either,,
170318255011,3,,,no_transit_either,,
170318255012,5,,,no_transit_either,,
170318255013,1,,,no_transit_either,,
170318255031,1,,,no_transit_either,,
170318255032,2,,,no_transit_either,,
170318255033,2,,,no_transit_either,,
170318255034,3,,,no_transit_either,,
170318255035,4,,,no_transit_either,,
170318255041,4,,,no_transit_either,,
170318255042,4,,,no_transit_either,,
170318255051,1,,,no_transit_either,,
170318255052,1,,,no_transit_either,,
170318255053,2,,,no_transit_either,,
170318255054,1,,,no_transit_either,,
170318256001,3,,,no_transit_either,,
170318256002,3,,,no_transit_either,,
170318256003,1,,,no_transit_either,,
170318256004,1,,,no_transit_either,,
170318257001,3,,,no_transit_either,,
170318257002,7,,,no_transit_either,,
170318257003,2,,,no_transit_either,,
170318258011,1,,,no_transit_either,,
170318258012,3,,,no_transit_either,,
170318258013,4,,,no_transit_either,,
170318258021,6,,,no_transit_either,,
170318258022,5,,,no_transit_either,,
170318258023,5,,,no_transit_either,,
170318258031,5,,,no_transit_either,,
170318258033,4,,,no_transit_either,,
170318258034,1,,,no_transit_either,,
170318258035,5,,,no_transit_either,,
170318259001,2,,,no_transit_either,,
170318259002,4,,,no_transit_either,,
170318259003,1,,,no_transit_either,,
170318260001,2,,,no_transit_either,,
170318260002,3,,,no_transit_either,,
170318261001,1,,,no_transit_either,,
170318261002,1,,,no_transit_either,,
170318261003,2,,,no_transit_either,,
170318261004,2,,,no_transit_either,,
170318261006,1,,,no_transit_either,,
170318262011,1,,,no_transit_either,,
170318262012,1,,,no_transit_either,,
170318262013,1,,,no_transit_either,,
170318262014,1,,,no_transit_either,,
170318262021,1,,,no_transit_either,,
170318262022,2,,,no_transit_either,,
170318262023,2,,,no_transit_either,,
170318262024,1,,,no_transit_either,,
170318262025,2,,,no_transit_either,,
170318263011,3,,,no_transit_either,,
170318263012,2,,,no_transit_either,,
170318263013,1,,,no_transit_either,,
170318263032,2,,,no_transit_either,,
170318263033,1,,,no_transit_either,,
170318263034,6,,,no_transit_either,,
170318263041,2,,,no_transit_either,,
170318263042,1,,,no_transit_either,,
170318263043,2,,,no_transit_either,,
170318264011,4,,,no_transit_either,,
170318264012,10,,,no_transit_either,,
170318264021,2,,,no_transit_either,,
170318264022,3,,,no_transit_either,,
170318264023,1,,,no_transit_either,,
170318264024,2,,,no_transit_either,,
170318264025,1,,,no_transit_either,,
170318265001,8,,,no_transit_either,,
170318265002,2,,,no_transit_either,,
170318265003,3,,,no_transit_either,,
170318265004,8,,,no_transit_either,,
170318266002,4,,,no_transit_either,,
170318266003,8,,,no_transit_either,,
170318266004,1,,,no_transit_either,,
170318267001,4,,,no_transit_either,,
170318267002,5,,,no_transit_either,,
170318267003,6,,,no_transit_either,,
170318267004,1,,,no_transit_either,,
170318268001,9,,,no_transit_either,,
170318268002,4,,,no_transit_either,,
170318268003,1,,,no_transit_either,,
170318268004,2,,,no_transit_either,,
170318269011,7,,,no_transit_either,,
170318269021,1,,,no_transit_either,,
170318269022,1,,,no_transit_either,,
170318270002,2,,,no_transit_either,,
170318270003,1,,,no_transit_either,,
170318271001,4,,,no_transit_either,,
170318271002,3,,,no_transit_either,,
170318271003,2,,,no_transit_either,,
170318272001,8,,,no_transit_either,,
170318272002,2,,,no_transit_either,,
170318272003,2,,,no_transit_either,,
170318273001,1,,,no_transit_either,,
170318273002,1,,,no_transit_either,,
170318273003,2,,,no_transit_either,,
170318274001,1,,,no_transit_either,,
170318274002,2,,,no_transit_either,,
170318274004,1,,,no_transit_either,,
170318275001,1,,,no_transit_either,,
170318275002,3,,,no_transit_either,,
170318275003,4,,,no_transit_either,,
170318276001,1,,,no_transit_either,,
170318276002,8,,,no_transit_either,,
170318277002,1,,,no_transit_either,,
170318278011,3,,,no_transit_either,,
170318278012,3,,,no_transit_either,,
170318278013,3,,,no_transit_either,,
170318278021,2,,,no_transit_either,,
170318278022,6,,,no_transit_either,,
170318278042,3,,,no_transit_either,,
170318278052,3,,,no_transit_either,,
170318279012,6,,,no_transit_either,,
170318279021,1,,,no_transit_either,,
170318279022,3,,,no_transit_either,,
170318279023,2,,,no_transit_either,,
170318279024,1,,,no_transit_either,,
170318280001,7,,,no_transit_either,,
170318280002,1,,,no_transit_either,,
170318280004,5,,,no_transit_either,,
170318281002,4,,,no_transit_either,,
170318282011,3,,,no_transit_either,,
170318282012,2,,,no_transit_either,,
170318282013,2,,,no_transit_either,,
170318282021,2,,,no_transit_either,,
170318282022,2,,,no_transit_either,,
170318282023,3,,,no_transit_either,,
170318282024,2,,,no_transit_either,,
170318283001,3,,,no_transit_either,,
170318283002,3,,,no_transit_either,,
170318284011,1,,,no_transit_either,,
170318284012,5,,,no_transit_either,,
170318284013,1,,,no_transit_either,,
170318284014,1,,,no_transit_either,,
170318284021,2,,,no_transit_either,,
170318284022,4,,,no_transit_either,,
170318284023,3,,,no_transit_either,,
170318285031,3,,,no_transit_either,,
170318285032,2,,,no_transit_either,,
170318285033,3,,,no_transit_either,,
170318285034,2,,,no_transit_either,,
170318285041,7,,,no_transit_either,,
170318285042,1,,,no_transit_either,,
170318285043,2,,,no_transit_either,,
170318285044,2,,,no_transit_either,,
170318285051,3,,,no_transit_either,,
170318285052,6,,,no_transit_either,,
170318285053,3,,,no_transit_either,,
170318285055,5,,,no_transit_either,,
170318285071,4,,,no_transit_either,,
170318285072,1,,,no_transit_either,,
170318285081,2,,,no_transit_either,,
170318285082,2,,,no_transit_either,,
170318285083,5,,,no_transit_either,,
170318285084,1,,,no_transit_either,,
170318286011,3,,,no_transit_either,,
170318286012,2,,,no_transit_either,,
170318286013,3,,,no_transit_either,,
170318286014,2,,,no_transit_either,,
170318286021,5,,,no_transit_either,,
170318286022,3,,,no_transit_either,,
170318287012,1,,,no_transit_either,,
170318287013,1,,,no_transit_either,,
170318287014,1,,,no_transit_either,,
170318287021,3,,,no_transit_either,,
170318287022,4,,,no_transit_either,,
170318287023,3,,,no_transit_either,,
170318288011,1,,,no_transit_either,,
170318288013,3,,,no_transit_either,,
170318288014,1,,,no_transit_either,,
170318289001,2,,,no_transit_either,,
170318289002,2,,,no_transit_either,,
170318290001,1,,,no_transit_either,,
170318290002,1,,,no_transit_either,,
170318291001,1,,,no_transit_either,,
170318292001,3,,,no_transit_either,,
170318292002,5,,,no_transit_either,,
170318292003,2,,,no_transit_either,,
170318292004,6,,,no_transit_either,,
170318293011,4,,,no_transit_either,,
170318293012,2,,,no_transit_either,,
170318293021,3,,,no_transit_either,,
170318293022,2,,,no_transit_either,,
170318293023,5,,,no_transit_either,,
170318294011,2,,,no_transit_either,,
170318294021,2,,,no_transit_either,,
170318294023,1,,,no_transit_either,,
170318295001,7,,,no_transit_either,,
170318295002,1,,,no_transit_either,,
170318295003,2,,,no_transit_either,,
170318296001,1,,,no_transit_either,,
170318296002,1,,,no_transit_either,,
170318297001,1,,,no_transit_either,,
170318297002,3,,,no_transit_either,,
170318297003,2,,,no_transit_either,,
170318298001,4,,,no_transit_either,,
170318298002,1,,,no_transit_either,,
170318298004,2,,,no_transit_either,,
170318298005,5,,,no_transit_either,,
170318299022,3,,,no_transit_either,,
170318299023,4,,,no_transit_either,,
170318299024,7,,,no_transit_either,,
170318299031,5,,,no_transit_either,,
170318299032,5,,,no_transit_either,,
170318299033,3,,,no_transit_either,,
170318299041,1,,,no_transit_either,,
170318299042,1,,,no_transit_either,,
170318299043,5,,,no_transit_either,,
170318300011,1,,,no_transit_either,,
170318300012,3,,,no_transit_either,,
170318300031,7,,,no_transit_either,,
170318300032,5,,,no_transit_either,,
170318300033,4,,,no_transit_either,,
170318300034,4,,,no_transit_either,,
170318300041,3,,,no_transit_either,,
170318300042,3,,,no_transit_either,,
170318300043,3,,,no_transit_either,,
170318300044,4,,,no_transit_either,,
170318300051,5,,,no_transit_either,,
170318300052,4,,,no_transit_either,,
170318300061,5,,,no_transit_either,,
170318300071,1,,,no_transit_either,,
170318300072,7,,,no_transit_either,,
170318300073,4,,,no_transit_either,,
170318300081,4,,,no_transit_either,,
170318300082,2,,,no_transit_either,,
170318300083,3,,,no_transit_either,,
170318301001,5,,,no_transit_either,,
170318301002,4,,,no_transit_either,,
170318302011,5,,,no_transit_either,,
170318302012,7,,,no_transit_either,,
170318302013,2,,,no_transit_either,,
170318302022,4,,,no_transit_either,,
170318303001,3,,,no_transit_either,,
170318303002,4,,,no_transit_either,,
170318303003,3,,,no_transit_either,,
170318303004,3,,,no_transit_either,,
170318304001,2,,,no_transit_either,,
170318304002,2,,,no_transit_either,,
170318304003,5,,,no_transit_either,,
170318304004,2,,,no_transit_either,,
170318305001,4,88,87,both,1,1.13636363636364
170318305002,4,84,82,both,2,2.38095238095238
170318305003,3,87,86,both,1,1.14942528735632
170318306001,9,81,77,both,4,4.93827160493827
170318306002,8,80,68,both,12,15
170318306003,10,80,75,both,5,6.25
170318306004,5,80,67,both,13,16.25
170318307001,4,64,64,both,0,0
170318307002,5,66,66,both,0,0
170318307003,6,66,66,both,0,0
170318307004,3,66,66,both,0,0
170318308001,5,60,59,both,1,1.66666666666667
170318308002,3,60,60,both,0,0
170318308003,7,58,58,both,0,0
170318309001,10,47,47,both,0,0
170318309002,11,48,47,both,1,2.08333333333333
170318309003,10,48,46,both,2,4.16666666666667
170318310001,10,45,45,both,0,0
170318310002,7,50,49,both,1,2
170318311001,7,37,37,both,0,0
170318311002,27,39,39,both,0,0
170318311003,26,41,41,both,0,0
170318311004,30,42,42,both,0,0
170318312001,9,55,55,both,0,0
170318312002,17,62,56,both,6,9.67741935483871
170318312003,13,56,56,both,0,0
170318313001,10,65,47,both,18,27.6923076923077
170318314001,4,75,65,both,10,13.3333333333333
170318314002,7,75,75,both,0,0
170318315001,28,57,57,both,0,0
170318315002,20,62,44,both,18,29.0322580645161
170318316001,8,54,51,both,3,5.55555555555556
170318316002,16,53,49,both,4,7.54716981132076
170318316003,9,46,46,both,0,0
170318316004,20,58,39,both,19,32.7586206896552
170318316005,15,57,45,both,12,21.0526315789474
170318316006,7,50,42,both,8,16
170318317001,13,41,41,both,0,0
170318318001,10,48,48,both,0,0
170318318002,8,45,45,both,0,0
170318318003,15,52,52,both,0,0
170318318004,12,46,46,both,0,0
170318318005,21,48,48,both,0,0
170318319001,13,59,58,both,1,1.69491525423729
170318319002,7,57,56,both,1,1.75438596491228
170318320001,32,63,63,both,0,0
170318321001,15,65,65,both,0,0
170318321002,4,63,63,both,0,0
170318321003,6,62,62,both,0,0
170318322001,8,53,53,both,0,0
170318322002,11,48,48,both,0,0
170318322003,3,47,47,both,0,0
170318323001,12,51,50,both,1,1.96078431372549
170318324001,24,45,45,both,0,0
170318324002,17,39,39,both,0,0
170318325001,5,55,55,both,0,0
170318325002,6,60,60,both,0,0
170318326001,5,60,60,both,0,0
170318326002,8,61,60,both,1,1.63934426229508
170318326003,10,63,63,both,0,0
170318329001,3,64,64,both,0,0
170318329002,1,67,67,both,0,0
170318330001,13,57,57,both,0,0
170318330002,10,63,63,both,0,0
170318331001,14,65,65,both,0,0
170318331002,7,63,63,both,0,0
170318331003,9,62,62,both,0,0
170318331004,16,59,59,both,0,0
170318333001,6,64,64,both,0,0
170318339001,3,,,no_transit_either,,
170318339002,1,,,no_transit_either,,
170318340001,8,,,no_transit_either,,
170318340002,2,89,89,both,0,0
170318342001,6,,,no_transit_either,,
170318342002,4,,,no_transit_either,,
170318342003,4,,,no_transit_either,,
170318342004,4,,,no_transit_either,,
170318343002,5,,,no_transit_either,,
170318343003,1,,,no_transit_either,,
170318343004,1,,,no_transit_either,,
170318343005,4,,,no_transit_either,,
170318343006,2,,,no_transit_either,,
170318344001,3,,86,newly_enabled,,
170318344002,6,,84,newly_enabled,,
170318344003,5,,87,newly_enabled,,
170318345001,4,86,81,both,5,5.81395348837209
170318346001,5,81,81,both,0,0
170318346002,3,82,81,both,1,1.21951219512195
170318347001,1,87,87,both,0,0
170318347003,2,85,85,both,0,0
170318348001,3,88,88,both,0,0
170318348002,1,85,85,both,0,0
170318348003,3,86,86,both,0,0
170318349001,5,,,no_transit_either,,
170318350001,6,,,no_transit_either,,
170318350002,1,,,no_transit_either,,
170318350004,3,,,no_transit_either,,
170318350005,4,,,no_transit_either,,
170318351001,5,,,no_transit_either,,
170318351002,2,,,no_transit_either,,
170318351003,6,,,no_transit_either,,
170318351004,2,,,no_transit_either,,
170318352001,6,,,no_transit_either,,
170318355002,2,76,76,both,0,0
170318356002,2,76,76,both,0,0
170318358001,10,76,76,both,0,0
170318360001,1,79,79,both,0,0
170318360002,2,82,81,both,1,1.21951219512195
170318360003,3,84,82,both,2,2.38095238095238
170318361001,3,81,81,both,0,0
170318361002,2,80,80,both,0,0
170318362001,7,87,84,both,3,3.44827586206897
170318363001,2,86,85,both,1,1.16279069767442
170318363002,3,87,85,both,2,2.29885057471264
170318364001,6,85,72,both,13,15.2941176470588
170318364002,2,86,73,both,13,15.1162790697674
170318364003,5,86,75,both,11,12.7906976744186
170318365001,3,82,76,both,6,7.31707317073171
170318365002,2,83,70,both,13,15.6626506024096
170318366001,9,61,50,both,11,18.0327868852459
170318366002,10,58,50,both,8,13.7931034482759
170318367001,9,61,53,both,8,13.1147540983607
170318367002,11,62,59,both,3,4.83870967741936
170318368001,6,64,64,both,0,0
170318368002,8,64,64,both,0,0
170318369001,3,67,65,both,2,2.98507462686567
170318369002,5,67,66,both,1,1.49253731343284
170318370001,7,70,70,both,0,0
170318370002,6,66,66,both,0,0
170318371001,1,65,64,both,1,1.53846153846154
170318371002,16,63,63,both,0,0
170318373001,7,73,68,both,5,6.84931506849315
170318373002,4,70,68,both,2,2.85714285714286
170318374001,2,67,67,both,0,0
170318374002,3,69,69,both,0,0
170318378001,4,61,61,both,0,0
170318378002,4,62,62,both,0,0
170318380001,2,65,65,both,0,0
170318380002,4,67,67,both,0,0
170318381002,8,60,60,both,0,0
170318382001,2,69,71,both,0,0
170318383001,14,62,62,both,0,0
170318383002,11,61,61,both,0,0
170318386001,3,76,69,both,7,9.21052631578947
170318386002,3,74,74,both,0,0
170318387001,6,79,77,both,2,2.53164556962025
170318387002,3,81,78,both,3,3.7037037037037
170318387003,1,81,75,both,6,7.40740740740741
170318388001,4,,,no_transit_either,,
170318388002,4,,,no_transit_either,,
170318390001,20,57,57,both,0,0
170318390002,24,62,62,both,0,0
170318390003,11,58,58,both,0,0
170318390004,3,56,56,both,0,0
170318391001,100,50,50,both,0,0
170318391002,60,52,52,both,0,0
170318392001,2,75,75,both,0,0
170318392002,5,76,76,both,0,0
170318395001,2,78,77,both,1,1.28205128205128
170318396001,4,80,79,both,1,1.25
170318396002,1,79,78,both,1,1.26582278481013
170318397001,7,80,80,both,0,0
170318397002,8,77,77,both,0,0
170318397003,7,79,79,both,0,0
170318398001,1,78,78,both,0,0
170318399001,4,76,76,both,0,0
170318399002,2,79,79,both,0,0
170318399004,1,79,79,both,0,0
170318400001,5,77,77,both,0,0
170318400002,2,76,76,both,0,0
170318401002,6,82,81,both,1,1.21951219512195
170318402001,6,79,78,both,1,1.26582278481013
170318403001,8,80,79,both,1,1.25
170318403002,4,81,80,both,1,1.23456790123457
170318403003,11,78,77,both,1,1.28205128205128
170318404001,9,79,78,both,1,1.26582278481013
170318404002,4,81,80,both,1,1.23456790123457
170318407001,6,72,72,both,0,0
170318407002,2,76,76,both,0,0
170318407003,8,71,71,both,0,0
170318408001,2,87,82,both,5,5.74712643678161
170318408002,3,89,85,both,4,4.49438202247191
170318410001,1,73,72,both,1,1.36986301369863
170318411001,7,66,66,both,0,0
170318411002,10,67,67,both,0,0
170318411003,5,71,69,both,2,2.8169014084507
170318411004,3,64,64,both,0,0
170318412001,3,74,72,both,2,2.7027027027027
170318412002,6,70,68,both,2,2.85714285714286
170318412003,5,74,71,both,3,4.05405405405405
170318413002,3,74,74,both,0,0
170318413003,2,76,76,both,0,0
170318415001,8,74,70,both,4,5.40540540540541
170318415002,9,77,74,both,3,3.8961038961039
170318417001,4,75,75,both,0,0
170318418001,2,,,no_transit_either,,
170318418002,4,,89,newly_enabled,,
170318419001,11,59,59,both,0,0
170318419002,11,66,64,both,2,3.03030303030303
170318420002,5,73,73,both,0,0
170318421001,3,70,58,both,12,17.1428571428571
170318421002,3,71,61,both,10,14.0845070422535
170318421003,8,67,62,both,5,7.46268656716418
170318421004,6,64,58,both,6,9.375
170318421005,7,64,63,both,1,1.5625
170318421006,8,66,62,both,4,6.06060606060606
170318422001,36,57,56,both,1,1.75438596491228
170318423001,7,45,45,both,0,0
170318423002,10,49,49,both,0,0
170318424001,3,89,83,both,6,6.74157303370787
170318424002,8,86,86,both,0,0
170318425001,6,,,no_transit_either,,
170318426001,6,86,86,both,0,0
170318426002,2,,,no_transit_either,,
170318426003,2,86,86,both,0,0
170318426004,5,84,84,both,0,0
170318428001,3,,89,newly_enabled,,
170318428002,3,89,89,both,0,0
170318428003,1,,89,newly_enabled,,
170318428004,2,86,85,both,1,1.16279069767442
170318428005,2,,,no_transit_either,,
170318428006,4,,,no_transit_either,,
170318429001,7,76,76,both,0,0
170318430001,10,74,71,both,3,4.05405405405405
170318430002,10,79,73,both,6,7.59493670886076
170318431001,7,77,70,both,7,9.09090909090909
170318431002,3,75,74,both,1,1.33333333333333
170318432001,5,74,74,both,0,0
170318432002,3,73,73,both,0,0
170318433001,6,74,74,both,0,0
170318434001,12,80,80,both,0,0
170318435001,5,87,87,both,0,0
170318436001,5,87,86,both,1,1.14942528735632
170318436002,7,85,84,both,1,1.17647058823529
170318437001,10,52,52,both,0,0
170318437002,9,50,50,both,0,0
170318438001,2,83,83,both,0,0
170318438002,1,86,86,both,0,0
170318439001,2,,85,newly_enabled,,
170318439002,4,,80,newly_enabled,,
170318439003,3,87,87,both,0,0
170318439004,2,89,89,both,0,0
170318439005,6,86,86,both,0,0
170318446001,11,80,80,both,0,0
170318447001,5,77,77,both,0,0
170318447002,6,74,74,both,0,0
170318447003,4,75,75,both,0,0
170319800001,1,,,no_transit_either,,
170319801001,1,,,no_transit_either,,
170338806001,1,,,no_transit_either,,
170338806003,2,,,no_transit_either,,
170359725001,1,,,no_transit_either,,
170370001002,2,,,no_transit_either,,
170370001003,1,,,no_transit_either,,
170370001004,1,,,no_transit_either,,
170370002001,1,,,no_transit_either,,
170370002002,3,,,no_transit_either,,
170370002003,2,,,no_transit_either,,
170370003001,1,,,no_transit_either,,
170370003002,3,,,no_transit_either,,
170370004011,3,,,no_transit_either,,
170370004012,5,,,no_transit_either,,
170370004021,1,,,no_transit_either,,
170370004022,2,,,no_transit_either,,
170370004023,1,,,no_transit_either,,
170370005001,1,,,no_transit_either,,
170370005002,5,,,no_transit_either,,
170370006001,3,,,no_transit_either,,
170370006003,1,,,no_transit_either,,
170370007001,2,,,no_transit_either,,
170370007002,1,,,no_transit_either,,
170370007003,1,,,no_transit_either,,
170370008002,2,,,no_transit_either,,
170370009002,2,,,no_transit_either,,
170370010021,1,,,no_transit_either,,
170370010022,3,,,no_transit_either,,
170370010023,1,,,no_transit_either,,
170370010031,2,,,no_transit_either,,
170370010032,1,,,no_transit_either,,
170370010041,1,,,no_transit_either,,
170370010042,2,,,no_transit_either,,
170370013004,1,,,no_transit_either,,
170370014001,1,,,no_transit_either,,
170370014002,2,,,no_transit_either,,
170370014004,2,,,no_transit_either,,
170370014005,1,,,no_transit_either,,
170370015002,1,,,no_transit_either,,
170370017001,1,,,no_transit_either,,
170370017002,2,,,no_transit_either,,
170370018001,2,,,no_transit_either,,
170370018002,2,,,no_transit_either,,
170370019002,1,,,no_transit_either,,
170370020001,1,,,no_transit_either,,
170370020002,2,,,no_transit_either,,
170370020003,2,,,no_transit_either,,
170370021002,2,,,no_transit_either,,
170370022001,2,,,no_transit_either,,
170399714001,1,,,no_transit_either,,
170399714002,1,,,no_transit_either,,
170399715003,1,,,no_transit_either,,
170399716004,2,,,no_transit_either,,
170399717001,1,,,no_transit_either,,
170399717002,1,,,no_transit_either,,
170399718002,2,,,no_transit_either,,
170419520001,1,,,no_transit_either,,
170419521004,2,,,no_transit_either,,
170438400001,25,,,no_transit_either,,
170438400002,15,,,no_transit_either,,
170438401011,18,,,no_transit_either,,
170438401012,16,,,no_transit_either,,
170438401013,17,,,no_transit_either,,
170438401014,16,75,75,both,0,0
170438401021,14,,,no_transit_either,,
170438401022,16,,,no_transit_either,,
170438401023,17,,,no_transit_either,,
170438401031,18,,,no_transit_either,,
170438401032,23,,,no_transit_either,,
170438401033,13,,,no_transit_either,,
170438401034,27,,,no_transit_either,,
170438401041,9,,,no_transit_either,,
170438401042,9,,,no_transit_either,,
170438401043,4,,,no_transit_either,,
170438401044,4,,,no_transit_either,,
170438401045,9,,,no_transit_either,,
170438402011,27,,,no_transit_either,,
170438402012,25,,,no_transit_either,,
170438402013,20,,,no_transit_either,,
170438402021,8,,,no_transit_either,,
170438402022,7,,,no_transit_either,,
170438402023,12,,,no_transit_either,,
170438402024,9,,,no_transit_either,,
170438403031,13,,,no_transit_either,,
170438403032,20,,,no_transit_either,,
170438403041,16,,,no_transit_either,,
170438403042,12,,,no_transit_either,,
170438403043,11,,,no_transit_either,,
170438406001,4,83,83,both,0,0
170438406002,15,,,no_transit_either,,
170438406003,14,,,no_transit_either,,
170438407031,27,,,no_transit_either,,
170438407032,42,,,no_transit_either,,
170438407041,8,,,no_transit_either,,
170438407042,13,,,no_transit_either,,
170438407051,37,,,no_transit_either,,
170438407052,17,,,no_transit_either,,
170438407061,23,,,no_transit_either,,
170438407062,21,,,no_transit_either,,
170438408011,13,70,70,both,0,0
170438408012,5,,88,newly_enabled,,
170438408021,9,,,no_transit_either,,
170438408022,12,,,no_transit_either,,
170438408023,20,66,66,both,0,0
170438408024,13,,,no_transit_either,,
170438408025,18,72,72,both,0,0
170438409011,17,,,no_transit_either,,
170438409012,9,,,no_transit_either,,
170438409041,7,,,no_transit_either,,
170438409042,3,,,no_transit_either,,
170438409043,10,,,no_transit_either,,
170438409061,8,,,no_transit_either,,
170438409062,13,,,no_transit_either,,
170438409071,10,,,no_transit_either,,
170438409072,4,,,no_transit_either,,
170438409073,20,,,no_transit_either,,
170438409081,12,,,no_transit_either,,
170438409082,12,,,no_transit_either,,
170438409083,6,,,no_transit_either,,
170438409101,12,,,no_transit_either,,
170438409102,7,,,no_transit_either,,
170438409103,6,,,no_transit_either,,
170438409104,6,,,no_transit_either,,
170438409111,5,,,no_transit_either,,
170438409112,4,,,no_transit_either,,
170438410021,26,,,no_transit_either,,
170438410022,14,,,no_transit_either,,
170438410031,11,,,no_transit_either,,
170438410032,10,,,no_transit_either,,
170438410041,27,,,no_transit_either,,
170438410042,21,,,no_transit_either,,
170438411021,9,,,no_transit_either,,
170438411022,9,,,no_transit_either,,
170438411023,10,,,no_transit_either,,
170438411024,13,,,no_transit_either,,
170438411031,20,,,no_transit_either,,
170438411032,22,,,no_transit_either,,
170438411041,19,,,no_transit_either,,
170438411042,5,,,no_transit_either,,
170438411043,13,,,no_transit_either,,
170438411044,14,,,no_transit_either,,
170438411081,5,,,no_transit_either,,
170438411082,7,,,no_transit_either,,
170438411083,13,,,no_transit_either,,
170438411091,8,,,no_transit_either,,
170438411092,13,,,no_transit_either,,
170438411093,7,,,no_transit_either,,
170438411101,5,,,no_transit_either,,
170438411102,8,,,no_transit_either,,
170438411103,3,,,no_transit_either,,
170438411111,17,,,no_transit_either,,
170438411112,25,,,no_transit_either,,
170438411121,11,,,no_transit_either,,
170438411122,8,,,no_transit_either,,
170438411131,11,,,no_transit_either,,
170438411132,6,,,no_transit_either,,
170438411141,24,,,no_transit_either,,
170438411142,21,,,no_transit_either,,
170438412041,9,,,no_transit_either,,
170438412042,4,,,no_transit_either,,
170438412043,13,,,no_transit_either,,
170438412044,7,,,no_transit_either,,
170438412045,5,,,no_transit_either,,
170438412051,10,,,no_transit_either,,
170438412052,15,,,no_transit_either,,
170438412053,7,,,no_transit_either,,
170438412061,11,,,no_transit_either,,
170438412062,6,,,no_transit_either,,
170438412063,5,,,no_transit_either,,
170438412064,7,,,no_transit_either,,
170438412071,10,,,no_transit_either,,
170438412072,12,,,no_transit_either,,
170438412081,15,,,no_transit_either,,
170438412082,8,,,no_transit_either,,
170438412083,12,,,no_transit_either,,
170438412091,15,,,no_transit_either,,
170438412092,11,,,no_transit_either,,
170438412101,5,,,no_transit_either,,
170438412102,8,,,no_transit_either,,
170438412103,6,,,no_transit_either,,
170438413071,4,,,no_transit_either,,
170438413072,11,,,no_transit_either,,
170438413073,4,,,no_transit_either,,
170438413074,12,,,no_transit_either,,
170438413081,7,,,no_transit_either,,
170438413082,8,,,no_transit_either,,
170438413083,22,,,no_transit_either,,
170438413101,27,,,no_transit_either,,
170438413102,6,,,no_transit_either,,
170438413121,6,,,no_transit_either,,
170438413122,6,,,no_transit_either,,
170438413131,20,,,no_transit_either,,
170438413141,11,,,no_transit_either,,
170438413142,13,,,no_transit_either,,
170438413143,11,,,no_transit_either,,
170438413144,9,,,no_transit_either,,
170438413145,9,,,no_transit_either,,
170438413151,9,,,no_transit_either,,
170438413152,9,,,no_transit_either,,
170438413161,13,,,no_transit_either,,
170438413162,12,,,no_transit_either,,
170438413181,21,,,no_transit_either,,
170438413182,10,,,no_transit_either,,
170438413201,7,,,no_transit_either,,
170438413202,7,,,no_transit_either,,
170438413211,36,,,no_transit_either,,
170438413221,6,,,no_transit_either,,
170438413222,4,,,no_transit_either,,
170438413223,6,,,no_transit_either,,
170438413231,14,,,no_transit_either,,
170438413232,12,,,no_transit_either,,
170438413241,5,,,no_transit_either,,
170438413242,10,,,no_transit_either,,
170438413251,9,,,no_transit_either,,
170438413252,4,,,no_transit_either,,
170438413253,9,,,no_transit_either,,
170438413254,8,,,no_transit_either,,
170438413261,4,,,no_transit_either,,
170438413262,9,,,no_transit_either,,
170438413271,5,,,no_transit_either,,
170438413272,6,,,no_transit_either,,
170438413273,14,,,no_transit_either,,
170438414011,4,,,no_transit_either,,
170438414012,3,,,no_transit_either,,
170438414013,5,,,no_transit_either,,
170438414014,4,,,no_transit_either,,
170438414031,7,,,no_transit_either,,
170438414032,3,,,no_transit_either,,
170438414033,1,,,no_transit_either,,
170438414041,4,,,no_transit_either,,
170438414042,8,,,no_transit_either,,
170438415011,2,,,no_transit_either,,
170438415012,10,,,no_transit_either,,
170438415013,3,,,no_transit_either,,
170438415031,1,,,no_transit_either,,
170438415032,3,,,no_transit_either,,
170438415041,2,,,no_transit_either,,
170438415042,4,,,no_transit_either,,
170438416031,3,,,no_transit_either,,
170438416032,6,,,no_transit_either,,
170438416033,7,,,no_transit_either,,
170438416041,3,,,no_transit_either,,
170438416042,10,,,no_transit_either,,
170438416051,3,,,no_transit_either,,
170438416052,4,,,no_transit_either,,
170438416053,8,,,no_transit_either,,
170438416061,4,,,no_transit_either,,
170438416071,7,,,no_transit_either,,
170438416072,3,,,no_transit_either,,
170438416073,2,,,no_transit_either,,
170438417041,3,,,no_transit_either,,
170438417042,5,,,no_transit_either,,
170438417043,3,,,no_transit_either,,
170438417051,8,,,no_transit_either,,
170438417052,10,,,no_transit_either,,
170438417053,5,,,no_transit_either,,
170438417054,13,,,no_transit_either,,
170438417061,9,,,no_transit_either,,
170438417062,3,,,no_transit_either,,
170438417071,6,,,no_transit_either,,
170438417072,12,,,no_transit_either,,
170438417081,6,,,no_transit_either,,
170438417082,7,,,no_transit_either,,
170438417083,3,,,no_transit_either,,
170438418011,1,,,no_transit_either,,
170438418012,8,,,no_transit_either,,
170438418013,8,,,no_transit_either,,
170438418021,5,,,no_transit_either,,
170438418022,1,,,no_transit_either,,
170438418023,5,,,no_transit_either,,
170438419011,4,,,no_transit_either,,
170438419012,9,,,no_transit_either,,
170438419021,3,,,no_transit_either,,
170438419022,11,,,no_transit_either,,
170438420001,7,,,no_transit_either,,
170438420002,12,,,no_transit_either,,
170438420003,7,,,no_transit_either,,
170438421001,3,,,no_transit_either,,
170438421002,8,,,no_transit_either,,
170438421003,7,,,no_transit_either,,
170438421004,4,,,no_transit_either,,
170438422001,8,,,no_transit_either,,
170438422002,7,,,no_transit_either,,
170438422003,13,,,no_transit_either,,
170438423001,3,,,no_transit_either,,
170438423002,2,,,no_transit_either,,
170438423003,8,,,no_transit_either,,
170438424001,5,,,no_transit_either,,
170438424002,7,,,no_transit_either,,
170438424003,1,,,no_transit_either,,
170438424004,4,,,no_transit_either,,
170438425001,5,,,no_transit_either,,
170438425002,4,,,no_transit_either,,
170438425003,6,,,no_transit_either,,
170438426011,7,,,no_transit_either,,
170438426012,7,,,no_transit_either,,
170438426013,6,,,no_transit_either,,
170438426021,9,,,no_transit_either,,
170438426022,10,,,no_transit_either,,
170438426023,8,,,no_transit_either,,
170438426031,7,,,no_transit_either,,
170438426032,11,,,no_transit_either,,
170438426041,6,,,no_transit_either,,
170438426042,3,,,no_transit_either,,
170438426043,5,,,no_transit_either,,
170438426044,1,,,no_transit_either,,
170438426051,4,,,no_transit_either,,
170438426052,3,,,no_transit_either,,
170438426053,4,,,no_transit_either,,
170438427021,4,,,no_transit_either,,
170438427022,6,,,no_transit_either,,
170438427023,3,,,no_transit_either,,
170438427031,7,,,no_transit_either,,
170438427032,6,,,no_transit_either,,
170438427033,11,,,no_transit_either,,
170438427041,7,,,no_transit_either,,
170438427042,9,,,no_transit_either,,
170438427043,7,,,no_transit_either,,
170438427044,5,,,no_transit_either,,
170438427061,8,,,no_transit_either,,
170438427062,7,,,no_transit_either,,
170438427063,9,,,no_transit_either,,
170438427081,7,,,no_transit_either,,
170438427082,4,,,no_transit_either,,
170438427091,11,,,no_transit_either,,
170438427092,8,,,no_transit_either,,
170438427093,5,,,no_transit_either,,
170438427101,16,,,no_transit_either,,
170438427102,10,,,no_transit_either,,
170438427103,12,,,no_transit_either,,
170438427111,9,,,no_transit_either,,
170438427112,3,,,no_transit_either,,
170438428001,18,78,78,both,0,0
170438428002,12,,,no_transit_either,,
170438428003,7,88,88,both,0,0
170438428004,11,84,84,both,0,0
170438429001,11,78,78,both,0,0
170438429002,9,81,80,both,1,1.23456790123457
170438429003,7,82,81,both,1,1.21951219512195
170438430001,5,,,no_transit_either,,
170438430002,9,,,no_transit_either,,
170438430003,6,,,no_transit_either,,
170438431001,8,,88,newly_enabled,,
170438431002,10,,,no_transit_either,,
170438431003,9,,,no_transit_either,,
170438432001,4,,,no_transit_either,,
170438432002,5,,,no_transit_either,,
170438432003,9,,,no_transit_either,,
170438432004,3,,,no_transit_either,,
170438433011,7,,,no_transit_either,,
170438433012,8,,,no_transit_either,,
170438433013,4,,,no_transit_either,,
170438433021,7,,,no_transit_either,,
170438433022,9,,,no_transit_either,,
170438434001,7,,,no_transit_either,,
170438434002,5,,,no_transit_either,,
170438434003,13,,,no_transit_either,,
170438435001,8,,,no_transit_either,,
170438435002,12,,,no_transit_either,,
170438435003,6,,,no_transit_either,,
170438435004,8,,,no_transit_either,,
170438436011,14,,,no_transit_either,,
170438436012,11,,,no_transit_either,,
170438436013,11,,,no_transit_either,,
170438436021,6,,,no_transit_either,,
170438436022,11,,,no_transit_either,,
170438437001,13,,,no_transit_either,,
170438437002,17,,,no_transit_either,,
170438437003,10,,,no_transit_either,,
170438438001,6,,,no_transit_either,,
170438438002,5,,,no_transit_either,,
170438439001,12,88,88,both,0,0
170438439002,12,,,no_transit_either,,
170438439003,8,,,no_transit_either,,
170438440011,14,,,no_transit_either,,
170438440012,12,,,no_transit_either,,
170438440021,3,89,89,both,0,0
170438440022,7,,,no_transit_either,,
170438440023,5,84,84,both,0,0
170438441001,7,,,no_transit_either,,
170438441002,12,,,no_transit_either,,
170438441003,13,,,no_transit_either,,
170438442011,3,,,no_transit_either,,
170438442012,7,,,no_transit_either,,
170438442013,6,,,no_transit_either,,
170438442014,5,,,no_transit_either,,
170438442021,9,,,no_transit_either,,
170438442022,4,,,no_transit_either,,
170438443041,12,,,no_transit_either,,
170438443042,3,,,no_transit_either,,
170438443043,4,,,no_transit_either,,
170438443051,4,,,no_transit_either,,
170438443052,10,,,no_transit_either,,
170438443053,10,,,no_transit_either,,
170438443061,13,,,no_transit_either,,
170438443062,6,,,no_transit_either,,
170438443063,9,,,no_transit_either,,
170438443071,7,,,no_transit_either,,
170438443072,4,,,no_transit_either,,
170438443073,7,,,no_transit_either,,
170438443081,9,,,no_transit_either,,
170438443091,2,,,no_transit_either,,
170438443092,10,,,no_transit_either,,
170438443101,4,,,no_transit_either,,
170438443102,9,,,no_transit_either,,
170438444011,3,,,no_transit_either,,
170438444012,5,,,no_transit_either,,
170438444013,4,,,no_transit_either,,
170438444021,3,,,no_transit_either,,
170438444022,4,,,no_transit_either,,
170438444023,3,,,no_transit_either,,
170438444024,4,,,no_transit_either,,
170438445011,6,,,no_transit_either,,
170438445012,9,,,no_transit_either,,
170438445022,1,,,no_transit_either,,
170438446011,7,,,no_transit_either,,
170438446012,8,,,no_transit_either,,
170438446013,4,,,no_transit_either,,
170438446021,6,,,no_transit_either,,
170438446022,4,89,89,both,0,0
170438446023,19,,,no_transit_either,,
170438447011,3,,,no_transit_either,,
170438447012,3,,,no_transit_either,,
170438447013,4,,,no_transit_either,,
170438447014,2,,,no_transit_either,,
170438447021,4,,,no_transit_either,,
170438447022,6,,,no_transit_either,,
170438447023,5,,,no_transit_either,,
170438447024,5,,,no_transit_either,,
170438448011,5,,,no_transit_either,,
170438448012,4,,,no_transit_either,,
170438448013,4,,,no_transit_either,,
170438448021,6,,,no_transit_either,,
170438448022,8,,,no_transit_either,,
170438449011,4,,,no_transit_either,,
170438449012,8,,,no_transit_either,,
170438449021,2,,,no_transit_either,,
170438449022,4,,,no_transit_either,,
170438449023,4,,,no_transit_either,,
170438450001,5,,,no_transit_either,,
170438450002,7,,,no_transit_either,,
170438450003,7,,,no_transit_either,,
170438450004,6,,,no_transit_either,,
170438451001,6,,,no_transit_either,,
170438451002,11,,,no_transit_either,,
170438451003,4,,,no_transit_either,,
170438451004,4,,,no_transit_either,,
170438452001,3,,,no_transit_either,,
170438452002,9,,,no_transit_either,,
170438452003,5,,,no_transit_either,,
170438453001,7,,,no_transit_either,,
170438453002,5,,,no_transit_either,,
170438454011,4,,,no_transit_either,,
170438454012,1,,,no_transit_either,,
170438454013,2,,,no_transit_either,,
170438454021,6,,,no_transit_either,,
170438454022,16,,,no_transit_either,,
170438455021,3,,,no_transit_either,,
170438455022,3,,,no_transit_either,,
170438455024,7,,,no_transit_either,,
170438455025,1,,,no_transit_either,,
170438455051,5,,,no_transit_either,,
170438455052,6,,,no_transit_either,,
170438455053,6,,,no_transit_either,,
170438455061,8,,,no_transit_either,,
170438455062,4,,,no_transit_either,,
170438455071,12,,,no_transit_either,,
170438455072,7,,,no_transit_either,,
170438455081,9,,,no_transit_either,,
170438455082,9,,,no_transit_either,,
170438455091,6,,,no_transit_either,,
170438455092,10,,,no_transit_either,,
170438455101,4,,,no_transit_either,,
170438455102,5,,,no_transit_either,,
170438456011,14,,,no_transit_either,,
170438456012,7,,,no_transit_either,,
170438456013,8,,,no_transit_either,,
170438456021,8,,,no_transit_either,,
170438456022,13,,,no_transit_either,,
170438456023,9,,,no_transit_either,,
170438457011,7,,,no_transit_either,,
170438457012,2,,,no_transit_either,,
170438457013,4,,,no_transit_either,,
170438457021,5,,,no_transit_either,,
170438457022,3,,,no_transit_either,,
170438457023,7,,,no_transit_either,,
170438457024,6,,,no_transit_either,,
170438457031,8,,,no_transit_either,,
170438457032,2,,,no_transit_either,,
170438457033,1,,,no_transit_either,,
170438457034,3,,,no_transit_either,,
170438457041,1,,,no_transit_either,,
170438457042,3,,,no_transit_either,,
170438457043,2,,,no_transit_either,,
170438458021,10,,,no_transit_either,,
170438458022,6,,,no_transit_either,,
170438458023,2,,,no_transit_either,,
170438458031,8,,,no_transit_either,,
170438458032,8,,,no_transit_either,,
170438458033,8,,,no_transit_either,,
170438458051,9,,,no_transit_either,,
170438458052,4,,,no_transit_either,,
170438458053,12,,,no_transit_either,,
170438458071,11,,,no_transit_either,,
170438458072,2,,,no_transit_either,,
170438458073,8,,,no_transit_either,,
170438458074,6,,,no_transit_either,,
170438458075,4,,,no_transit_either,,
170438458081,7,,,no_transit_either,,
170438458082,11,,,no_transit_either,,
170438458091,2,,,no_transit_either,,
170438458092,3,,,no_transit_either,,
170438458093,20,,,no_transit_either,,
170438458101,3,,,no_transit_either,,
170438458102,6,,,no_transit_either,,
170438458103,6,,,no_transit_either,,
170438458111,9,,,no_transit_either,,
170438458112,4,,,no_transit_either,,
170438459011,4,,,no_transit_either,,
170438459012,4,,,no_transit_either,,
170438459021,11,,,no_transit_either,,
170438459022,1,,,no_transit_either,,
170438460021,7,,,no_transit_either,,
170438460022,5,,,no_transit_either,,
170438460023,7,,,no_transit_either,,
170438460031,6,,,no_transit_either,,
170438460032,6,,,no_transit_either,,
170438460033,1,,,no_transit_either,,
170438460034,9,,,no_transit_either,,
170438460041,4,,,no_transit_either,,
170438460042,5,,,no_transit_either,,
170438460043,2,,,no_transit_either,,
170438461021,4,,,no_transit_either,,
170438461022,9,,,no_transit_either,,
170438461023,7,,,no_transit_either,,
170438461031,6,,,no_transit_either,,
170438461032,4,,,no_transit_either,,
170438461033,3,,,no_transit_either,,
170438461034,6,,,no_transit_either,,
170438461041,5,,,no_transit_either,,
170438461042,21,,,no_transit_either,,
170438461051,1,,,no_transit_either,,
170438461052,3,,,no_transit_either,,
170438461061,6,,,no_transit_either,,
170438461062,3,,,no_transit_either,,
170438462011,4,,,no_transit_either,,
170438462012,4,,,no_transit_either,,
170438462013,6,,,no_transit_either,,
170438462014,7,,,no_transit_either,,
170438462021,5,,,no_transit_either,,
170438462022,2,,,no_transit_either,,
170438462023,9,,,no_transit_either,,
170438462024,1,,,no_transit_either,,
170438462031,2,,,no_transit_either,,
170438462032,8,,,no_transit_either,,
170438462033,4,,,no_transit_either,,
170438462051,1,,,no_transit_either,,
170438462052,7,,,no_transit_either,,
170438462053,3,,,no_transit_either,,
170438462061,5,,,no_transit_either,,
170438462062,4,,,no_transit_either,,
170438462063,5,,,no_transit_either,,
170438462071,11,,,no_transit_either,,
170438462072,5,,,no_transit_either,,
170438462073,4,,,no_transit_either,,
170438462074,9,,,no_transit_either,,
170438462081,4,,,no_transit_either,,
170438462082,8,,,no_transit_either,,
170438462091,5,,,no_transit_either,,
170438462092,6,,,no_transit_either,,
170438463041,8,,,no_transit_either,,
170438463042,8,,,no_transit_either,,
170438463043,6,,,no_transit_either,,
170438463044,5,,,no_transit_either,,
170438463045,4,,,no_transit_either,,
170438463051,3,,,no_transit_either,,
170438463052,9,,,no_transit_either,,
170438463053,4,,,no_transit_either,,
170438463054,2,,,no_transit_either,,
170438463071,6,,,no_transit_either,,
170438463072,8,,,no_transit_either,,
170438463073,7,,,no_transit_either,,
170438463081,8,,,no_transit_either,,
170438463082,8,,,no_transit_either,,
170438463101,15,,,no_transit_either,,
170438463102,8,,,no_transit_either,,
170438463111,4,,,no_transit_either,,
170438463112,5,,,no_transit_either,,
170438463113,8,,,no_transit_either,,
170438463121,10,,,no_transit_either,,
170438463122,9,,,no_transit_either,,
170438463123,5,,,no_transit_either,,
170438463131,6,,,no_transit_either,,
170438463132,5,,,no_transit_either,,
170438463133,2,,,no_transit_either,,
170438463134,3,,,no_transit_either,,
170438463141,12,,,no_transit_either,,
170438463142,9,,,no_transit_either,,
170438463151,6,,,no_transit_either,,
170438463152,10,,,no_transit_either,,
170438463153,8,,,no_transit_either,,
170438464041,6,,,no_transit_either,,
170438464042,8,,,no_transit_either,,
170438464043,8,,,no_transit_either,,
170438464044,10,,,no_transit_either,,
170438464051,10,,,no_transit_either,,
170438464052,8,,,no_transit_either,,
170438464081,7,,,no_transit_either,,
170438464082,5,,,no_transit_either,,
170438464091,5,,,no_transit_either,,
170438464092,9,,,no_transit_either,,
170438464101,2,,,no_transit_either,,
170438464102,8,,,no_transit_either,,
170438464103,1,,,no_transit_either,,
170438464111,6,,,no_transit_either,,
170438464112,6,,,no_transit_either,,
170438464113,10,,,no_transit_either,,
170438464121,5,,,no_transit_either,,
170438464122,4,,,no_transit_either,,
170438464123,16,,,no_transit_either,,
170438464131,8,,,no_transit_either,,
170438464132,9,,,no_transit_either,,
170438465041,1,,,no_transit_either,,
170438465042,4,,,no_transit_either,,
170438465043,5,,,no_transit_either,,
170438465044,8,,,no_transit_either,,
170438465071,4,,,no_transit_either,,
170438465072,3,,,no_transit_either,,
170438465091,4,,,no_transit_either,,
170438465092,6,,,no_transit_either,,
170438465093,18,,,no_transit_either,,
170438465101,12,,,no_transit_either,,
170438465102,3,,,no_transit_either,,
170438465111,5,,,no_transit_either,,
170438465112,9,,,no_transit_either,,
170438465113,5,,,no_transit_either,,
170438465114,4,,,no_transit_either,,
170438465131,6,,,no_transit_either,,
170438465132,4,,,no_transit_either,,
170438465141,4,,,no_transit_either,,
170438465142,16,,,no_transit_either,,
170438465151,5,,,no_transit_either,,
170438465152,6,,,no_transit_either,,
170438465153,2,,,no_transit_either,,
170438465154,10,,,no_transit_either,,
170438465171,5,,,no_transit_either,,
170438465172,9,,,no_transit_either,,
170438465173,12,,,no_transit_either,,
170438465181,5,,,no_transit_either,,
170438465182,7,,,no_transit_either,,
170438465183,9,,,no_transit_either,,
170438465191,4,,,no_transit_either,,
170438465192,9,,,no_transit_either,,
170438465211,7,,,no_transit_either,,
170438465212,5,,,no_transit_either,,
170438465213,3,,,no_transit_either,,
170438465214,3,,,no_transit_either,,
170438465221,5,,,no_transit_either,,
170438465222,7,,,no_transit_either,,
170438465231,4,,,no_transit_either,,
170438465232,5,,,no_transit_either,,
170438465241,6,,,no_transit_either,,
170438465242,5,,,no_transit_either,,
170438465243,11,,,no_transit_either,,
170438466031,3,,,no_transit_either,,
170438466032,9,,,no_transit_either,,
170438466033,7,,,no_transit_either,,
170438466041,11,,,no_transit_either,,
170438466042,6,,,no_transit_either,,
170438466043,6,,,no_transit_either,,
170438467011,7,,,no_transit_either,,
170438467012,12,,,no_transit_either,,
170438467013,1,,,no_transit_either,,
170438467021,6,,,no_transit_either,,
170438467022,11,,,no_transit_either,,
170438467023,8,,,no_transit_either,,
170450703002,1,,,no_transit_either,,
170450704002,1,,,no_transit_either,,
170479569002,1,,,no_transit_either,,
170499501002,1,,,no_transit_either,,
170499503002,3,,,no_transit_either,,
170499505003,1,,,no_transit_either,,
170519508003,2,,,no_transit_either,,
170539616002,1,,,no_transit_either,,
170539619001,1,,,no_transit_either,,
170539619002,1,,,no_transit_either,,
170539620003,1,,,no_transit_either,,
170550411002,1,,,no_transit_either,,
170579528003,1,,,no_transit_either,,
170579532002,1,,,no_transit_either,,
170579532003,1,,,no_transit_either,,
170579536001,1,,,no_transit_either,,
170579536004,1,,,no_transit_either,,
170579536005,1,,,no_transit_either,,
170579538001,1,,,no_transit_either,,
170619736001,1,,,no_transit_either,,
170630001021,1,,,no_transit_either,,
170630001022,5,,,no_transit_either,,
170630001023,3,,,no_transit_either,,
170630001031,2,,,no_transit_either,,
170630001032,6,,,no_transit_either,,
170630001033,3,,,no_transit_either,,
170630001034,4,,,no_transit_either,,
170630002001,1,,,no_transit_either,,
170630002002,1,,,no_transit_either,,
170630002004,4,,,no_transit_either,,
170630003001,1,,,no_transit_either,,
170630003003,2,,,no_transit_either,,
170630004001,1,,,no_transit_either,,
170630004002,3,,,no_transit_either,,
170630004003,2,,,no_transit_either,,
170630004004,2,,,no_transit_either,,
170630005001,6,,,no_transit_either,,
170630006001,1,,,no_transit_either,,
170630006003,3,,,no_transit_either,,
170630007001,2,,,no_transit_either,,
170630007002,3,,,no_transit_either,,
170630007003,4,,,no_transit_either,,
170630007004,1,,,no_transit_either,,
170630007005,3,,,no_transit_either,,
170630008001,1,,,no_transit_either,,
170630008003,1,,,no_transit_either,,
170630009001,2,,,no_transit_either,,
170630009005,1,,,no_transit_either,,
170659732003,1,,,no_transit_either,,
170679538003,1,,,no_transit_either,,
170679539001,1,,,no_transit_either,,
170679540003,1,,,no_transit_either,,
170679543001,2,,,no_transit_either,,
170679543004,1,,,no_transit_either,,
170719733001,1,,,no_transit_either,,
170719734001,1,,,no_transit_either,,
170730302011,1,,,no_transit_either,,
170730303013,1,,,no_transit_either,,
170730304001,1,,,no_transit_either,,
170730305002,1,,,no_transit_either,,
170730306003,1,,,no_transit_either,,
170730308001,2,,,no_transit_either,,
170730310002,1,,,no_transit_either,,
170730311001,1,,,no_transit_either,,
170730312003,1,,,no_transit_either,,
170759501003,2,,,no_transit_either,,
170759502002,1,,,no_transit_either,,
170759503003,2,,,no_transit_either,,
170759504001,1,,,no_transit_either,,
170759505002,3,,,no_transit_either,,
170759505003,2,,,no_transit_either,,
170759506002,1,,,no_transit_either,,
170759507001,1,,,no_transit_either,,
170759508001,1,,,no_transit_either,,
170759509002,1,,,no_transit_either,,
170770101002,1,,,no_transit_either,,
170770104001,1,,,no_transit_either,,
170770106024,1,,,no_transit_either,,
170770107005,1,,,no_transit_either,,
170770110022,1,,,no_transit_either,,
170770112002,1,,,no_transit_either,,
170770116002,1,,,no_transit_either,,
170770117011,1,,,no_transit_either,,
170810504001,1,,,no_transit_either,,
170810506001,1,,,no_transit_either,,
170810511001,1,,,no_transit_either,,
170830102001,1,,,no_transit_either,,
170830104011,1,,,no_transit_either,,
170830104012,1,,,no_transit_either,,
170850201012,2,,,no_transit_either,,
170850201023,1,,,no_transit_either,,
170850202001,3,,,no_transit_either,,
170850202003,2,,,no_transit_either,,
170879800001,1,,,no_transit_either,,
170898501011,4,,,no_transit_either,,
170898501012,10,,,no_transit_either,,
170898501013,1,,,no_transit_either,,
170898501014,9,,,no_transit_either,,
170898501031,11,,,no_transit_either,,
170898501032,8,,,no_transit_either,,
170898501033,8,,,no_transit_either,,
170898501051,9,,,no_transit_either,,
170898501052,7,,,no_transit_either,,
170898501053,8,,,no_transit_either,,
170898501054,11,,,no_transit_either,,
170898501061,5,,,no_transit_either,,
170898501062,4,,,no_transit_either,,
170898501063,18,,,no_transit_either,,
170898501064,5,,,no_transit_either,,
170898501065,7,,,no_transit_either,,
170898502011,11,,,no_transit_either,,
170898502012,2,,,no_transit_either,,
170898502021,3,,,no_transit_either,,
170898502022,12,79,79,both,0,0
170898502023,4,,,no_transit_either,,
170898503011,6,,,no_transit_either,,
170898503012,8,,,no_transit_either,,
170898503013,2,,,no_transit_either,,
170898503014,12,,,no_transit_either,,
170898503021,15,,,no_transit_either,,
170898503022,10,,,no_transit_either,,
170898504001,6,,,no_transit_either,,
170898504002,4,,,no_transit_either,,
170898505001,3,,,no_transit_either,,
170898505002,3,,,no_transit_either,,
170898505003,7,,,no_transit_either,,
170898505004,8,,,no_transit_either,,
170898506001,13,,,no_transit_either,,
170898506002,19,,,no_transit_either,,
170898506003,6,,,no_transit_either,,
170898507031,3,,,no_transit_either,,
170898507032,1,,,no_transit_either,,
170898507041,4,,,no_transit_either,,
170898507042,1,,,no_transit_either,,
170898507043,5,,,no_transit_either,,
170898507044,5,,,no_transit_either,,
170898507051,25,,,no_transit_either,,
170898507052,10,,,no_transit_either,,
170898507053,31,,,no_transit_either,,
170898507061,8,,,no_transit_either,,
170898507071,23,,,no_transit_either,,
170898507072,49,,,no_transit_either,,
170898507081,10,,,no_transit_either,,
170898507082,21,,,no_transit_either,,
170898507091,37,,,no_transit_either,,
170898507101,14,,,no_transit_either,,
170898507102,34,,,no_transit_either,,
170898507111,6,,,no_transit_either,,
170898507112,26,,,no_transit_either,,
170898508001,6,63,63,both,0,0
170898508002,6,81,81,both,0,0
170898508003,3,76,76,both,0,0
170898508004,2,78,78,both,0,0
170898508005,7,78,78,both,0,0
170898508006,6,81,81,both,0,0
170898510001,15,,,no_transit_either,,
170898510002,10,89,89,both,0,0
170898510003,7,,,no_transit_either,,
170898511011,5,81,81,both,0,0
170898511012,3,72,72,both,0,0
170898511013,3,82,82,both,0,0
170898511014,3,76,76,both,0,0
170898511021,5,76,76,both,0,0
170898511022,5,86,86,both,0,0
170898511023,6,82,82,both,0,0
170898513011,2,76,76,both,0,0
170898513012,8,77,77,both,0,0
170898513013,2,76,76,both,0,0
170898513021,3,78,78,both,0,0
170898513022,4,77,77,both,0,0
170898514001,3,,,no_transit_either,,
170898514002,6,77,77,both,0,0
170898514003,4,79,79,both,0,0
170898514004,7,79,79,both,0,0
170898514005,4,86,86,both,0,0
170898514006,3,,,no_transit_either,,
170898515001,4,,,no_transit_either,,
170898516001,8,73,73,both,0,0
170898516002,10,81,81,both,0,0
170898516003,2,,,no_transit_either,,
170898516004,7,87,87,both,0,0
170898516005,3,80,80,both,0,0
170898518011,9,,,no_transit_either,,
170898518012,8,,,no_transit_either,,
170898518013,7,,,no_transit_either,,
170898518014,9,,,no_transit_either,,
170898519041,8,84,84,both,0,0
170898519042,6,84,84,both,0,0
170898519043,6,,,no_transit_either,,
170898519044,9,,,no_transit_either,,
170898519071,4,,,no_transit_either,,
170898519072,11,,,no_transit_either,,
170898519073,11,,,no_transit_either,,
170898519074,9,,,no_transit_either,,
170898519075,8,,,no_transit_either,,
170898519081,7,,,no_transit_either,,
170898519082,4,88,88,both,0,0
170898519083,5,,,no_transit_either,,
170898519091,3,,,no_transit_either,,
170898519092,5,,,no_transit_either,,
170898519093,9,,,no_transit_either,,
170898519101,5,,,no_transit_either,,
170898519102,6,,,no_transit_either,,
170898519103,4,86,86,both,0,0
170898519111,11,,,no_transit_either,,
170898519112,11,,,no_transit_either,,
170898519121,10,,,no_transit_either,,
170898519122,8,,,no_transit_either,,
170898519131,9,,,no_transit_either,,
170898519132,4,,,no_transit_either,,
170898519133,17,,,no_transit_either,,
170898520011,1,,,no_transit_either,,
170898520012,5,,,no_transit_either,,
170898520013,12,,,no_transit_either,,
170898520014,3,,,no_transit_either,,
170898520021,8,,,no_transit_either,,
170898520022,2,,,no_transit_either,,
170898520023,9,,,no_transit_either,,
170898520024,7,,,no_transit_either,,
170898520042,11,,,no_transit_either,,
170898520051,16,,,no_transit_either,,
170898520052,9,,,no_transit_either,,
170898521011,6,,,no_transit_either,,
170898521012,3,,,no_transit_either,,
170898521013,4,,,no_transit_either,,
170898521014,3,,,no_transit_either,,
170898521015,4,,,no_transit_either,,
170898521031,4,,,no_transit_either,,
170898521032,2,,,no_transit_either,,
170898521033,7,,,no_transit_either,,
170898521034,5,,,no_transit_either,,
170898521035,7,,,no_transit_either,,
170898521041,10,,,no_transit_either,,
170898521042,6,,,no_transit_either,,
170898522011,6,,,no_transit_either,,
170898522012,1,,,no_transit_either,,
170898522013,5,,,no_transit_either,,
170898522014,7,,,no_transit_either,,
170898522031,7,,,no_transit_either,,
170898522032,4,,,no_transit_either,,
170898522033,12,,,no_transit_either,,
170898522041,11,,,no_transit_either,,
170898522042,6,,,no_transit_either,,
170898523001,4,,,no_transit_either,,
170898523002,4,,,no_transit_either,,
170898524031,4,,,no_transit_either,,
170898524032,4,,,no_transit_either,,
170898524033,5,,,no_transit_either,,
170898524035,2,,,no_transit_either,,
170898524041,3,,,no_transit_either,,
170898524042,5,,,no_transit_either,,
170898524051,3,,,no_transit_either,,
170898524052,3,,,no_transit_either,,
170898524061,6,,,no_transit_either,,
170898524062,3,,,no_transit_either,,
170898524071,5,,,no_transit_either,,
170898524072,8,,,no_transit_either,,
170898524073,4,,,no_transit_either,,
170898524081,4,,,no_transit_either,,
170898524082,10,,,no_transit_either,,
170898525001,3,,,no_transit_either,,
170898525002,1,,,no_transit_either,,
170898525003,5,,,no_transit_either,,
170898525004,12,,,no_transit_either,,
170898525005,6,,,no_transit_either,,
170898526061,9,,,no_transit_either,,
170898526062,8,,,no_transit_either,,
170898526071,4,,,no_transit_either,,
170898526072,2,,,no_transit_either,,
170898526081,3,,,no_transit_either,,
170898526082,3,,,no_transit_either,,
170898526083,6,,,no_transit_either,,
170898527001,3,,,no_transit_either,,
170898527002,2,,,no_transit_either,,
170898527003,8,,,no_transit_either,,
170898527004,4,,,no_transit_either,,
170898527005,3,,,no_transit_either,,
170898527006,7,,,no_transit_either,,
170898528031,8,,,no_transit_either,,
170898528032,9,,,no_transit_either,,
170898528051,9,,,no_transit_either,,
170898528053,7,,,no_transit_either,,
170898528061,1,,,no_transit_either,,
170898528062,8,,,no_transit_either,,
170898528063,9,,,no_transit_either,,
170898528064,8,,,no_transit_either,,
170898528071,8,,,no_transit_either,,
170898528072,8,,,no_transit_either,,
170898528073,8,,,no_transit_either,,
170898528081,3,,,no_transit_either,,
170898528082,7,,,no_transit_either,,
170898528083,5,,,no_transit_either,,
170898528084,7,,,no_transit_either,,
170898529031,1,,,no_transit_either,,
170898529032,2,,,no_transit_either,,
170898529033,2,,,no_transit_either,,
170898529034,2,,,no_transit_either,,
170898529041,2,,,no_transit_either,,
170898529042,3,,,no_transit_either,,
170898529051,3,,,no_transit_either,,
170898529052,4,,,no_transit_either,,
170898529053,4,,,no_transit_either,,
170898529061,3,,,no_transit_either,,
170898529063,4,,,no_transit_either,,
170898529071,1,,,no_transit_either,,
170898529072,2,,,no_transit_either,,
170898529073,1,,,no_transit_either,,
170898529074,2,,,no_transit_either,,
170898530011,2,,,no_transit_either,,
170898530012,4,,,no_transit_either,,
170898530041,2,,,no_transit_either,,
170898530043,2,,,no_transit_either,,
170898530051,3,,,no_transit_either,,
170898530052,2,,,no_transit_either,,
170898530053,3,,,no_transit_either,,
170898530061,2,,,no_transit_either,,
170898530063,1,,,no_transit_either,,
170898530071,5,,,no_transit_either,,
170898530072,3,,,no_transit_either,,
170898530073,2,,,no_transit_either,,
170898530081,2,,,no_transit_either,,
170898530082,1,,,no_transit_either,,
170898531001,3,,,no_transit_either,,
170898532001,2,,,no_transit_either,,
170898532002,3,,,no_transit_either,,
170898532003,2,,,no_transit_either,,
170898533001,1,,,no_transit_either,,
170898533003,2,,,no_transit_either,,
170898534011,1,,,no_transit_either,,
170898534012,4,,,no_transit_either,,
170898534022,1,,,no_transit_either,,
170898535001,1,,,no_transit_either,,
170898535002,3,,,no_transit_either,,
170898535004,1,,,no_transit_either,,
170898536012,1,,,no_transit_either,,
170898536021,1,,,no_transit_either,,
170898536022,4,,,no_transit_either,,
170898539001,3,,,no_transit_either,,
170898539002,4,,,no_transit_either,,
170898539003,4,,,no_transit_either,,
170898539004,2,,,no_transit_either,,
170898539005,7,,,no_transit_either,,
170898540011,6,,,no_transit_either,,
170898540012,1,,,no_transit_either,,
170898540013,1,,,no_transit_either,,
170898540021,1,,,no_transit_either,,
170898540022,1,,,no_transit_either,,
170898540023,2,,,no_transit_either,,
170898540024,3,,,no_transit_either,,
170898541001,4,,,no_transit_either,,
170898541004,1,,,no_transit_either,,
170898542002,1,,,no_transit_either,,
170898542003,2,,,no_transit_either,,
170898543011,1,,,no_transit_either,,
170898543013,2,,,no_transit_either,,
170898543014,3,,,no_transit_either,,
170898543023,1,,,no_transit_either,,
170898544011,4,,,no_transit_either,,
170898544012,3,,,no_transit_either,,
170898544021,1,,,no_transit_either,,
170898544022,3,,,no_transit_either,,
170898544031,7,,,no_transit_either,,
170898544032,3,,,no_transit_either,,
170898544033,3,,,no_transit_either,,
170898545041,7,,,no_transit_either,,
170898545042,5,,,no_transit_either,,
170898545043,4,,,no_transit_either,,
170898545044,6,,,no_transit_either,,
170898545045,5,,,no_transit_either,,
170898545051,6,,,no_transit_either,,
170898545052,2,,,no_transit_either,,
170898545053,6,,,no_transit_either,,
170898545054,4,,,no_transit_either,,
170898545055,10,,,no_transit_either,,
170898545061,2,,,no_transit_either,,
170898545062,7,,,no_transit_either,,
170898545071,10,,,no_transit_either,,
170898545072,6,,,no_transit_either,,
170898545081,12,,,no_transit_either,,
170898545082,4,,,no_transit_either,,
170898545083,6,,,no_transit_either,,
170898545091,7,,,no_transit_either,,
170898545092,9,,,no_transit_either,,
170898545093,6,,,no_transit_either,,
170898546001,5,75,75,both,0,0
170898546002,3,72,72,both,0,0
170898546003,1,81,81,both,0,0
170898547001,1,,,no_transit_either,,
170898547002,2,,,no_transit_either,,
170898548001,8,,,no_transit_either,,
170898548002,4,,,no_transit_either,,
170898548003,7,,,no_transit_either,,
170898548004,8,,,no_transit_either,,
170898549001,4,,,no_transit_either,,
170898549002,8,,,no_transit_either,,
170898549003,7,81,81,both,0,0
170910102011,1,,,no_transit_either,,
170910102032,2,,,no_transit_either,,
170910102033,1,,,no_transit_either,,
170910102041,2,,,no_transit_either,,
170910102043,1,,,no_transit_either,,
170910102044,2,,,no_transit_either,,
170910103003,1,,,no_transit_either,,
170910104001,1,,,no_transit_either,,
170910104003,4,,,no_transit_either,,
170910105001,2,,,no_transit_either,,
170910105003,2,,,no_transit_either,,
170910106011,1,,,no_transit_either,,
170910106012,3,,,no_transit_either,,
170910106021,1,,,no_transit_either,,
170910106022,1,,,no_transit_either,,
170910106023,1,,,no_transit_either,,
170910107011,5,,,no_transit_either,,
170910107012,1,,,no_transit_either,,
170910107013,2,,,no_transit_either,,
170910107024,1,,,no_transit_either,,
170910109001,2,,,no_transit_either,,
170910109002,1,,,no_transit_either,,
170910109003,1,,,no_transit_either,,
170910109004,2,,,no_transit_either,,
170910110002,2,,,no_transit_either,,
170910111001,1,,,no_transit_either,,
170910112001,1,,,no_transit_either,,
170910112002,3,,,no_transit_either,,
170910114001,2,,,no_transit_either,,
170910115001,1,,,no_transit_either,,
170910115002,1,,,no_transit_either,,
170910117001,1,,,no_transit_either,,
170910117003,1,,,no_transit_either,,
170910118001,1,,,no_transit_either,,
170910118002,1,,,no_transit_either,,
170910119001,1,,,no_transit_either,,
170910121001,1,,,no_transit_either,,
170910121002,1,,,no_transit_either,,
170910121003,2,,,no_transit_either,,
170910122001,1,,,no_transit_either,,
170910122002,1,,,no_transit_either,,
170910122003,1,,,no_transit_either,,
170910123001,1,,,no_transit_either,,
170910123002,1,,,no_transit_either,,
170910123003,2,,,no_transit_either,,
170910123004,3,,,no_transit_either,,
170910124003,2,,,no_transit_either,,
170910125002,1,,,no_transit_either,,
170910126001,1,,,no_transit_either,,
170910126002,1,,,no_transit_either,,
170910126004,1,,,no_transit_either,,
170938901031,13,,,no_transit_either,,
170938901032,16,,,no_transit_either,,
170938901041,11,,,no_transit_either,,
170938901042,14,,,no_transit_either,,
170938901043,12,,,no_transit_either,,
170938901051,11,,,no_transit_either,,
170938901052,12,,,no_transit_either,,
170938901053,12,,,no_transit_either,,
170938901061,5,,,no_transit_either,,
170938901062,4,,,no_transit_either,,
170938901063,7,,,no_transit_either,,
170938901064,5,,,no_transit_either,,
170938901071,3,,,no_transit_either,,
170938901072,10,,,no_transit_either,,
170938901081,3,,,no_transit_either,,
170938901082,8,,,no_transit_either,,
170938901083,3,,,no_transit_either,,
170938902011,4,,,no_transit_either,,
170938902012,5,,,no_transit_either,,
170938902013,2,,,no_transit_either,,
170938902021,3,,,no_transit_either,,
170938902022,2,,,no_transit_either,,
170938903011,10,,,no_transit_either,,
170938903012,7,,,no_transit_either,,
170938903013,6,,,no_transit_either,,
170938903021,5,,,no_transit_either,,
170938903022,2,,,no_transit_either,,
170938903023,4,,,no_transit_either,,
170938903024,4,,,no_transit_either,,
170938904011,7,,,no_transit_either,,
170938904012,9,,,no_transit_either,,
170938904013,12,,,no_transit_either,,
170938904021,10,,,no_transit_either,,
170938904022,16,,,no_transit_either,,
170938904023,2,,,no_transit_either,,
170938904024,2,,,no_transit_either,,
170938904031,7,,,no_transit_either,,
170938904032,6,,,no_transit_either,,
170938904033,7,,,no_transit_either,,
170938904041,1,,,no_transit_either,,
170938904042,8,,,no_transit_either,,
170938904043,5,,,no_transit_either,,
170938905011,1,,,no_transit_either,,
170938905013,19,,,no_transit_either,,
170938905021,9,,,no_transit_either,,
170938905022,4,,,no_transit_either,,
170938905023,8,,,no_transit_either,,
170938906011,2,,,no_transit_either,,
170938906012,3,,,no_transit_either,,
170938906013,5,,,no_transit_either,,
170938906021,15,,,no_transit_either,,
170938906022,2,,,no_transit_either,,
170938907011,14,,,no_transit_either,,
170938907012,10,,,no_transit_either,,
170938907013,10,,,no_transit_either,,
170938907021,1,,,no_transit_either,,
170938907022,6,,,no_transit_either,,
170938907023,20,,,no_transit_either,,
170938907031,9,,,no_transit_either,,
170938907032,13,,,no_transit_either,,
170938907033,2,,,no_transit_either,,
170938907034,2,,,no_transit_either,,
170938907035,2,,,no_transit_either,,
170950001003,1,,,no_transit_either,,
170950002002,1,,,no_transit_either,,
170950004001,2,,,no_transit_either,,
170950005005,2,,,no_transit_either,,
170950006001,1,,,no_transit_either,,
170950008001,1,,,no_transit_either,,
170950009001,1,,,no_transit_either,,
170950010001,1,,,no_transit_either,,
170950011002,1,,,no_transit_either,,
170950013002,1,,,no_transit_either,,
170950016002,2,,,no_transit_either,,
170950016004,1,,,no_transit_either,,
170978601032,1,,,no_transit_either,,
170978601033,3,,,no_transit_either,,
170978601041,5,,,no_transit_either,,
170978601042,1,,,no_transit_either,,
170978601051,4,,,no_transit_either,,
170978601052,2,,,no_transit_either,,
170978601053,2,,,no_transit_either,,
170978601062,2,,,no_transit_either,,
170978602001,1,,,no_transit_either,,
170978602002,1,,,no_transit_either,,
170978602003,1,,,no_transit_either,,
170978603012,4,,,no_transit_either,,
170978603022,1,,,no_transit_either,,
170978603023,1,,,no_transit_either,,
170978604001,1,,,no_transit_either,,
170978604002,2,,,no_transit_either,,
170978605001,1,,,no_transit_either,,
170978605002,1,,,no_transit_either,,
170978605004,3,,,no_transit_either,,
170978605005,3,,,no_transit_either,,
170978606001,2,,,no_transit_either,,
170978606002,2,,,no_transit_either,,
170978606003,4,,,no_transit_either,,
170978608051,5,,,no_transit_either,,
170978608061,7,,,no_transit_either,,
170978608062,6,,,no_transit_either,,
170978608063,1,,,no_transit_either,,
170978608071,3,,,no_transit_either,,
170978608072,5,,,no_transit_either,,
170978608082,3,,,no_transit_either,,
170978608083,1,,,no_transit_either,,
170978608084,1,,,no_transit_either,,
170978608091,4,,,no_transit_either,,
170978608092,2,,,no_transit_either,,
170978608111,5,,,no_transit_either,,
170978608112,6,,,no_transit_either,,
170978608113,5,,,no_transit_either,,
170978608121,2,,,no_transit_either,,
170978608122,11,,,no_transit_either,,
170978608131,5,,,no_transit_either,,
170978608132,3,,,no_transit_either,,
170978609031,13,,,no_transit_either,,
170978609032,3,,,no_transit_either,,
170978609033,5,,,no_transit_either,,
170978609034,1,,,no_transit_either,,
170978609051,5,,,no_transit_either,,
170978609052,1,,,no_transit_either,,
170978609053,3,,,no_transit_either,,
170978609054,1,,,no_transit_either,,
170978609061,7,,,no_transit_either,,
170978609062,13,,,no_transit_either,,
170978609063,10,,,no_transit_either,,
170978609071,2,,,no_transit_either,,
170978609072,9,,,no_transit_either,,
170978609081,5,,,no_transit_either,,
170978610071,6,,,no_transit_either,,
170978610072,3,,,no_transit_either,,
170978610081,4,,,no_transit_either,,
170978610082,4,,,no_transit_either,,
170978610083,4,,,no_transit_either,,
170978610084,5,,,no_transit_either,,
170978610091,10,,,no_transit_either,,
170978610092,5,,,no_transit_either,,
170978610101,5,,,no_transit_either,,
170978610102,3,,,no_transit_either,,
170978610103,6,,,no_transit_either,,
170978610111,5,,,no_transit_either,,
170978610112,9,,,no_transit_either,,
170978610113,4,,,no_transit_either,,
170978610114,2,,,no_transit_either,,
170978610121,9,,,no_transit_either,,
170978610122,4,,,no_transit_either,,
170978610123,1,,,no_transit_either,,
170978610131,6,,,no_transit_either,,
170978610141,5,,,no_transit_either,,
170978610142,4,,,no_transit_either,,
170978611051,1,,,no_transit_either,,
170978611052,3,,,no_transit_either,,
170978611061,3,,,no_transit_either,,
170978611062,6,,,no_transit_either,,
170978611063,1,,,no_transit_either,,
170978611064,6,,,no_transit_either,,
170978611071,1,,,no_transit_either,,
170978611072,9,,,no_transit_either,,
170978611081,9,,,no_transit_either,,
170978611082,4,,,no_transit_either,,
170978611083,9,,,no_transit_either,,
170978612011,6,,,no_transit_either,,
170978612012,1,,,no_transit_either,,
170978612013,3,,,no_transit_either,,
170978612014,4,,,no_transit_either,,
170978612021,3,,,no_transit_either,,
170978612022,1,,,no_transit_either,,
170978613011,10,,,no_transit_either,,
170978613012,6,,,no_transit_either,,
170978613031,8,,,no_transit_either,,
170978613032,1,,,no_transit_either,,
170978613033,3,,,no_transit_either,,
170978613041,4,,,no_transit_either,,
170978613042,3,,,no_transit_either,,
170978614021,9,,,no_transit_either,,
170978614022,8,,,no_transit_either,,
170978614023,3,,,no_transit_either,,
170978614024,3,,,no_transit_either,,
170978614031,1,,,no_transit_either,,
170978614032,2,,,no_transit_either,,
170978614041,3,,,no_transit_either,,
170978614042,3,,,no_transit_either,,
170978614043,2,,,no_transit_either,,
170978614044,3,,,no_transit_either,,
170978615041,5,,,no_transit_either,,
170978615042,5,,,no_transit_either,,
170978615043,12,,,no_transit_either,,
170978615044,8,,,no_transit_either,,
170978615051,10,,,no_transit_either,,
170978615052,4,,,no_transit_either,,
170978615061,8,,,no_transit_either,,
170978615062,3,,,no_transit_either,,
170978615071,4,,,no_transit_either,,
170978615081,9,,,no_transit_either,,
170978615082,3,,,no_transit_either,,
170978615091,4,,,no_transit_either,,
170978615092,5,,,no_transit_either,,
170978615101,2,,,no_transit_either,,
170978615102,2,,,no_transit_either,,
170978615103,5,,,no_transit_either,,
170978616031,4,,,no_transit_either,,
170978616032,5,,,no_transit_either,,
170978616041,2,,,no_transit_either,,
170978616042,3,,,no_transit_either,,
170978616043,4,,,no_transit_either,,
170978616044,5,,,no_transit_either,,
170978616071,7,,,no_transit_either,,
170978616072,8,,,no_transit_either,,
170978616073,4,,,no_transit_either,,
170978616081,1,,,no_transit_either,,
170978616082,3,,,no_transit_either,,
170978616091,5,,,no_transit_either,,
170978616092,6,,,no_transit_either,,
170978616101,1,,,no_transit_either,,
170978616102,5,,,no_transit_either,,
170978616111,4,,,no_transit_either,,
170978616112,6,,,no_transit_either,,
170978616113,2,,,no_transit_either,,
170978617011,6,,,no_transit_either,,
170978617022,4,,,no_transit_either,,
170978617023,2,,,no_transit_either,,
170978618031,1,,,no_transit_either,,
170978618034,3,,,no_transit_either,,
170978618041,2,,,no_transit_either,,
170978618042,1,,,no_transit_either,,
170978619011,3,,,no_transit_either,,
170978619012,4,,,no_transit_either,,
170978619013,1,,,no_transit_either,,
170978619021,5,,,no_transit_either,,
170978619022,1,,,no_transit_either,,
170978619023,4,,,no_transit_either,,
170978619024,1,,,no_transit_either,,
170978620001,1,,,no_transit_either,,
170978620002,1,,,no_transit_either,,
170978620003,5,,,no_transit_either,,
170978621001,1,,,no_transit_either,,
170978621004,1,,,no_transit_either,,
170978622001,1,,,no_transit_either,,
170978622002,2,,,no_transit_either,,
170978622003,1,,,no_transit_either,,
170978623001,1,,,no_transit_either,,
170978623002,2,,,no_transit_either,,
170978623003,1,,,no_transit_either,,
170978624011,1,,,no_transit_either,,
170978624012,4,,,no_transit_either,,
170978624021,1,,,no_transit_either,,
170978625011,4,,,no_transit_either,,
170978625012,3,,,no_transit_either,,
170978625021,6,,,no_transit_either,,
170978626031,3,,,no_transit_either,,
170978626033,3,,,no_transit_either,,
170978626035,1,,,no_transit_either,,
170978626041,2,,,no_transit_either,,
170978626042,4,,,no_transit_either,,
170978626043,1,,,no_transit_either,,
170978626051,1,,,no_transit_either,,
170978626052,2,,,no_transit_either,,
170978626053,1,,,no_transit_either,,
170978627002,3,,,no_transit_either,,
170978628001,4,,,no_transit_either,,
170978629011,2,,,no_transit_either,,
170978629013,2,,,no_transit_either,,
170978629021,1,,,no_transit_either,,
170978629022,2,,,no_transit_either,,
170978630031,7,,,no_transit_either,,
170978630041,3,,,no_transit_either,,
170978630042,2,,,no_transit_either,,
170978630043,1,,,no_transit_either,,
170978630044,2,,,no_transit_either,,
170978631001,1,,,no_transit_either,,
170978631002,8,,,no_transit_either,,
170978632012,2,,,no_transit_either,,
170978632013,6,,,no_transit_either,,
170978632021,3,,,no_transit_either,,
170978632022,5,,,no_transit_either,,
170978632023,6,,,no_transit_either,,
170978632024,3,,,no_transit_either,,
170978633001,5,,,no_transit_either,,
170978633002,7,,,no_transit_either,,
170978634001,2,,,no_transit_either,,
170978634002,2,,,no_transit_either,,
170978634003,6,,,no_transit_either,,
170978635001,1,,,no_transit_either,,
170978635002,2,,,no_transit_either,,
170978635003,7,,,no_transit_either,,
170978636011,8,,,no_transit_either,,
170978636012,4,,,no_transit_either,,
170978636031,6,,,no_transit_either,,
170978636032,4,,,no_transit_either,,
170978636041,7,,,no_transit_either,,
170978636042,11,,,no_transit_either,,
170978637011,4,,,no_transit_either,,
170978637012,5,,,no_transit_either,,
170978637013,5,,,no_transit_either,,
170978637021,5,,,no_transit_either,,
170978637022,9,,,no_transit_either,,
170978638011,9,,,no_transit_either,,
170978638012,5,,,no_transit_either,,
170978639021,6,,,no_transit_either,,
170978639022,3,,,no_transit_either,,
170978639023,11,,,no_transit_either,,
170978639031,2,,,no_transit_either,,
170978639032,3,,,no_transit_either,,
170978639033,6,,,no_transit_either,,
170978639041,16,,,no_transit_either,,
170978639042,5,,,no_transit_either,,
170978640011,6,,,no_transit_either,,
170978640012,10,,,no_transit_either,,
170978640013,9,,,no_transit_either,,
170978640021,3,,,no_transit_either,,
170978640022,5,,,no_transit_either,,
170978640023,7,,,no_transit_either,,
170978640024,2,,,no_transit_either,,
170978641051,9,,,no_transit_either,,
170978641052,7,,,no_transit_either,,
170978641053,5,,,no_transit_either,,
170978641061,4,,,no_transit_either,,
170978641062,5,,,no_transit_either,,
170978641063,5,,,no_transit_either,,
170978641071,10,,,no_transit_either,,
170978641072,11,,,no_transit_either,,
170978641081,14,,,no_transit_either,,
170978641082,7,,,no_transit_either,,
170978641083,7,,,no_transit_either,,
170978641091,17,,,no_transit_either,,
170978641092,13,,,no_transit_either,,
170978641101,9,,,no_transit_either,,
170978641102,6,,,no_transit_either,,
170978641103,4,,,no_transit_either,,
170978642031,4,,,no_transit_either,,
170978642032,9,,,no_transit_either,,
170978642041,3,,,no_transit_either,,
170978642042,5,,,no_transit_either,,
170978642043,7,,,no_transit_either,,
170978642061,7,,,no_transit_either,,
170978642062,3,,,no_transit_either,,
170978642071,6,,,no_transit_either,,
170978642072,15,,,no_transit_either,,
170978642073,12,,,no_transit_either,,
170978642081,6,,,no_transit_either,,
170978642082,9,,,no_transit_either,,
170978643031,8,,,no_transit_either,,
170978643032,4,,,no_transit_either,,
170978643033,10,,,no_transit_either,,
170978643051,9,,,no_transit_either,,
170978643052,5,,,no_transit_either,,
170978643053,2,,,no_transit_either,,
170978643061,3,,,no_transit_either,,
170978643062,3,,,no_transit_either,,
170978643071,12,,,no_transit_either,,
170978643081,8,,,no_transit_either,,
170978643082,3,84,84,both,0,0
170978643083,11,,,no_transit_either,,
170978644021,19,,,no_transit_either,,
170978644022,8,,,no_transit_either,,
170978644023,10,,,no_transit_either,,
170978644031,5,,,no_transit_either,,
170978644032,9,,,no_transit_either,,
170978644033,15,,,no_transit_either,,
170978644071,28,,,no_transit_either,,
170978644072,14,,,no_transit_either,,
170978644081,7,,,no_transit_either,,
170978644082,15,,,no_transit_either,,
170978644083,12,,,no_transit_either,,
170978644091,7,,,no_transit_either,,
170978644092,13,,,no_transit_either,,
170978644093,7,,,no_transit_either,,
170978644101,12,,,no_transit_either,,
170978644102,18,,,no_transit_either,,
170978644111,11,,,no_transit_either,,
170978644112,15,,,no_transit_either,,
170978644113,5,,,no_transit_either,,
170978644121,15,,,no_transit_either,,
170978644122,15,,,no_transit_either,,
170978645101,4,,,no_transit_either,,
170978645102,7,,,no_transit_either,,
170978645111,7,,,no_transit_either,,
170978645112,14,,,no_transit_either,,
170978645113,1,,,no_transit_either,,
170978645114,4,,,no_transit_either,,
170978645121,7,,,no_transit_either,,
170978645122,4,,,no_transit_either,,
170978645131,13,,,no_transit_either,,
170978645132,6,,,no_transit_either,,
170978645133,6,,,no_transit_either,,
170978645134,6,,,no_transit_either,,
170978645141,18,,,no_transit_either,,
170978645151,6,,,no_transit_either,,
170978645152,1,,,no_transit_either,,
170978645161,9,,,no_transit_either,,
170978645162,8,,,no_transit_either,,
170978645163,10,,,no_transit_either,,
170978645171,12,,,no_transit_either,,
170978645172,4,,,no_transit_either,,
170978645181,7,,,no_transit_either,,
170978645182,9,,,no_transit_either,,
170978645183,4,,,no_transit_either,,
170978645184,5,,,no_transit_either,,
170978645191,12,,,no_transit_either,,
170978645192,9,,,no_transit_either,,
170978645201,11,,,no_transit_either,,
170978645202,10,51,51,both,0,0
170978645203,16,,,no_transit_either,,
170978645211,4,,,no_transit_either,,
170978645212,8,,,no_transit_either,,
170978645221,12,,,no_transit_either,,
170978645222,8,,,no_transit_either,,
170978645223,8,,,no_transit_either,,
170978645231,8,,,no_transit_either,,
170978645232,12,,,no_transit_either,,
170978645241,12,,,no_transit_either,,
170978645242,12,56,56,both,0,0
170978646011,8,,,no_transit_either,,
170978646012,8,,,no_transit_either,,
170978646021,13,,,no_transit_either,,
170978646022,5,,,no_transit_either,,
170978647001,1,,,no_transit_either,,
170978647002,6,,,no_transit_either,,
170978647003,6,,,no_transit_either,,
170978648011,4,,,no_transit_either,,
170978648012,1,,,no_transit_either,,
170978648013,2,,,no_transit_either,,
170978648014,3,,,no_transit_either,,
170978648021,13,,,no_transit_either,,
170978649011,16,,,no_transit_either,,
170978649012,9,,,no_transit_either,,
170978649031,5,,,no_transit_either,,
170978649032,4,,,no_transit_either,,
170978649033,2,89,89,both,0,0
170978649041,2,,,no_transit_either,,
170978649042,4,,,no_transit_either,,
170978650001,10,,,no_transit_either,,
170978652002,3,,,no_transit_either,,
170978652003,5,,,no_transit_either,,
170978652004,8,,,no_transit_either,,
170978653001,4,,,no_transit_either,,
170978653002,4,,,no_transit_either,,
170978653003,4,,,no_transit_either,,
170978654001,4,,,no_transit_either,,
170978654002,1,,,no_transit_either,,
170978654003,4,,,no_transit_either,,
170978654004,3,,,no_transit_either,,
170978655011,3,,,no_transit_either,,
170978655021,1,,,no_transit_either,,
170978655022,6,,,no_transit_either,,
170978656002,1,,,no_transit_either,,
170978656003,1,,,no_transit_either,,
170978656004,3,,,no_transit_either,,
170978657001,4,,,no_transit_either,,
170978657002,5,,,no_transit_either,,
170978657003,1,,,no_transit_either,,
170978657004,5,,,no_transit_either,,
170978658011,1,,,no_transit_either,,
170978658012,6,,,no_transit_either,,
170978658021,14,,,no_transit_either,,
170978660001,4,,,no_transit_either,,
170978660002,7,,,no_transit_either,,
170978660003,2,,,no_transit_either,,
170978660004,1,,,no_transit_either,,
170978660005,11,,,no_transit_either,,
170978661001,2,,,no_transit_either,,
170978661002,2,,,no_transit_either,,
170978662001,13,,,no_transit_either,,
170978662002,5,,,no_transit_either,,
170978662003,6,,,no_transit_either,,
170999617011,1,,,no_transit_either,,
170999617012,2,,,no_transit_either,,
170999617013,1,,,no_transit_either,,
170999617014,2,,,no_transit_either,,
170999617021,1,,,no_transit_either,,
170999618001,1,,,no_transit_either,,
170999618002,1,,,no_transit_either,,
170999619002,3,,,no_transit_either,,
170999619003,2,,,no_transit_either,,
170999620001,2,,,no_transit_either,,
170999620004,1,,,no_transit_either,,
170999621001,1,,,no_transit_either,,
170999621003,2,,,no_transit_either,,
170999621004,2,,,no_transit_either,,
170999623001,2,,,no_transit_either,,
170999623003,1,,,no_transit_either,,
170999624001,3,,,no_transit_either,,
170999624003,1,,,no_transit_either,,
170999625001,1,,,no_transit_either,,
170999626001,3,,,no_transit_either,,
170999626002,1,,,no_transit_either,,
170999626003,2,,,no_transit_either,,
170999628003,1,,,no_transit_either,,
170999629004,1,,,no_transit_either,,
170999630002,1,,,no_transit_either,,
170999632002,2,,,no_transit_either,,
170999633002,1,,,no_transit_either,,
170999633003,1,,,no_transit_either,,
170999634001,1,,,no_transit_either,,
170999634002,1,,,no_transit_either,,
170999634003,1,,,no_transit_either,,
170999634004,1,,,no_transit_either,,
170999635001,3,,,no_transit_either,,
170999635002,2,,,no_transit_either,,
170999635003,2,,,no_transit_either,,
170999635004,2,,,no_transit_either,,
170999636001,1,,,no_transit_either,,
170999637003,1,,,no_transit_either,,
170999637004,1,,,no_transit_either,,
170999637005,1,,,no_transit_either,,
170999639002,2,,,no_transit_either,,
170999639003,1,,,no_transit_either,,
170999640001,1,,,no_transit_either,,
170999641001,1,,,no_transit_either,,
170999641003,2,,,no_transit_either,,
170999641004,3,,,no_transit_either,,
170999643001,1,,,no_transit_either,,
170999643002,1,,,no_transit_either,,
171018811003,2,,,no_transit_either,,
171030001004,1,,,no_transit_either,,
171030002001,2,,,no_transit_either,,
171030003002,1,,,no_transit_either,,
171030003004,1,,,no_transit_either,,
171030004001,6,,,no_transit_either,,
171030004003,1,,,no_transit_either,,
171030004004,1,,,no_transit_either,,
171030004005,1,,,no_transit_either,,
171030005002,1,,,no_transit_either,,
171030005003,4,,,no_transit_either,,
171030007002,1,,,no_transit_either,,
171030008001,3,,,no_transit_either,,
171030008002,2,,,no_transit_either,,
171030008004,2,,,no_transit_either,,
171030009001,1,,,no_transit_either,,
171030009002,1,,,no_transit_either,,
171030009004,2,,,no_transit_either,,
171059602001,2,,,no_transit_either,,
171059602002,2,,,no_transit_either,,
171059603003,1,,,no_transit_either,,
171059605001,1,,,no_transit_either,,
171059605002,1,,,no_transit_either,,
171059605003,1,,,no_transit_either,,
171059605004,2,,,no_transit_either,,
171059607001,1,,,no_transit_either,,
171059608002,2,,,no_transit_either,,
171079529003,1,,,no_transit_either,,
171079530001,2,,,no_transit_either,,
171079532002,1,,,no_transit_either,,
171079533001,1,,,no_transit_either,,
171079534003,1,,,no_transit_either,,
171079535003,1,,,no_transit_either,,
171090101004,1,,,no_transit_either,,
171090102002,1,,,no_transit_either,,
171090103002,1,,,no_transit_either,,
171090104012,1,,,no_transit_either,,
171090107001,1,,,no_transit_either,,
171090109003,1,,,no_transit_either,,
171090110002,1,,,no_transit_either,,
171118701031,2,,,no_transit_either,,
171118701032,2,,,no_transit_either,,
171118701041,4,,,no_transit_either,,
171118701042,4,,,no_transit_either,,
171118701043,5,,,no_transit_either,,
171118701051,6,,,no_transit_either,,
171118701052,2,,,no_transit_either,,
171118701062,7,,,no_transit_either,,
171118702001,10,,,no_transit_either,,
171118702002,4,,,no_transit_either,,
171118702003,8,,,no_transit_either,,
171118702004,4,,,no_transit_either,,
171118703011,14,,,no_transit_either,,
171118703012,5,,,no_transit_either,,
171118703013,8,,,no_transit_either,,
171118703021,1,,,no_transit_either,,
171118703022,2,,,no_transit_either,,
171118704021,6,,,no_transit_either,,
171118704022,3,,,no_transit_either,,
171118704023,7,,,no_transit_either,,
171118704031,8,,,no_transit_either,,
171118704032,6,,,no_transit_either,,
171118704041,11,,,no_transit_either,,
171118704042,5,,,no_transit_either,,
171118705011,6,,,no_transit_either,,
171118705012,4,,,no_transit_either,,
171118705021,4,,,no_transit_either,,
171118705023,3,,,no_transit_either,,
171118705024,2,,,no_transit_either,,
171118706031,5,,,no_transit_either,,
171118706032,8,,,no_transit_either,,
171118706041,6,,,no_transit_either,,
171118706042,6,,,no_transit_either,,
171118706043,6,,,no_transit_either,,
171118706051,3,,,no_transit_either,,
171118706052,2,,,no_transit_either,,
171118706053,2,,,no_transit_either,,
171118706054,2,,,no_transit_either,,
171118706061,4,,,no_transit_either,,
171118706062,4,,,no_transit_either,,
171118706063,4,,,no_transit_either,,
171118707021,7,,,no_transit_either,,
171118707022,8,,,no_transit_either,,
171118707023,1,,,no_transit_either,,
171118707024,6,,,no_transit_either,,
171118707031,2,,,no_transit_either,,
171118707032,4,,,no_transit_either,,
171118707033,5,,,no_transit_either,,
171118707034,7,,,no_transit_either,,
171118707041,3,,,no_transit_either,,
171118707042,3,,,no_transit_either,,
171118707043,2,,,no_transit_either,,
171118707044,1,,,no_transit_either,,
171118708071,7,,,no_transit_either,,
171118708072,1,,,no_transit_either,,
171118708073,5,,,no_transit_either,,
171118708081,13,,,no_transit_either,,
171118708082,4,,,no_transit_either,,
171118708091,2,,,no_transit_either,,
171118708092,8,,,no_transit_either,,
171118708093,5,,,no_transit_either,,
171118708094,2,,,no_transit_either,,
171118708101,2,,,no_transit_either,,
171118708102,4,,,no_transit_either,,
171118708103,3,,,no_transit_either,,
171118708111,5,,,no_transit_either,,
171118708112,2,,,no_transit_either,,
171118708113,5,,,no_transit_either,,
171118708121,8,,,no_transit_either,,
171118708122,1,,,no_transit_either,,
171118708123,6,,,no_transit_either,,
171118708124,4,,,no_transit_either,,
171118708131,9,,,no_transit_either,,
171118708133,3,,,no_transit_either,,
171118708141,9,,,no_transit_either,,
171118708142,6,,,no_transit_either,,
171118709031,7,,,no_transit_either,,
171118709033,4,,,no_transit_either,,
171118709041,3,,,no_transit_either,,
171118709042,8,,,no_transit_either,,
171118709043,8,,,no_transit_either,,
171118709051,6,,,no_transit_either,,
171118709052,4,,,no_transit_either,,
171118709053,2,,,no_transit_either,,
171118709061,5,,,no_transit_either,,
171118709062,2,,,no_transit_either,,
171118709063,3,,,no_transit_either,,
171118709071,3,,,no_transit_either,,
171118709072,3,,,no_transit_either,,
171118710031,2,,,no_transit_either,,
171118710032,2,,,no_transit_either,,
171118710033,5,,,no_transit_either,,
171118710041,10,,,no_transit_either,,
171118710042,4,,,no_transit_either,,
171118710043,5,,,no_transit_either,,
171118710044,3,,,no_transit_either,,
171118711051,9,,,no_transit_either,,
171118711052,8,,,no_transit_either,,
171118711053,5,,,no_transit_either,,
171118711054,5,,,no_transit_either,,
171118711071,10,,,no_transit_either,,
171118711072,3,,,no_transit_either,,
171118711073,20,,,no_transit_either,,
171118711081,9,,,no_transit_either,,
171118711082,8,,,no_transit_either,,
171118711083,13,,,no_transit_either,,
171118711091,12,,,no_transit_either,,
171118711092,5,,,no_transit_either,,
171118711093,12,,,no_transit_either,,
171118711101,6,,,no_transit_either,,
171118711102,16,,,no_transit_either,,
171118711111,7,,,no_transit_either,,
171118711112,13,,,no_transit_either,,
171118711113,9,,,no_transit_either,,
171118711121,7,,,no_transit_either,,
171118711122,9,,,no_transit_either,,
171118711123,12,,,no_transit_either,,
171118711131,16,,,no_transit_either,,
171118711132,12,,,no_transit_either,,
171118711141,10,,,no_transit_either,,
171118711142,14,,,no_transit_either,,
171118711143,6,,,no_transit_either,,
171118711151,11,,,no_transit_either,,
171118711152,10,,,no_transit_either,,
171118712011,6,,,no_transit_either,,
171118712012,12,,,no_transit_either,,
171118712013,2,,,no_transit_either,,
171118712014,11,,,no_transit_either,,
171118712021,10,,,no_transit_either,,
171118712022,13,,,no_transit_either,,
171118712023,12,,,no_transit_either,,
171118712024,5,,,no_transit_either,,
171118712051,9,,,no_transit_either,,
171118712052,11,,,no_transit_either,,
171118712053,4,,,no_transit_either,,
171118712061,7,,,no_transit_either,,
171118712062,3,,,no_transit_either,,
171118712063,5,,,no_transit_either,,
171118712064,13,,,no_transit_either,,
171118712071,14,,,no_transit_either,,
171118712072,11,,,no_transit_either,,
171118712073,3,,,no_transit_either,,
171118712081,11,,,no_transit_either,,
171118712082,5,,,no_transit_either,,
171118712091,5,,,no_transit_either,,
171118712092,14,,,no_transit_either,,
171118712093,2,,,no_transit_either,,
171118713011,8,,,no_transit_either,,
171118713012,3,,,no_transit_either,,
171118713013,11,,,no_transit_either,,
171118713014,8,,,no_transit_either,,
171118713041,11,,,no_transit_either,,
171118713042,3,,,no_transit_either,,
171118713051,10,,,no_transit_either,,
171118713052,9,,,no_transit_either,,
171118713053,9,,,no_transit_either,,
171118713054,10,,,no_transit_either,,
171118713071,3,,,no_transit_either,,
171118713072,5,,,no_transit_either,,
171118713073,13,,,no_transit_either,,
171118713101,6,,,no_transit_either,,
171118713102,15,,,no_transit_either,,
171118713103,6,,,no_transit_either,,
171118713111,16,,,no_transit_either,,
171118713112,10,,,no_transit_either,,
171118713113,10,,,no_transit_either,,
171118713121,20,,,no_transit_either,,
171118713122,12,,,no_transit_either,,
171118713123,14,,,no_transit_either,,
171118713131,12,,,no_transit_either,,
171118714021,10,,,no_transit_either,,
171118714022,5,,,no_transit_either,,
171118714023,16,,,no_transit_either,,
171118714024,5,,,no_transit_either,,
171118714025,8,,,no_transit_either,,
171118714041,18,,,no_transit_either,,
171118714042,8,,,no_transit_either,,
171118715011,10,,,no_transit_either,,
171118715012,4,,,no_transit_either,,
171118715013,12,,,no_transit_either,,
171118715021,3,,,no_transit_either,,
171118715022,7,,,no_transit_either,,
171118715023,7,,,no_transit_either,,
171118715024,33,,,no_transit_either,,
171118716001,9,,,no_transit_either,,
171118716002,8,,,no_transit_either,,
171118716003,2,,,no_transit_either,,
171118716004,7,,,no_transit_either,,
171130001051,2,,,no_transit_either,,
171130001061,1,,,no_transit_either,,
171130001073,3,,,no_transit_either,,
171130001081,1,,,no_transit_either,,
171130001082,1,,,no_transit_either,,
171130001092,4,,,no_transit_either,,
171130002001,2,,,no_transit_either,,
171130003012,2,,,no_transit_either,,
171130003024,1,,,no_transit_either,,
171130004003,1,,,no_transit_either,,
171130005022,1,,,no_transit_either,,
171130005061,2,,,no_transit_either,,
171130005062,2,,,no_transit_either,,
171130005071,2,,,no_transit_either,,
171130011032,1,,,no_transit_either,,
171130011052,1,,,no_transit_either,,
171130011061,1,,,no_transit_either,,
171130011062,1,,,no_transit_either,,
171130011072,1,,,no_transit_either,,
171130011081,2,,,no_transit_either,,
171130011082,1,,,no_transit_either,,
171130011083,1,,,no_transit_either,,
171130012002,1,,,no_transit_either,,
171130013011,2,,,no_transit_either,,
171130014021,1,,,no_transit_either,,
171130014032,2,,,no_transit_either,,
171130014033,1,,,no_transit_either,,
171130014041,1,,,no_transit_either,,
171130014043,2,,,no_transit_either,,
171130015001,1,,,no_transit_either,,
171130016001,1,,,no_transit_either,,
171130016002,1,,,no_transit_either,,
171130017002,1,,,no_transit_either,,
171130018001,1,,,no_transit_either,,
171130018003,1,,,no_transit_either,,
171130021011,1,,,no_transit_either,,
171130021013,1,,,no_transit_either,,
171130051021,1,,,no_transit_either,,
171130051023,1,,,no_transit_either,,
171130051025,1,,,no_transit_either,,
171130051031,3,,,no_transit_either,,
171130051032,3,,,no_transit_either,,
171130051041,1,,,no_transit_either,,
171130051042,2,,,no_transit_either,,
171130052021,1,,,no_transit_either,,
171130054011,2,,,no_transit_either,,
171130054022,1,,,no_transit_either,,
171130054023,2,,,no_transit_either,,
171130055021,2,,,no_transit_either,,
171130056021,1,,,no_transit_either,,
171130057001,1,,,no_transit_either,,
171130057002,1,,,no_transit_either,,
171130057003,1,,,no_transit_either,,
171130057005,1,,,no_transit_either,,
171130058003,1,,,no_transit_either,,
171130058004,1,,,no_transit_either,,
171130059001,1,,,no_transit_either,,
171130059002,1,,,no_transit_either,,
171130060002,1,,,no_transit_either,,
171130060003,1,,,no_transit_either,,
171150003004,1,,,no_transit_either,,
171150004001,2,,,no_transit_either,,
171150010001,1,,,no_transit_either,,
171150012002,2,,,no_transit_either,,
171150012003,1,,,no_transit_either,,
171150014001,1,,,no_transit_either,,
171150015001,1,,,no_transit_either,,
171150015002,1,,,no_transit_either,,
171150016001,1,,,no_transit_either,,
171150016002,1,,,no_transit_either,,
171150017002,1,,,no_transit_either,,
171150018021,1,,,no_transit_either,,
171150018022,1,,,no_transit_either,,
171150019001,1,,,no_transit_either,,
171150019003,1,,,no_transit_either,,
171150020022,1,,,no_transit_either,,
171150022003,1,,,no_transit_either,,
171150022004,1,,,no_transit_either,,
171150024011,1,,,no_transit_either,,
171150024021,1,,,no_transit_either,,
171150024023,1,,,no_transit_either,,
171150024024,1,,,no_transit_either,,
171150025001,1,,,no_transit_either,,
171150025002,2,,,no_transit_either,,
171150025003,1,,,no_transit_either,,
171150025005,1,,,no_transit_either,,
171150026012,1,,,no_transit_either,,
171150028001,1,,,no_transit_either,,
171150028005,1,,,no_transit_either,,
171150029012,1,,,no_transit_either,,
171150029023,2,,,no_transit_either,,
171150029024,1,,,no_transit_either,,
171150029042,1,,,no_transit_either,,
171150029043,1,,,no_transit_either,,
171150029051,2,,,no_transit_either,,
171150030001,2,,,no_transit_either,,
171150030005,1,,,no_transit_either,,
171150031001,1,,,no_transit_either,,
171179560002,1,,,no_transit_either,,
171179561001,1,,,no_transit_either,,
171179564001,1,,,no_transit_either,,
171179564002,1,,,no_transit_either,,
171179564005,1,,,no_transit_either,,
171179567003,1,,,no_transit_either,,
171179570004,1,,,no_transit_either,,
171194001023,1,,,no_transit_either,,
171194001024,1,,,no_transit_either,,
171194001026,2,,,no_transit_either,,
171194002005,1,,,no_transit_either,,
171194006004,1,,,no_transit_either,,
171194008011,1,,,no_transit_either,,
171194008012,1,,,no_transit_either,,
171194008022,1,,,no_transit_either,,
171194008024,3,,,no_transit_either,,
171194008025,1,,,no_transit_either,,
171194009032,1,,,no_transit_either,,
171194009033,2,,,no_transit_either,,
171194009041,1,,,no_transit_either,,
171194009042,1,,,no_transit_either,,
171194009512,1,,,no_transit_either,,
171194009522,1,,,no_transit_either,,
171194011011,1,,,no_transit_either,,
171194012001,1,,,no_transit_either,,
171194012002,2,,,no_transit_either,,
171194013002,3,,,no_transit_either,,
171194013003,1,,,no_transit_either,,
171194014003,1,,,no_transit_either,,
171194015002,1,,,no_transit_either,,
171194015003,2,,,no_transit_either,,
171194017012,2,,,no_transit_either,,
171194017222,1,,,no_transit_either,,
171194018002,1,,,no_transit_either,,
171194018003,1,,,no_transit_either,,
171194019011,1,,,no_transit_either,,
171194019051,1,,,no_transit_either,,
171194019054,1,,,no_transit_either,,
171194020001,1,,,no_transit_either,,
171194020004,1,,,no_transit_either,,
171194021001,1,,,no_transit_either,,
171194023002,1,,,no_transit_either,,
171194025002,1,,,no_transit_either,,
171194026003,1,,,no_transit_either,,
171194027011,2,,,no_transit_either,,
171194027012,1,,,no_transit_either,,
171194027211,1,,,no_transit_either,,
171194027214,3,,,no_transit_either,,
171194027221,1,,,no_transit_either,,
171194028011,1,,,no_transit_either,,
171194028012,1,,,no_transit_either,,
171194028032,1,,,no_transit_either,,
171194028041,2,,,no_transit_either,,
171194028054,1,,,no_transit_either,,
171194029001,1,,,no_transit_either,,
171194029002,1,,,no_transit_either,,
171194030011,1,,,no_transit_either,,
171194030014,2,,,no_transit_either,,
171194030021,1,,,no_transit_either,,
171194030022,2,,,no_transit_either,,
171194030023,3,,,no_transit_either,,
171194030024,1,,,no_transit_either,,
171194031013,1,,,no_transit_either,,
171194031211,2,,,no_transit_either,,
171194031221,1,,,no_transit_either,,
171194031222,1,,,no_transit_either,,
171194034011,1,,,no_transit_either,,
171194034031,3,,,no_transit_either,,
171194034032,1,,,no_transit_either,,
171194034041,1,,,no_transit_either,,
171194035311,1,,,no_transit_either,,
171194035312,1,,,no_transit_either,,
171194035315,1,,,no_transit_either,,
171194035321,1,,,no_transit_either,,
171194035341,1,,,no_transit_either,,
171194036011,2,,,no_transit_either,,
171194036031,1,,,no_transit_either,,
171194036041,2,,,no_transit_either,,
171194037021,1,,,no_transit_either,,
171194037024,1,,,no_transit_either,,
171194038012,1,,,no_transit_either,,
171194038013,1,,,no_transit_either,,
171194038021,2,,,no_transit_either,,
171219523003,1,,,no_transit_either,,
171219524001,2,,,no_transit_either,,
171219526002,1,,,no_transit_either,,
171239612001,1,,,no_transit_either,,
171239615002,1,,,no_transit_either,,
171259563002,1,,,no_transit_either,,
171259567001,1,,,no_transit_either,,
171259568003,1,,,no_transit_either,,
171279704001,1,,,no_transit_either,,
171279704002,1,,,no_transit_either,,
171290102002,1,,,no_transit_either,,
171290103003,1,,,no_transit_either,,
171310401002,2,,,no_transit_either,,
171310402004,1,,,no_transit_either,,
171310403003,1,,,no_transit_either,,
171310404003,2,,,no_transit_either,,
171310404005,1,,,no_transit_either,,
171336001021,1,,,no_transit_either,,
171336001032,1,,,no_transit_either,,
171336001041,1,,,no_transit_either,,
171336001042,1,,,no_transit_either,,
171336004011,1,,,no_transit_either,,
171336004013,4,,,no_transit_either,,
171336004021,1,,,no_transit_either,,
171336004022,1,,,no_transit_either,,
171336005011,2,,,no_transit_either,,
171336005012,1,,,no_transit_either,,
171336005014,1,,,no_transit_either,,
171336005022,1,,,no_transit_either,,
171359573002,1,,,no_transit_either,,
171359577002,1,,,no_transit_either,,
171359579004,1,,,no_transit_either,,
171379521003,1,,,no_transit_either,,
171379522003,1,,,no_transit_either,,
171379523001,1,,,no_transit_either,,
171399769001,1,,,no_transit_either,,
171399770003,1,,,no_transit_either,,
171399771002,1,,,no_transit_either,,
171419607001,2,,,no_transit_either,,
171419607002,1,,,no_transit_either,,
171419607003,1,,,no_transit_either,,
171419608001,1,,,no_transit_either,,
171419608002,1,,,no_transit_either,,
171419608003,1,,,no_transit_either,,
171419609001,1,,,no_transit_either,,
171419609004,2,,,no_transit_either,,
171419610013,3,,,no_transit_either,,
171419610021,2,,,no_transit_either,,
171419611001,2,,,no_transit_either,,
171419612004,2,,,no_transit_either,,
171419612005,1,,,no_transit_either,,
171419613011,1,,,no_transit_either,,
171419613012,2,,,no_transit_either,,
171419613021,4,,,no_transit_either,,
171419614001,1,,,no_transit_either,,
171419614004,1,,,no_transit_either,,
171419615001,1,,,no_transit_either,,
171419615002,1,,,no_transit_either,,
171419615003,1,,,no_transit_either,,
171419615004,1,,,no_transit_either,,
171419616002,1,,,no_transit_either,,
171419617001,1,,,no_transit_either,,
171419617003,1,,,no_transit_either,,
171430002002,2,,,no_transit_either,,
171430003002,1,,,no_transit_either,,
171430006003,1,,,no_transit_either,,
171430009001,1,,,no_transit_either,,
171430012001,1,,,no_transit_either,,
171430015002,1,,,no_transit_either,,
171430018002,1,,,no_transit_either,,
171430018003,1,,,no_transit_either,,
171430021001,1,,,no_transit_either,,
171430021003,1,,,no_transit_either,,
171430022002,1,,,no_transit_either,,
171430024001,1,,,no_transit_either,,
171430024002,1,,,no_transit_either,,
171430024003,1,,,no_transit_either,,
171430024004,1,,,no_transit_either,,
171430025001,2,,,no_transit_either,,
171430026001,1,,,no_transit_either,,
171430027012,2,,,no_transit_either,,
171430027013,2,,,no_transit_either,,
171430027021,2,,,no_transit_either,,
171430027023,1,,,no_transit_either,,
171430029003,1,,,no_transit_either,,
171430030002,2,,,no_transit_either,,
171430030004,1,,,no_transit_either,,
171430031011,1,,,no_transit_either,,
171430031012,1,,,no_transit_either,,
171430031032,1,,,no_transit_either,,
171430031042,3,,,no_transit_either,,
171430032001,1,,,no_transit_either,,
171430032002,2,,,no_transit_either,,
171430032004,1,,,no_transit_either,,
171430033002,2,,,no_transit_either,,
171430034022,2,,,no_transit_either,,
171430034031,1,,,no_transit_either,,
171430034043,1,,,no_transit_either,,
171430034044,1,,,no_transit_either,,
171430036021,2,,,no_transit_either,,
171430036022,1,,,no_transit_either,,
171430036024,1,,,no_transit_either,,
171430037002,2,,,no_transit_either,,
171430038001,1,,,no_transit_either,,
171430039002,3,,,no_transit_either,,
171430040003,1,,,no_transit_either,,
171430041021,2,,,no_transit_either,,
171430042003,1,,,no_transit_either,,
171430044004,1,,,no_transit_either,,
171430045001,1,,,no_transit_either,,
171430045002,1,,,no_transit_either,,
171430045003,1,,,no_transit_either,,
171430045004,1,,,no_transit_either,,
171430046001,2,,,no_transit_either,,
171430046002,3,,,no_transit_either,,
171430048011,1,,,no_transit_either,,
171430048013,2,,,no_transit_either,,
171430048022,1,,,no_transit_either,,
171430049012,1,,,no_transit_either,,
171430049021,2,,,no_transit_either,,
171430049022,2,,,no_transit_either,,
171430049023,1,,,no_transit_either,,
171430050003,1,,,no_transit_either,,
171430051003,1,,,no_transit_either,,
171450302004,1,,,no_transit_either,,
171479545001,1,,,no_transit_either,,
171479545002,1,,,no_transit_either,,
171479546001,2,,,no_transit_either,,
171479546003,1,,,no_transit_either,,
171479547001,1,,,no_transit_either,,
171479547003,1,,,no_transit_either,,
171479548001,2,,,no_transit_either,,
171479548004,1,,,no_transit_either,,
171499524003,1,,,no_transit_either,,
171499527002,1,,,no_transit_either,,
171519712001,1,,,no_transit_either,,
171519712002,1,,,no_transit_either,,
171539710004,1,,,no_transit_either,,
171559546001,1,,,no_transit_either,,
171579509001,2,,,no_transit_either,,
171579511002,1,,,no_transit_either,,
171579513004,1,,,no_transit_either,,
171599779004,1,,,no_transit_either,,
171599780001,1,,,no_transit_either,,
171610201021,1,,,no_transit_either,,
171610203011,1,,,no_transit_either,,
171610203022,1,,,no_transit_either,,
171610204002,1,,,no_transit_either,,
171610206001,2,,,no_transit_either,,
171610206002,1,,,no_transit_either,,
171610208003,2,,,no_transit_either,,
171610209005,1,,,no_transit_either,,
171610210002,1,,,no_transit_either,,
171610211002,1,,,no_transit_either,,
171610213002,1,,,no_transit_either,,
171610214001,1,,,no_transit_either,,
171610215002,1,,,no_transit_either,,
171610216001,1,,,no_transit_either,,
171610217001,1,,,no_transit_either,,
171610218003,1,,,no_transit_either,,
171610222004,1,,,no_transit_either,,
171610226001,1,,,no_transit_either,,
171610228001,1,,,no_transit_either,,
171610228004,2,,,no_transit_either,,
171610230001,2,,,no_transit_either,,
171610232002,1,,,no_transit_either,,
171610232004,1,,,no_transit_either,,
171610233002,1,,,no_transit_either,,
171610233003,1,,,no_transit_either,,
171610237002,1,,,no_transit_either,,
171610241012,1,,,no_transit_either,,
171610241022,1,,,no_transit_either,,
171610241032,1,,,no_transit_either,,
171610241033,2,,,no_transit_either,,
171610241034,2,,,no_transit_either,,
171610242002,1,,,no_transit_either,,
171610243003,1,,,no_transit_either,,
171635005001,1,,,no_transit_either,,
171635005002,1,,,no_transit_either,,
171635014001,1,,,no_transit_either,,
171635015011,1,,,no_transit_either,,
171635016042,1,,,no_transit_either,,
171635016071,1,,,no_transit_either,,
171635017002,1,,,no_transit_either,,
171635018021,1,,,no_transit_either,,
171635023006,1,,,no_transit_either,,
171635028001,1,,,no_transit_either,,
171635031011,1,,,no_transit_either,,
171635031012,1,,,no_transit_either,,
171635031022,1,,,no_transit_either,,
171635031024,1,,,no_transit_either,,
171635032034,1,,,no_transit_either,,
171635032113,2,,,no_transit_either,,
171635033223,1,,,no_transit_either,,
171635033225,3,,,no_transit_either,,
171635033231,1,,,no_transit_either,,
171635033232,1,,,no_transit_either,,
171635033233,1,,,no_transit_either,,
171635033241,1,,,no_transit_either,,
171635033243,1,,,no_transit_either,,
171635033341,1,,,no_transit_either,,
171635034042,3,,,no_transit_either,,
171635034043,1,,,no_transit_either,,
171635034112,1,,,no_transit_either,,
171635034124,1,,,no_transit_either,,
171635034132,2,,,no_transit_either,,
171635034134,2,,,no_transit_either,,
171635034141,3,,,no_transit_either,,
171635034143,2,,,no_transit_either,,
171635034152,2,,,no_transit_either,,
171635034161,1,,,no_transit_either,,
171635038001,1,,,no_transit_either,,
171635039031,1,,,no_transit_either,,
171635039051,2,,,no_transit_either,,
171635039071,2,,,no_transit_either,,
171635039072,1,,,no_transit_either,,
171635039081,3,,,no_transit_either,,
171635039082,1,,,no_transit_either,,
171635039083,1,,,no_transit_either,,
171635040011,1,,,no_transit_either,,
171635040012,1,,,no_transit_either,,
171635040013,1,,,no_transit_either,,
171635040014,1,,,no_transit_either,,
171635040023,2,,,no_transit_either,,
171635040025,2,,,no_transit_either,,
171635043511,1,,,no_transit_either,,
171635043521,2,,,no_transit_either,,
171635043531,1,,,no_transit_either,,
171635043541,1,,,no_transit_either,,
171635043542,2,,,no_transit_either,,
171635043543,1,,,no_transit_either,,
171635043551,2,,,no_transit_either,,
171635043561,1,,,no_transit_either,,
171635043571,3,,,no_transit_either,,
171635043572,1,,,no_transit_either,,
171635043591,1,,,no_transit_either,,
171635043592,1,,,no_transit_either,,
171635045012,1,,,no_transit_either,,
171659556002,1,,,no_transit_either,,
171659558001,1,,,no_transit_either,,
171670001003,1,,,no_transit_either,,
171670002013,1,,,no_transit_either,,
171670002023,1,,,no_transit_either,,
171670003002,1,,,no_transit_either,,
171670004002,1,,,no_transit_either,,
171670005034,1,,,no_transit_either,,
171670005042,1,,,no_transit_either,,
171670005043,1,,,no_transit_either,,
171670009002,3,,,no_transit_either,,
171670010011,1,,,no_transit_either,,
171670011002,1,,,no_transit_either,,
171670012002,1,,,no_transit_either,,
171670012003,1,,,no_transit_either,,
171670016003,1,,,no_transit_either,,
171670019002,1,,,no_transit_either,,
171670020011,2,,,no_transit_either,,
171670020012,1,,,no_transit_either,,
171670020021,1,,,no_transit_either,,
171670020022,1,,,no_transit_either,,
171670021002,1,,,no_transit_either,,
171670021003,1,,,no_transit_either,,
171670022002,1,,,no_transit_either,,
171670023003,1,,,no_transit_either,,
171670024003,2,,,no_transit_either,,
171670028011,1,,,no_transit_either,,
171670028012,1,,,no_transit_either,,
171670028013,1,,,no_transit_either,,
171670028021,1,,,no_transit_either,,
171670028023,1,,,no_transit_either,,
171670029001,1,,,no_transit_either,,
171670030001,1,,,no_transit_either,,
171670030003,1,,,no_transit_either,,
171670030004,1,,,no_transit_either,,
171670031001,1,,,no_transit_either,,
171670031003,2,,,no_transit_either,,
171670032012,1,,,no_transit_either,,
171670032013,1,,,no_transit_either,,
171670032021,1,,,no_transit_either,,
171670032024,1,,,no_transit_either,,
171670032031,1,,,no_transit_either,,
171670032034,1,,,no_transit_either,,
171670035002,1,,,no_transit_either,,
171670035003,1,,,no_transit_either,,
171670036022,3,,,no_transit_either,,
171670036041,3,,,no_transit_either,,
171670036043,1,,,no_transit_either,,
171670037013,1,,,no_transit_either,,
171670038011,1,,,no_transit_either,,
171670038023,1,,,no_transit_either,,
171670039012,1,,,no_transit_either,,
171670039022,1,,,no_transit_either,,
171719707001,1,,,no_transit_either,,
171719707002,1,,,no_transit_either,,
171739591004,1,,,no_transit_either,,
171739593001,1,,,no_transit_either,,
171739595003,2,,,no_transit_either,,
171739596002,1,,,no_transit_either,,
171739596004,1,,,no_transit_either,,
171759515002,1,,,no_transit_either,,
171770001002,1,,,no_transit_either,,
171770001004,1,,,no_transit_either,,
171770002002,2,,,no_transit_either,,
171770002004,1,,,no_transit_either,,
171770003002,1,,,no_transit_either,,
171770004001,1,,,no_transit_either,,
171770005002,1,,,no_transit_either,,
171770006002,1,,,no_transit_either,,
171770008001,2,,,no_transit_either,,
171770008002,1,,,no_transit_either,,
171770008004,1,,,no_transit_either,,
171770009001,3,,,no_transit_either,,
171770009002,1,,,no_transit_either,,
171770010001,2,,,no_transit_either,,
171770010002,2,,,no_transit_either,,
171770010003,2,,,no_transit_either,,
171770010004,1,,,no_transit_either,,
171770011002,2,,,no_transit_either,,
171770012002,1,,,no_transit_either,,
171770012003,1,,,no_transit_either,,
171770012004,1,,,no_transit_either,,
171770012005,1,,,no_transit_either,,
171770013002,2,,,no_transit_either,,
171770013003,1,,,no_transit_either,,
171770013004,1,,,no_transit_either,,
171790201001,1,,,no_transit_either,,
171790201002,1,,,no_transit_either,,
171790203011,1,,,no_transit_either,,
171790203012,1,,,no_transit_either,,
171790203021,1,,,no_transit_either,,
171790203024,2,,,no_transit_either,,
171790204003,2,,,no_transit_either,,
171790206001,1,,,no_transit_either,,
171790208001,1,,,no_transit_either,,
171790208002,1,,,no_transit_either,,
171790210003,1,,,no_transit_either,,
171790210004,1,,,no_transit_either,,
171790210005,1,,,no_transit_either,,
171790211011,1,,,no_transit_either,,
171790211013,1,,,no_transit_either,,
171790211021,1,,,no_transit_either,,
171790211024,2,,,no_transit_either,,
171790212012,1,,,no_transit_either,,
171790212021,1,,,no_transit_either,,
171790212032,2,,,no_transit_either,,
171790215001,4,,,no_transit_either,,
171790215004,1,,,no_transit_either,,
171790216061,1,,,no_transit_either,,
171790216063,1,,,no_transit_either,,
171790217012,3,,,no_transit_either,,
171790217013,1,,,no_transit_either,,
171790217014,2,,,no_transit_either,,
171790217023,1,,,no_transit_either,,
171790217024,3,,,no_transit_either,,
171790218021,1,,,no_transit_either,,
171790219001,1,,,no_transit_either,,
171790219005,2,,,no_transit_either,,
171790220001,2,,,no_transit_either,,
171790220003,2,,,no_transit_either,,
171790221002,1,,,no_transit_either,,
171790222001,2,,,no_transit_either,,
171790222004,1,,,no_transit_either,,
171790223002,3,,,no_transit_either,,
171790224001,1,,,no_transit_either,,
171790224003,1,,,no_transit_either,,
171819501003,1,,,no_transit_either,,
171819504002,1,,,no_transit_either,,
171819504003,1,,,no_transit_either,,
171819504004,1,,,no_transit_either,,
171819505004,1,,,no_transit_either,,
171830001001,1,,,no_transit_either,,
171830003001,1,,,no_transit_either,,
171830004002,2,,,no_transit_either,,
171830005001,1,,,no_transit_either,,
171830005003,1,,,no_transit_either,,
171830007001,1,,,no_transit_either,,
171830007002,1,,,no_transit_either,,
171830008002,1,,,no_transit_either,,
171830009002,1,,,no_transit_either,,
171830013001,1,,,no_transit_either,,
171830013002,1,,,no_transit_either,,
171830101003,1,,,no_transit_either,,
171830102001,1,,,no_transit_either,,
171830102004,1,,,no_transit_either,,
171830102005,1,,,no_transit_either,,
171830103002,1,,,no_transit_either,,
171830103003,1,,,no_transit_either,,
171830105003,1,,,no_transit_either,,
171830106002,1,,,no_transit_either,,
171830107021,1,,,no_transit_either,,
171830108003,1,,,no_transit_either,,
171830109002,1,,,no_transit_either,,
171830109003,1,,,no_transit_either,,
171830110002,1,,,no_transit_either,,
171830110003,1,,,no_transit_either,,
171830111002,1,,,no_transit_either,,
171859574002,1,,,no_transit_either,,
171859575002,2,,,no_transit_either,,
171878701002,1,,,no_transit_either,,
171878703003,1,,,no_transit_either,,
171878705001,1,,,no_transit_either,,
171878705004,1,,,no_transit_either,,
171899501004,1,,,no_transit_either,,
171919550003,1,,,no_transit_either,,
171919550004,1,,,no_transit_either,,
171919553003,1,,,no_transit_either,,
171919553004,1,,,no_transit_either,,
171939580003,1,,,no_transit_either,,
171939581004,1,,,no_transit_either,,
171950003003,2,,,no_transit_either,,
171950004001,1,,,no_transit_either,,
171950007002,1,,,no_transit_either,,
171950009001,1,,,no_transit_either,,
171950010002,1,,,no_transit_either,,
171950010004,1,,,no_transit_either,,
171950013001,1,,,no_transit_either,,
171950013002,1,,,no_transit_either,,
171978801051,4,,,no_transit_either,,
171978801052,4,,,no_transit_either,,
171978801053,2,,,no_transit_either,,
171978801054,7,,,no_transit_either,,
171978801061,4,,,no_transit_either,,
171978801062,3,,,no_transit_either,,
171978801063,6,,,no_transit_either,,
171978801071,6,,,no_transit_either,,
171978801072,6,,,no_transit_either,,
171978801073,3,,,no_transit_either,,
171978801074,1,,,no_transit_either,,
171978801091,3,,,no_transit_either,,
171978801092,2,,,no_transit_either,,
171978801093,4,,,no_transit_either,,
171978801094,5,,,no_transit_either,,
171978801111,2,,,no_transit_either,,
171978801112,2,,,no_transit_either,,
171978801113,2,,,no_transit_either,,
171978801121,3,,,no_transit_either,,
171978801122,2,,,no_transit_either,,
171978801131,5,,,no_transit_either,,
171978801132,4,,,no_transit_either,,
171978801133,3,,,no_transit_either,,
171978801141,2,,,no_transit_either,,
171978801142,6,,,no_transit_either,,
171978801151,7,,,no_transit_either,,
171978801152,4,,,no_transit_either,,
171978801161,4,,,no_transit_either,,
171978801162,9,,,no_transit_either,,
171978801172,5,,,no_transit_either,,
171978801173,6,,,no_transit_either,,
171978801181,3,,,no_transit_either,,
171978801182,6,,,no_transit_either,,
171978801183,2,,,no_transit_either,,
171978801184,2,,,no_transit_either,,
171978801191,5,,,no_transit_either,,
171978801192,4,,,no_transit_either,,
171978801193,5,,,no_transit_either,,
171978801221,7,,,no_transit_either,,
171978801222,8,,,no_transit_either,,
171978801223,8,,,no_transit_either,,
171978801231,2,,,no_transit_either,,
171978801232,6,,,no_transit_either,,
171978801241,11,,,no_transit_either,,
171978801242,3,,,no_transit_either,,
171978801251,6,,,no_transit_either,,
171978801252,7,,,no_transit_either,,
171978801253,7,,,no_transit_either,,
171978802021,2,,,no_transit_either,,
171978802022,7,,,no_transit_either,,
171978802023,7,,,no_transit_either,,
171978802031,3,,,no_transit_either,,
171978802032,4,,,no_transit_either,,
171978802033,2,,,no_transit_either,,
171978802041,8,,,no_transit_either,,
171978802042,8,,,no_transit_either,,
171978802043,2,,,no_transit_either,,
171978803031,4,,,no_transit_either,,
171978803032,3,,,no_transit_either,,
171978803033,2,,,no_transit_either,,
171978803041,5,,,no_transit_either,,
171978803042,3,,,no_transit_either,,
171978803043,2,,,no_transit_either,,
171978803044,5,,,no_transit_either,,
171978803051,2,,,no_transit_either,,
171978803052,7,,,no_transit_either,,
171978803053,4,,,no_transit_either,,
171978803054,6,,,no_transit_either,,
171978803071,7,,,no_transit_either,,
171978803072,8,,,no_transit_either,,
171978803073,7,,,no_transit_either,,
171978803091,4,,,no_transit_either,,
171978803092,3,,,no_transit_either,,
171978803093,2,,,no_transit_either,,
171978803094,4,,,no_transit_either,,
171978803141,6,,,no_transit_either,,
171978803142,6,,,no_transit_either,,
171978803143,7,,,no_transit_either,,
171978803144,7,,,no_transit_either,,
171978803151,12,,,no_transit_either,,
171978803152,4,,,no_transit_either,,
171978803161,7,,,no_transit_either,,
171978803162,7,,,no_transit_either,,
171978803171,12,,,no_transit_either,,
171978803172,8,,,no_transit_either,,
171978803181,9,,,no_transit_either,,
171978803182,5,,,no_transit_either,,
171978803191,3,,,no_transit_either,,
171978803192,5,,,no_transit_either,,
171978803193,4,,,no_transit_either,,
171978803201,6,,,no_transit_either,,
171978803202,9,,,no_transit_either,,
171978803211,6,,,no_transit_either,,
171978803212,10,,,no_transit_either,,
171978803221,5,,,no_transit_either,,
171978803222,4,,,no_transit_either,,
171978803223,14,,,no_transit_either,,
171978803231,10,,,no_transit_either,,
171978803232,12,,,no_transit_either,,
171978803241,10,,,no_transit_either,,
171978803242,8,,,no_transit_either,,
171978803243,6,,,no_transit_either,,
171978803251,5,,,no_transit_either,,
171978803252,2,,,no_transit_either,,
171978803261,4,,,no_transit_either,,
171978803262,6,,,no_transit_either,,
171978804081,4,,,no_transit_either,,
171978804082,5,,,no_transit_either,,
171978804083,5,,,no_transit_either,,
171978804111,4,,,no_transit_either,,
171978804112,4,,,no_transit_either,,
171978804121,2,,,no_transit_either,,
171978804122,2,,,no_transit_either,,
171978804123,7,,,no_transit_either,,
171978804141,4,,,no_transit_either,,
171978804142,5,,,no_transit_either,,
171978804143,4,,,no_transit_either,,
171978804161,3,,,no_transit_either,,
171978804162,6,,,no_transit_either,,
171978804171,2,,,no_transit_either,,
171978804172,1,,,no_transit_either,,
171978804181,4,,,no_transit_either,,
171978804182,1,,,no_transit_either,,
171978804183,6,,,no_transit_either,,
171978804211,8,,,no_transit_either,,
171978804212,3,,,no_transit_either,,
171978804213,8,,,no_transit_either,,
171978804214,7,,,no_transit_either,,
171978804221,5,,,no_transit_either,,
171978804222,7,,,no_transit_either,,
171978804231,11,,,no_transit_either,,
171978804241,9,,,no_transit_either,,
171978804242,2,,,no_transit_either,,
171978804251,2,,,no_transit_either,,
171978804252,3,,,no_transit_either,,
171978804261,7,,,no_transit_either,,
171978804262,5,,,no_transit_either,,
171978804263,5,,,no_transit_either,,
171978804271,6,,,no_transit_either,,
171978804281,4,,,no_transit_either,,
171978804282,5,,,no_transit_either,,
171978804283,2,,,no_transit_either,,
171978804291,8,,,no_transit_either,,
171978804292,12,,,no_transit_either,,
171978804293,5,,,no_transit_either,,
171978804301,2,,,no_transit_either,,
171978804302,8,,,no_transit_either,,
171978804311,5,,,no_transit_either,,
171978804312,3,,,no_transit_either,,
171978804313,4,,,no_transit_either,,
171978804321,7,,,no_transit_either,,
171978804322,7,,,no_transit_either,,
171978805021,7,,,no_transit_either,,
171978805022,1,,,no_transit_either,,
171978805023,1,,,no_transit_either,,
171978805024,5,,,no_transit_either,,
171978805031,3,,,no_transit_either,,
171978805032,3,,,no_transit_either,,
171978805033,2,,,no_transit_either,,
171978805081,2,,,no_transit_either,,
171978805082,5,,,no_transit_either,,
171978805091,2,,,no_transit_either,,
171978805092,5,,,no_transit_either,,
171978805093,4,,,no_transit_either,,
171978805101,6,,,no_transit_either,,
171978805102,6,,,no_transit_either,,
171978805111,7,,,no_transit_either,,
171978805112,5,,,no_transit_either,,
171978806011,3,,,no_transit_either,,
171978806012,5,,,no_transit_either,,
171978806021,1,,,no_transit_either,,
171978806022,4,,,no_transit_either,,
171978806023,1,,,no_transit_either,,
171978807011,2,,,no_transit_either,,
171978807012,3,,,no_transit_either,,
171978807021,1,,,no_transit_either,,
171978807022,2,,,no_transit_either,,
171978807023,2,,,no_transit_either,,
171978809011,3,,,no_transit_either,,
171978809012,6,,,no_transit_either,,
171978809013,5,,,no_transit_either,,
171978809014,2,,,no_transit_either,,
171978809031,2,,,no_transit_either,,
171978809032,3,,,no_transit_either,,
171978809051,3,,,no_transit_either,,
171978809052,3,,,no_transit_either,,
171978810011,1,,,no_transit_either,,
171978810012,4,,,no_transit_either,,
171978810013,5,,,no_transit_either,,
171978810014,4,,,no_transit_either,,
171978810021,5,,,no_transit_either,,
171978810022,1,,,no_transit_either,,
171978810023,7,,,no_transit_either,,
171978810024,3,,,no_transit_either,,
171978810051,1,,,no_transit_either,,
171978810052,3,,,no_transit_either,,
171978810061,3,,,no_transit_either,,
171978810062,5,,,no_transit_either,,
171978810071,2,,,no_transit_either,,
171978810073,5,,,no_transit_either,,
171978810091,4,,,no_transit_either,,
171978810092,5,,,no_transit_either,,
171978810093,2,,,no_transit_either,,
171978810094,8,,,no_transit_either,,
171978810101,2,,,no_transit_either,,
171978810102,6,,,no_transit_either,,
171978810111,4,,,no_transit_either,,
171978810112,3,,,no_transit_either,,
171978810121,2,,,no_transit_either,,
171978810122,3,,,no_transit_either,,
171978811051,5,,,no_transit_either,,
171978811052,6,,,no_transit_either,,
171978811053,6,,,no_transit_either,,
171978811071,1,,,no_transit_either,,
171978811081,5,,,no_transit_either,,
171978811082,7,,,no_transit_either,,
171978811083,3,,,no_transit_either,,
171978811091,4,,,no_transit_either,,
171978811092,1,,,no_transit_either,,
171978811093,3,,,no_transit_either,,
171978811111,1,,,no_transit_either,,
171978811122,7,,,no_transit_either,,
171978811123,4,,,no_transit_either,,
171978811131,3,,,no_transit_either,,
171978811133,4,,,no_transit_either,,
171978811152,2,,,no_transit_either,,
171978811153,2,,,no_transit_either,,
171978811161,5,,,no_transit_either,,
171978811162,7,,,no_transit_either,,
171978812011,2,,,no_transit_either,,
171978812012,1,,,no_transit_either,,
171978812021,1,,,no_transit_either,,
171978813011,2,,,no_transit_either,,
171978813012,1,,,no_transit_either,,
171978813021,1,,,no_transit_either,,
171978814011,1,,,no_transit_either,,
171978814012,1,,,no_transit_either,,
171978814013,1,,,no_transit_either,,
171978814021,1,,,no_transit_either,,
171978814023,2,,,no_transit_either,,
171978815001,2,,,no_transit_either,,
171978815002,1,,,no_transit_either,,
171978815003,2,,,no_transit_either,,
171978816012,2,,,no_transit_either,,
171978816031,1,,,no_transit_either,,
171978816042,4,,,no_transit_either,,
171978817001,1,,,no_transit_either,,
171978817002,2,,,no_transit_either,,
171978817003,2,,,no_transit_either,,
171978818001,3,,,no_transit_either,,
171978818002,2,,,no_transit_either,,
171978818003,2,,,no_transit_either,,
171978819001,1,,,no_transit_either,,
171978819003,3,,,no_transit_either,,
171978819004,1,,,no_transit_either,,
171978820002,4,,,no_transit_either,,
171978821001,1,,,no_transit_either,,
171978821002,1,,,no_transit_either,,
171978822001,2,,,no_transit_either,,
171978822002,1,,,no_transit_either,,
171978823001,4,,,no_transit_either,,
171978823002,1,,,no_transit_either,,
171978823003,1,,,no_transit_either,,
171978824001,1,,,no_transit_either,,
171978824002,3,,,no_transit_either,,
171978825001,2,,,no_transit_either,,
171978825002,3,,,no_transit_either,,
171978826011,2,,,no_transit_either,,
171978826012,1,,,no_transit_either,,
171978826021,3,,,no_transit_either,,
171978826022,1,,,no_transit_either,,
171978827012,5,,,no_transit_either,,
171978827022,1,,,no_transit_either,,
171978828012,5,,,no_transit_either,,
171978828021,4,,,no_transit_either,,
171978828023,1,,,no_transit_either,,
171978829001,2,,,no_transit_either,,
171978829002,1,,,no_transit_either,,
171978830001,1,,,no_transit_either,,
171978830002,1,,,no_transit_either,,
171978830003,3,,,no_transit_either,,
171978831001,2,,,no_transit_either,,
171978831002,3,,,no_transit_either,,
171978831003,2,,,no_transit_either,,
171978832061,3,,,no_transit_either,,
171978832062,3,,,no_transit_either,,
171978832063,2,,,no_transit_either,,
171978832081,1,,,no_transit_either,,
171978832082,3,,,no_transit_either,,
171978832092,1,,,no_transit_either,,
171978832093,1,,,no_transit_either,,
171978832101,1,,,no_transit_either,,
171978832102,1,,,no_transit_either,,
171978832111,4,,,no_transit_either,,
171978832112,1,,,no_transit_either,,
171978832113,4,,,no_transit_either,,
171978832121,3,,,no_transit_either,,
171978832122,2,,,no_transit_either,,
171978832123,8,,,no_transit_either,,
171978832131,2,,,no_transit_either,,
171978832132,2,,,no_transit_either,,
171978832133,2,,,no_transit_either,,
171978832141,4,,,no_transit_either,,
171978832161,2,,,no_transit_either,,
171978832162,1,,,no_transit_either,,
171978832163,2,,,no_transit_either,,
171978832171,4,,,no_transit_either,,
171978832172,1,,,no_transit_either,,
171978832173,2,,,no_transit_either,,
171978832181,2,,,no_transit_either,,
171978832182,1,,,no_transit_either,,
171978832191,1,,,no_transit_either,,
171978833031,1,,,no_transit_either,,
171978833032,5,,,no_transit_either,,
171978833041,2,,,no_transit_either,,
171978833042,2,,,no_transit_either,,
171978833052,2,,,no_transit_either,,
171978833061,5,,,no_transit_either,,
171978833062,3,,,no_transit_either,,
171978833071,3,,,no_transit_either,,
171978833072,2,,,no_transit_either,,
171978834012,2,,,no_transit_either,,
171978834013,1,,,no_transit_either,,
171978834021,1,,,no_transit_either,,
171978834022,2,,,no_transit_either,,
171978835041,2,,,no_transit_either,,
171978835042,5,,,no_transit_either,,
171978835043,4,,,no_transit_either,,
171978835051,8,,,no_transit_either,,
171978835052,9,,,no_transit_either,,
171978835053,5,,,no_transit_either,,
171978835054,11,,,no_transit_either,,
171978835055,7,,,no_transit_either,,
171978835071,4,,,no_transit_either,,
171978835072,1,,,no_transit_either,,
171978835091,1,,,no_transit_either,,
171978835092,3,,,no_transit_either,,
171978835093,1,,,no_transit_either,,
171978835101,5,,,no_transit_either,,
171978835102,2,,,no_transit_either,,
171978835111,4,,,no_transit_either,,
171978835112,2,,,no_transit_either,,
171978835131,6,,,no_transit_either,,
171978835132,4,,,no_transit_either,,
171978835133,5,,,no_transit_either,,
171978835141,1,,,no_transit_either,,
171978835142,3,,,no_transit_either,,
171978835143,3,,,no_transit_either,,
171978835144,5,,,no_transit_either,,
171978835145,8,,,no_transit_either,,
171978835153,1,,,no_transit_either,,
171978835161,6,,,no_transit_either,,
171978835162,4,,,no_transit_either,,
171978835163,4,,,no_transit_either,,
171978835164,7,,,no_transit_either,,
171978835171,4,,,no_transit_either,,
171978835172,3,,,no_transit_either,,
171978835191,4,,,no_transit_either,,
171978835192,4,,,no_transit_either,,
171978835193,4,,,no_transit_either,,
171978835194,1,,,no_transit_either,,
171978835211,4,,,no_transit_either,,
171978835213,1,,,no_transit_either,,
171978835221,4,,,no_transit_either,,
171978835222,1,,,no_transit_either,,
171978835223,3,,,no_transit_either,,
171978836023,3,,,no_transit_either,,
171978836024,3,,,no_transit_either,,
171978836031,2,,,no_transit_either,,
171978836032,3,,,no_transit_either,,
171978836051,1,,,no_transit_either,,
171978836052,2,,,no_transit_either,,
171978836061,4,,,no_transit_either,,
171978836062,3,,,no_transit_either,,
171978837001,1,,,no_transit_either,,
171978837002,1,,,no_transit_either,,
171978837003,3,,,no_transit_either,,
171978838031,1,,,no_transit_either,,
171978838032,7,,,no_transit_either,,
171978838042,3,,,no_transit_either,,
171978838062,4,,,no_transit_either,,
171978838091,3,,,no_transit_either,,
171978838092,3,,,no_transit_either,,
171978838101,2,,,no_transit_either,,
171978838102,2,,,no_transit_either,,
171978838103,1,,,no_transit_either,,
171978838111,2,,,no_transit_either,,
171978838112,3,,,no_transit_either,,
171978839021,4,,,no_transit_either,,
171978839022,2,,,no_transit_either,,
171978839024,3,,,no_transit_either,,
171978839031,2,,,no_transit_either,,
171978839041,3,,,no_transit_either,,
171978839043,1,,,no_transit_either,,
171978840031,4,,,no_transit_either,,
171978840032,4,,,no_transit_either,,
171978840033,1,,,no_transit_either,,
171978840041,1,,,no_transit_either,,
171978840042,2,,,no_transit_either,,
171978840051,1,,,no_transit_either,,
171978840061,3,,,no_transit_either,,
171978841011,2,,,no_transit_either,,
171978841013,3,,,no_transit_either,,
171978841031,1,,,no_transit_either,,
171978841032,3,,,no_transit_either,,
171979801001,8,,,no_transit_either,,
171990201002,1,,,no_transit_either,,
171990202013,1,,,no_transit_either,,
171990202021,1,,,no_transit_either,,
171990206003,1,,,no_transit_either,,
171990207004,1,,,no_transit_either,,
171990209003,2,,,no_transit_either,,
171990210021,1,,,no_transit_either,,
171990211002,1,,,no_transit_either,,
171990212004,2,,,no_transit_either,,
171990213003,1,,,no_transit_either,,
172010001011,3,,,no_transit_either,,
172010001012,1,,,no_transit_either,,
172010001013,1,,,no_transit_either,,
172010001014,1,,,no_transit_either,,
172010001015,2,,,no_transit_either,,
172010001031,9,,,no_transit_either,,
172010001041,2,,,no_transit_either,,
172010001042,2,,,no_transit_either,,
172010001043,1,,,no_transit_either,,
172010001051,1,,,no_transit_either,,
172010001052,2,,,no_transit_either,,
172010001053,3,,,no_transit_either,,
172010002001,1,,,no_transit_either,,
172010002002,1,,,no_transit_either,,
172010002003,1,,,no_transit_either,,
172010003001,2,,,no_transit_either,,
172010003002,2,,,no_transit_either,,
172010003005,2,,,no_transit_either,,
172010004012,2,,,no_transit_either,,
172010004021,1,,,no_transit_either,,
172010004022,1,,,no_transit_either,,
172010004023,1,,,no_transit_either,,
172010004033,2,,,no_transit_either,,
172010005011,4,,,no_transit_either,,
172010005012,2,,,no_transit_either,,
172010005013,1,,,no_transit_either,,
172010005014,1,,,no_transit_either,,
172010005021,1,,,no_transit_either,,
172010005022,4,,,no_transit_either,,
172010005023,5,,,no_transit_either,,
172010005064,1,,,no_transit_either,,
172010005071,1,,,no_transit_either,,
172010005102,1,,,no_transit_either,,
172010005122,2,,,no_transit_either,,
172010005123,2,,,no_transit_either,,
172010005124,1,,,no_transit_either,,
172010005131,2,,,no_transit_either,,
172010005132,2,,,no_transit_either,,
172010005141,5,,,no_transit_either,,
172010005142,1,,,no_transit_either,,
172010005143,3,,,no_transit_either,,
172010005151,1,,,no_transit_either,,
172010005161,2,,,no_transit_either,,
172010005162,4,,,no_transit_either,,
172010005163,2,,,no_transit_either,,
172010006002,2,,,no_transit_either,,
172010006004,1,,,no_transit_either,,
172010007001,5,,,no_transit_either,,
172010007003,1,,,no_transit_either,,
172010008002,2,,,no_transit_either,,
172010010001,1,,,no_transit_either,,
172010012001,1,,,no_transit_either,,
172010013001,2,,,no_transit_either,,
172010013003,1,,,no_transit_either,,
172010014001,1,,,no_transit_either,,
172010014002,2,,,no_transit_either,,
172010014004,1,,,no_transit_either,,
172010015001,2,,,no_transit_either,,
172010015002,1,,,no_transit_either,,
172010015004,2,,,no_transit_either,,
172010015005,1,,,no_transit_either,,
172010015006,2,,,no_transit_either,,
172010016002,2,,,no_transit_either,,
172010016003,1,,,no_transit_either,,
172010016004,1,,,no_transit_either,,
172010017001,2,,,no_transit_either,,
172010017002,2,,,no_transit_either,,
172010017003,2,,,no_transit_either,,
172010018005,1,,,no_transit_either,,
172010018006,1,,,no_transit_either,,
172010019003,2,,,no_transit_either,,
172010020001,1,,,no_transit_either,,
172010020002,2,,,no_transit_either,,
172010021001,2,,,no_transit_either,,
172010022001,3,,,no_transit_either,,
172010022002,2,,,no_transit_either,,
172010023011,1,,,no_transit_either,,
172010023013,1,,,no_transit_either,,
172010023021,4,,,no_transit_either,,
172010024001,1,,,no_transit_either,,
172010024002,1,,,no_transit_either,,
172010025001,2,,,no_transit_either,,
172010025003,2,,,no_transit_either,,
172010026004,1,,,no_transit_either,,
172010027002,1,,,no_transit_either,,
172010028002,1,,,no_transit_either,,
172010030001,3,,,no_transit_either,,
172010031001,1,,,no_transit_either,,
172010031004,1,,,no_transit_either,,
172010033001,1,,,no_transit_either,,
172010033003,1,,,no_transit_either,,
172010034001,1,,,no_transit_either,,
172010034002,1,,,no_transit_either,,
172010034004,5,,,no_transit_either,,
172010035002,3,,,no_transit_either,,
172010035003,1,,,no_transit_either,,
172010036011,1,,,no_transit_either,,
172010036012,2,,,no_transit_either,,
172010036021,1,,,no_transit_either,,
172010036022,3,,,no_transit_either,,
172010036023,2,,,no_transit_either,,
172010036043,2,,,no_transit_either,,
172010036051,2,,,no_transit_either,,
172010036061,1,,,no_transit_either,,
172010036063,2,,,no_transit_either,,
172010037051,2,,,no_transit_either,,
172010037052,1,,,no_transit_either,,
172010037053,1,,,no_transit_either,,
172010037054,2,,,no_transit_either,,
172010037055,7,,,no_transit_either,,
172010037061,2,,,no_transit_either,,
172010037062,3,,,no_transit_either,,
172010037063,4,,,no_transit_either,,
172010037064,1,,,no_transit_either,,
172010037071,5,,,no_transit_either,,
172010037072,1,,,no_transit_either,,
172010037081,1,,,no_transit_either,,
172010037092,1,,,no_transit_either,,
172010037102,6,,,no_transit_either,,
172010037111,1,,,no_transit_either,,
172010037112,2,,,no_transit_either,,
172010037114,1,,,no_transit_either,,
172010038011,3,,,no_transit_either,,
172010038012,2,,,no_transit_either,,
172010038013,5,,,no_transit_either,,
172010038014,5,,,no_transit_either,,
172010038051,2,,,no_transit_either,,
172010038052,3,,,no_transit_either,,
172010038053,1,,,no_transit_either,,
172010038062,2,,,no_transit_either,,
172010038063,5,,,no_transit_either,,
172010038082,3,,,no_transit_either,,
172010038083,2,,,no_transit_either,,
172010038091,8,,,no_transit_either,,
172010038092,2,,,no_transit_either,,
172010038093,2,,,no_transit_either,,
172010038101,1,,,no_transit_either,,
172010038102,1,,,no_transit_either,,
172010038103,3,,,no_transit_either,,
172010038104,3,,,no_transit_either,,
172010039011,6,,,no_transit_either,,
172010039012,6,,,no_transit_either,,
172010039013,1,,,no_transit_either,,
172010039031,1,,,no_transit_either,,
172010039032,3,,,no_transit_either,,
172010039034,6,,,no_transit_either,,
172010039041,1,,,no_transit_either,,
172010039042,2,,,no_transit_either,,
172010039043,4,,,no_transit_either,,
172010040021,1,,,no_transit_either,,
172010040022,2,,,no_transit_either,,
172010040023,4,,,no_transit_either,,
172010040024,5,,,no_transit_either,,
172010040031,3,,,no_transit_either,,
172010040041,8,,,no_transit_either,,
172010040042,2,,,no_transit_either,,
172010040043,6,,,no_transit_either,,
172010040044,5,,,no_transit_either,,
172010040051,1,,,no_transit_either,,
172010041001,2,,,no_transit_either,,
172010041002,3,,,no_transit_either,,
172010041003,1,,,no_transit_either,,
172010042001,1,,,no_transit_either,,
172010042002,4,,,no_transit_either,,
172010042003,4,,,no_transit_either,,
172010043001,2,,,no_transit_either,,
172010043002,1,,,no_transit_either,,
172010043003,1,,,no_transit_either,,
172010043004,1,,,no_transit_either,,
172030301003,2,,,no_transit_either,,
172030302003,1,,,no_transit_either,,
172030303001,2,,,no_transit_either,,
172030304002,2,,,no_transit_either,,
172030304003,1,,,no_transit_either,,
172030305014,1,,,no_transit_either,,
172030305023,1,,,no_transit_either,,
172030306011,1,,,no_transit_either,,
172030306013,2,,,no_transit_either,,
172030306014,1,,,no_transit_either,,
172030306021,1,,,no_transit_either,,
172030306022,2,,,no_transit_either,,
172030306023,1,,,no_transit_either,,
172030307003,1,,,no_transit_either,,
180010301004,1,,,no_transit_either,,
180010304001,1,,,no_transit_either,,
180010305004,1,,,no_transit_either,,
180030003002,1,,,no_transit_either,,
180030020001,1,,,no_transit_either,,
180030023005,1,,,no_transit_either,,
180030026002,1,,,no_transit_either,,
180030036004,1,,,no_transit_either,,
180030041031,1,,,no_transit_either,,
180030041032,1,,,no_transit_either,,
180030102013,1,,,no_transit_either,,
180030102021,1,,,no_transit_either,,
180030103053,2,,,no_transit_either,,
180030103061,1,,,no_transit_either,,
180030103072,1,,,no_transit_either,,
180030104001,1,,,no_transit_either,,
180030106023,1,,,no_transit_either,,
180030107063,1,,,no_transit_either,,
180030108111,1,,,no_transit_either,,
180030112051,2,,,no_transit_either,,
180030115022,1,,,no_transit_either,,
180030116051,1,,,no_transit_either,,
180030116052,1,,,no_transit_either,,
180050115004,1,,,no_transit_either,,
180118103002,1,,,no_transit_either,,
180118103003,1,,,no_transit_either,,
180118106063,1,,,no_transit_either,,
180118106071,2,,,no_transit_either,,
180118106073,1,,,no_transit_either,,
180118107002,1,,,no_transit_either,,
180118107005,1,,,no_transit_either,,
180179516002,1,,,no_transit_either,,
180190503032,1,,,no_transit_either,,
180190506042,1,,,no_transit_either,,
180190507043,1,,,no_transit_either,,
180190508012,1,,,no_transit_either,,
180190508034,2,,,no_transit_either,,
180190510001,1,,,no_transit_either,,
180210405002,1,,,no_transit_either,,
180210406003,1,,,no_transit_either,,
180239501003,1,,,no_transit_either,,
180239501004,1,,,no_transit_either,,
180239503004,1,,,no_transit_either,,
180330201004,1,,,no_transit_either,,
180330202002,1,,,no_transit_either,,
180330205004,1,,,no_transit_either,,
180330207001,1,,,no_transit_either,,
180330207002,1,,,no_transit_either,,
180330208002,1,,,no_transit_either,,
180350023012,1,,,no_transit_either,,
180350027001,1,,,no_transit_either,,
180350029004,1,,,no_transit_either,,
180379535002,1,,,no_transit_either,,
180379536001,1,,,no_transit_either,,
180379538004,1,,,no_transit_either,,
180390007023,1,,,no_transit_either,,
180390013022,1,,,no_transit_either,,
180390014012,1,,,no_transit_either,,
180390015013,1,,,no_transit_either,,
180390024004,1,,,no_transit_either,,
180390024005,1,,,no_transit_either,,
180419545003,1,,,no_transit_either,,
180430705001,1,,,no_transit_either,,
180430710033,1,,,no_transit_either,,
180499531003,1,,,no_transit_either,,
180499531005,1,,,no_transit_either,,
180499532001,1,,,no_transit_either,,
180499532003,1,,,no_transit_either,,
180559551003,1,,,no_transit_either,,
180571101012,1,,,no_transit_either,,
180571101022,1,,,no_transit_either,,
180571103014,1,,,no_transit_either,,
180571103021,1,,,no_transit_either,,
180571103022,1,,,no_transit_either,,
180571104042,1,,,no_transit_either,,
180571105092,1,,,no_transit_either,,
180571105122,1,,,no_transit_either,,
180571105132,2,,,no_transit_either,,
180571105163,1,,,no_transit_either,,
180571105181,1,,,no_transit_either,,
180571108051,1,,,no_transit_either,,
180571108101,1,,,no_transit_either,,
180571108102,1,,,no_transit_either,,
180571108111,1,,,no_transit_either,,
180571108113,1,,,no_transit_either,,
180571108123,1,,,no_transit_either,,
180571108132,2,,,no_transit_either,,
180571108133,2,,,no_transit_either,,
180571108152,2,,,no_transit_either,,
180571108171,1,,,no_transit_either,,
180571108201,1,,,no_transit_either,,
180571108211,1,,,no_transit_either,,
180571108221,1,,,no_transit_either,,
180571109042,1,,,no_transit_either,,
180571109043,2,,,no_transit_either,,
180571109051,1,,,no_transit_either,,
180571109061,2,,,no_transit_either,,
180571109062,1,,,no_transit_either,,
180571109063,1,,,no_transit_either,,
180571109093,1,,,no_transit_either,,
180571109102,1,,,no_transit_either,,
180571109103,1,,,no_transit_either,,
180571109113,1,,,no_transit_either,,
180571110032,2,,,no_transit_either,,
180571110091,1,,,no_transit_either,,
180571110121,1,,,no_transit_either,,
180571110123,1,,,no_transit_either,,
180571111011,1,,,no_transit_either,,
180571111042,2,,,no_transit_either,,
180594101004,1,,,no_transit_either,,
180594102011,1,,,no_transit_either,,
180594102021,1,,,no_transit_either,,
180594102024,2,,,no_transit_either,,
180594104021,1,,,no_transit_either,,
180594104022,1,,,no_transit_either,,
180594110002,1,,,no_transit_either,,
180594110003,1,,,no_transit_either,,
180610605001,1,,,no_transit_either,,
180610606011,1,,,no_transit_either,,
180632101031,1,,,no_transit_either,,
180632101052,1,,,no_transit_either,,
180632101062,1,,,no_transit_either,,
180632101065,1,,,no_transit_either,,
180632102013,1,,,no_transit_either,,
180632102032,1,,,no_transit_either,,
180632102041,1,,,no_transit_either,,
180632103003,2,,,no_transit_either,,
180632105011,1,,,no_transit_either,,
180632105021,1,,,no_transit_either,,
180632106074,1,,,no_transit_either,,
180632106092,3,,,no_transit_either,,
180632106101,1,,,no_transit_either,,
180632106103,1,,,no_transit_either,,
180632106104,1,,,no_transit_either,,
180632106114,2,,,no_transit_either,,
180632106144,1,,,no_transit_either,,
180632106152,1,,,no_transit_either,,
180632106171,1,,,no_transit_either,,
180632107011,1,,,no_transit_either,,
180632108022,1,,,no_transit_either,,
180699615003,1,,,no_transit_either,,
180719683003,1,,,no_transit_either,,
180731004001,1,,,no_transit_either,,
180731009012,2,,,no_transit_either,,
180731010002,1,,,no_transit_either,,
180731010003,1,,,no_transit_either,,
180731011002,1,,,no_transit_either,,
180731012004,1,,,no_transit_either,,
180779661005,2,,,no_transit_either,,
180799603012,1,,,no_transit_either,,
180799604003,1,,,no_transit_either,,
180816101011,1,,,no_transit_either,,
180816101012,1,,,no_transit_either,,
180816101022,1,,,no_transit_either,,
180816101023,1,,,no_transit_either,,
180816102011,1,,,no_transit_either,,
180816102012,1,,,no_transit_either,,
180816102031,2,,,no_transit_either,,
180816102032,1,,,no_transit_either,,
180816103001,1,,,no_transit_either,,
180816105011,1,,,no_transit_either,,
180816105021,1,,,no_transit_either,,
180816105022,2,,,no_transit_either,,
180816106034,2,,,no_transit_either,,
180816106052,1,,,no_transit_either,,
180816106061,1,,,no_transit_either,,
180816106063,1,,,no_transit_either,,
180816107033,1,,,no_transit_either,,
180816107042,1,,,no_transit_either,,
180816107052,1,,,no_transit_either,,
180816108012,1,,,no_transit_either,,
180816108015,1,,,no_transit_either,,
180816109001,1,,,no_transit_either,,
180816110003,1,,,no_transit_either,,
180816112001,2,,,no_transit_either,,
180816113004,1,,,no_transit_either,,
180839559004,1,,,no_transit_either,,
180859610011,1,,,no_transit_either,,
180859611004,1,,,no_transit_either,,
180859614001,1,,,no_transit_either,,
180859624001,1,,,no_transit_either,,
180890101004,2,,,no_transit_either,,
180890102071,1,,,no_transit_either,,
180890102072,2,,,no_transit_either,,
180890103023,2,,,no_transit_either,,
180890103043,1,,,no_transit_either,,
180890104002,1,,,no_transit_either,,
180890105001,1,,,no_transit_either,,
180890106002,1,,,no_transit_either,,
180890110001,1,,,no_transit_either,,
180890110002,1,,,no_transit_either,,
180890112001,1,,,no_transit_either,,
180890112003,1,,,no_transit_either,,
180890112005,1,,,no_transit_either,,
180890113002,1,,,no_transit_either,,
180890115001,1,,,no_transit_either,,
180890116001,1,,,no_transit_either,,
180890116003,1,,,no_transit_either,,
180890123003,1,,,no_transit_either,,
180890125001,1,,,no_transit_either,,
180890125004,2,,,no_transit_either,,
180890128003,1,,,no_transit_either,,
180890201001,1,,,no_transit_either,,
180890201003,2,,,no_transit_either,,
180890201004,2,,,no_transit_either,,
180890202001,2,,,no_transit_either,,
180890203003,1,,,no_transit_either,,
180890203004,2,,,no_transit_either,,
180890204001,1,,,no_transit_either,,
180890204002,1,,,no_transit_either,,
180890205002,1,,,no_transit_either,,
180890205004,1,,,no_transit_either,,
180890206001,1,,,no_transit_either,,
180890207002,1,,,no_transit_either,,
180890207003,1,,,no_transit_either,,
180890208002,2,,,no_transit_either,,
180890208003,1,,,no_transit_either,,
180890208004,1,,,no_transit_either,,
180890209001,3,,,no_transit_either,,
180890209002,1,,,no_transit_either,,
180890209003,1,,,no_transit_either,,
180890210003,1,,,no_transit_either,,
180890210005,2,,,no_transit_either,,
180890213002,1,,,no_transit_either,,
180890213003,2,,,no_transit_either,,
180890214001,1,,,no_transit_either,,
180890214002,2,,,no_transit_either,,
180890214003,1,,,no_transit_either,,
180890214004,1,,,no_transit_either,,
180890215001,1,,,no_transit_either,,
180890215002,1,,,no_transit_either,,
180890215003,3,,,no_transit_either,,
180890216002,1,,,no_transit_either,,
180890216003,2,,,no_transit_either,,
180890217001,1,,,no_transit_either,,
180890217003,1,,,no_transit_either,,
180890218001,1,,,no_transit_either,,
180890218003,1,,,no_transit_either,,
180890219001,1,,,no_transit_either,,
180890219004,2,,,no_transit_either,,
180890220002,2,,,no_transit_either,,
180890220004,2,,,no_transit_either,,
180890301001,2,,,no_transit_either,,
180890302002,1,,,no_transit_either,,
180890303002,1,,,no_transit_either,,
180890304003,4,,,no_transit_either,,
180890305001,1,,,no_transit_either,,
180890305003,4,,,no_transit_either,,
180890306001,2,,,no_transit_either,,
180890306002,1,,,no_transit_either,,
180890306003,1,,,no_transit_either,,
180890306004,2,,,no_transit_either,,
180890307002,2,,,no_transit_either,,
180890308001,2,,,no_transit_either,,
180890308002,1,,,no_transit_either,,
180890308003,1,,,no_transit_either,,
180890308004,2,,,no_transit_either,,
180890309003,1,,,no_transit_either,,
180890310001,1,,,no_transit_either,,
180890310002,2,,,no_transit_either,,
180890401001,1,,,no_transit_either,,
180890401002,1,,,no_transit_either,,
180890402003,1,,,no_transit_either,,
180890403011,1,,,no_transit_either,,
180890403021,3,,,no_transit_either,,
180890403023,1,,,no_transit_either,,
180890403024,2,,,no_transit_either,,
180890403025,1,,,no_transit_either,,
180890404011,1,,,no_transit_either,,
180890404012,2,,,no_transit_either,,
180890404013,2,,,no_transit_either,,
180890404014,1,,,no_transit_either,,
180890404021,3,,,no_transit_either,,
180890404022,1,,,no_transit_either,,
180890404031,2,,,no_transit_either,,
180890404032,1,,,no_transit_either,,
180890404033,1,,,no_transit_either,,
180890405011,1,,,no_transit_either,,
180890405013,1,,,no_transit_either,,
180890405021,2,,,no_transit_either,,
180890405022,2,,,no_transit_either,,
180890406002,1,,,no_transit_either,,
180890406003,1,,,no_transit_either,,
180890406004,1,,,no_transit_either,,
180890407001,2,,,no_transit_either,,
180890407003,1,,,no_transit_either,,
180890407004,1,,,no_transit_either,,
180890408011,1,,,no_transit_either,,
180890408013,2,,,no_transit_either,,
180890408022,1,,,no_transit_either,,
180890408023,2,,,no_transit_either,,
180890408024,1,,,no_transit_either,,
180890409001,5,,,no_transit_either,,
180890409002,1,,,no_transit_either,,
180890409003,4,,,no_transit_either,,
180890409004,2,,,no_transit_either,,
180890410012,2,,,no_transit_either,,
180890410013,1,,,no_transit_either,,
180890410022,1,,,no_transit_either,,
180890410023,3,,,no_transit_either,,
180890411003,1,,,no_transit_either,,
180890412001,1,,,no_transit_either,,
180890413021,1,,,no_transit_either,,
180890413022,1,,,no_transit_either,,
180890415001,2,,,no_transit_either,,
180890416001,3,,,no_transit_either,,
180890416003,1,,,no_transit_either,,
180890417001,3,,,no_transit_either,,
180890417002,1,,,no_transit_either,,
180890417005,1,,,no_transit_either,,
180890418001,1,,,no_transit_either,,
180890418002,4,,,no_transit_either,,
180890418003,3,,,no_transit_either,,
180890418006,2,,,no_transit_either,,
180890418007,1,,,no_transit_either,,
180890419001,4,,,no_transit_either,,
180890419003,3,,,no_transit_either,,
180890420002,2,,,no_transit_either,,
180890420004,2,,,no_transit_either,,
180890420005,1,,,no_transit_either,,
180890421001,3,,,no_transit_either,,
180890421004,2,,,no_transit_either,,
180890421005,1,,,no_transit_either,,
180890422002,2,,,no_transit_either,,
180890422003,1,,,no_transit_either,,
180890422004,1,,,no_transit_either,,
180890422005,1,,,no_transit_either,,
180890423011,1,,,no_transit_either,,
180890423012,1,,,no_transit_either,,
180890423013,4,,,no_transit_either,,
180890423021,1,,,no_transit_either,,
180890423022,1,,,no_transit_either,,
180890424011,2,,,no_transit_either,,
180890424012,4,,,no_transit_either,,
180890424013,2,,,no_transit_either,,
180890424031,2,,,no_transit_either,,
180890424032,2,,,no_transit_either,,
180890424033,2,,,no_transit_either,,
180890424041,2,,,no_transit_either,,
180890424042,2,,,no_transit_either,,
180890424051,3,,,no_transit_either,,
180890425011,2,,,no_transit_either,,
180890425012,1,,,no_transit_either,,
180890425013,3,,,no_transit_either,,
180890425032,1,,,no_transit_either,,
180890425061,2,,,no_transit_either,,
180890425062,3,,,no_transit_either,,
180890425072,1,,,no_transit_either,,
180890425081,1,,,no_transit_either,,
180890425082,2,,,no_transit_either,,
180890425083,2,,,no_transit_either,,
180890425091,2,,,no_transit_either,,
180890425092,2,,,no_transit_either,,
180890425093,5,,,no_transit_either,,
180890426021,1,,,no_transit_either,,
180890426022,3,,,no_transit_either,,
180890426023,2,,,no_transit_either,,
180890426062,1,,,no_transit_either,,
180890426071,3,,,no_transit_either,,
180890426072,1,,,no_transit_either,,
180890426073,2,,,no_transit_either,,
180890426081,2,,,no_transit_either,,
180890426082,4,,,no_transit_either,,
180890426101,3,,,no_transit_either,,
180890426102,3,,,no_transit_either,,
180890426111,5,,,no_transit_either,,
180890426112,1,,,no_transit_either,,
180890426121,1,,,no_transit_either,,
180890426123,2,,,no_transit_either,,
180890426131,1,,,no_transit_either,,
180890426132,3,,,no_transit_either,,
180890427022,1,,,no_transit_either,,
180890427023,4,,,no_transit_either,,
180890427031,2,,,no_transit_either,,
180890427032,1,,,no_transit_either,,
180890427033,1,,,no_transit_either,,
180890427041,5,,,no_transit_either,,
180890427043,1,,,no_transit_either,,
180890428021,1,,,no_transit_either,,
180890428022,3,,,no_transit_either,,
180890428023,2,,,no_transit_either,,
180890428031,1,,,no_transit_either,,
180890428032,1,,,no_transit_either,,
180890428033,1,,,no_transit_either,,
180890428043,4,,,no_transit_either,,
180890429011,2,,,no_transit_either,,
180890429012,3,,,no_transit_either,,
180890429013,3,,,no_transit_either,,
180890429014,4,,,no_transit_either,,
180890429031,2,,,no_transit_either,,
180890429032,8,,,no_transit_either,,
180890429041,6,,,no_transit_either,,
180890430011,5,,,no_transit_either,,
180890430012,2,,,no_transit_either,,
180890430031,4,,,no_transit_either,,
180890430032,4,,,no_transit_either,,
180890430042,3,,,no_transit_either,,
180890431012,1,,,no_transit_either,,
180890431031,2,,,no_transit_either,,
180890431032,2,,,no_transit_either,,
180890431041,1,,,no_transit_either,,
180890431042,2,,,no_transit_either,,
180890432011,1,,,no_transit_either,,
180890432012,2,,,no_transit_either,,
180890432031,1,,,no_transit_either,,
180890432032,4,,,no_transit_either,,
180890432041,3,,,no_transit_either,,
180890432042,3,,,no_transit_either,,
180890433011,2,,,no_transit_either,,
180890433013,1,,,no_transit_either,,
180890433021,4,,,no_transit_either,,
180890433022,3,,,no_transit_either,,
180890433023,3,,,no_transit_either,,
180890434011,3,,,no_transit_either,,
180890434012,1,,,no_transit_either,,
180890434013,4,,,no_transit_either,,
180890434014,1,,,no_transit_either,,
180890434031,1,,,no_transit_either,,
180890434034,1,,,no_transit_either,,
180890434041,1,,,no_transit_either,,
180890434053,5,,,no_transit_either,,
180910401001,3,,,no_transit_either,,
180910403003,1,,,no_transit_either,,
180910404001,1,,,no_transit_either,,
180910405003,1,,,no_transit_either,,
180910406003,1,,,no_transit_either,,
180910413001,1,,,no_transit_either,,
180910414001,1,,,no_transit_either,,
180910414003,1,,,no_transit_either,,
180910415001,3,,,no_transit_either,,
180910415003,1,,,no_transit_either,,
180910416001,1,,,no_transit_either,,
180910418001,1,,,no_transit_either,,
180910418002,1,,,no_transit_either,,
180910418004,1,,,no_transit_either,,
180910419004,1,,,no_transit_either,,
180910420001,1,,,no_transit_either,,
180910422001,1,,,no_transit_either,,
180910422002,2,,,no_transit_either,,
180910423002,1,,,no_transit_either,,
180910424013,1,,,no_transit_either,,
180910428001,1,,,no_transit_either,,
180910428002,1,,,no_transit_either,,
180950003001,1,,,no_transit_either,,
180950005003,1,,,no_transit_either,,
180950008002,1,,,no_transit_either,,
180950011003,1,,,no_transit_either,,
180950012003,1,,,no_transit_either,,
180950014003,1,,,no_transit_either,,
180950018011,1,,,no_transit_either,,
180950018012,1,,,no_transit_either,,
180950018021,1,,,no_transit_either,,
180950106004,1,,,no_transit_either,,
180950107001,1,,,no_transit_either,,
180950108001,1,,,no_transit_either,,
180950108002,1,,,no_transit_either,,
180950112002,1,,,no_transit_either,,
180950115022,1,,,no_transit_either,,
180950116001,1,,,no_transit_either,,
180973101131,1,,,no_transit_either,,
180973103061,1,,,no_transit_either,,
180973103111,2,,,no_transit_either,,
180973103122,1,,,no_transit_either,,
180973205001,1,,,no_transit_either,,
180973207001,2,,,no_transit_either,,
180973213002,1,,,no_transit_either,,
180973223002,2,,,no_transit_either,,
180973224002,1,,,no_transit_either,,
180973301051,1,,,no_transit_either,,
180973301065,1,,,no_transit_either,,
180973301082,1,,,no_transit_either,,
180973302132,1,,,no_transit_either,,
180973305002,1,,,no_transit_either,,
180973308042,1,,,no_transit_either,,
180973401132,1,,,no_transit_either,,
180973404001,1,,,no_transit_either,,
180973406005,1,,,no_transit_either,,
180973423002,1,,,no_transit_either,,
180973509001,1,,,no_transit_either,,
180973535001,1,,,no_transit_either,,
180973535002,1,,,no_transit_either,,
180973553001,1,,,no_transit_either,,
180973556001,1,,,no_transit_either,,
180973557003,1,,,no_transit_either,,
180973574002,1,,,no_transit_either,,
180973575003,1,,,no_transit_either,,
180973576011,2,,,no_transit_either,,
180973601023,1,,,no_transit_either,,
180973604011,1,,,no_transit_either,,
180973608001,1,,,no_transit_either,,
180973611001,1,,,no_transit_either,,
180973703034,1,,,no_transit_either,,
180973806003,1,,,no_transit_either,,
180973808002,1,,,no_transit_either,,
180973811012,1,,,no_transit_either,,
180973811023,1,,,no_transit_either,,
180973812051,1,,,no_transit_either,,
180973812072,2,,,no_transit_either,,
180973902001,1,,,no_transit_either,,
180973903003,1,,,no_transit_either,,
180973904081,1,,,no_transit_either,,
180973905003,1,,,no_transit_either,,
180973906022,1,,,no_transit_either,,
180973907001,1,,,no_transit_either,,
180973910011,1,,,no_transit_either,,
180990201013,1,,,no_transit_either,,
180990208002,2,,,no_transit_either,,
180990208003,1,,,no_transit_either,,
181039526004,1,,,no_transit_either,,
181050001002,1,,,no_transit_either,,
181050002012,1,,,no_transit_either,,
181050006011,2,,,no_transit_either,,
181050006021,1,,,no_transit_either,,
181050008011,1,,,no_transit_either,,
181050009032,1,,,no_transit_either,,
181050009042,1,,,no_transit_either,,
181050010011,2,,,no_transit_either,,
181050011021,1,,,no_transit_either,,
181050011023,1,,,no_transit_either,,
181050011031,1,,,no_transit_either,,
181050011032,1,,,no_transit_either,,
181050013012,1,,,no_transit_either,,
181050013033,1,,,no_transit_either,,
181050013043,1,,,no_transit_either,,
181050013051,1,,,no_transit_either,,
181050014012,2,,,no_transit_either,,
181050014032,1,,,no_transit_either,,
181050014033,1,,,no_transit_either,,
181050015012,1,,,no_transit_either,,
181050016001,1,,,no_transit_either,,
181050016002,1,,,no_transit_either,,
181050016003,1,,,no_transit_either,,
181079573001,1,,,no_transit_either,,
181095101021,1,,,no_transit_either,,
181095101022,1,,,no_transit_either,,
181095102024,1,,,no_transit_either,,
181095104022,2,,,no_transit_either,,
181095105003,1,,,no_transit_either,,
181095106012,1,,,no_transit_either,,
181095106013,1,,,no_transit_either,,
181095108001,1,,,no_transit_either,,
181095109001,1,,,no_transit_either,,
181095109002,1,,,no_transit_either,,
181095110013,1,,,no_transit_either,,
181111005002,1,,,no_transit_either,,
181139717002,1,,,no_transit_either,,
181139723002,1,,,no_transit_either,,
181139724003,1,,,no_transit_either,,
181139725003,1,,,no_transit_either,,
181210303002,1,,,no_transit_either,,
181239523001,1,,,no_transit_either,,
181259539001,1,,,no_transit_either,,
181259540002,1,,,no_transit_either,,
181270501043,2,,,no_transit_either,,
181270501053,1,,,no_transit_either,,
181270501061,1,,,no_transit_either,,
181270502021,3,,,no_transit_either,,
181270502022,1,,,no_transit_either,,
181270502023,2,,,no_transit_either,,
181270502025,2,,,no_transit_either,,
181270502031,2,,,no_transit_either,,
181270502033,1,,,no_transit_either,,
181270502034,2,,,no_transit_either,,
181270503012,1,,,no_transit_either,,
181270503022,1,,,no_transit_either,,
181270503023,3,,,no_transit_either,,
181270504051,1,,,no_transit_either,,
181270504072,1,,,no_transit_either,,
181270504073,1,,,no_transit_either,,
181270504081,2,,,no_transit_either,,
181270504082,1,,,no_transit_either,,
181270504091,1,,,no_transit_either,,
181270504092,3,,,no_transit_either,,
181270505011,1,,,no_transit_either,,
181270505012,1,,,no_transit_either,,
181270505013,2,,,no_transit_either,,
181270505031,2,,,no_transit_either,,
181270505032,2,,,no_transit_either,,
181270505033,1,,,no_transit_either,,
181270505063,2,,,no_transit_either,,
181270505072,1,,,no_transit_either,,
181270505082,3,,,no_transit_either,,
181270505083,2,,,no_transit_either,,
181270505091,3,,,no_transit_either,,
181270505092,2,,,no_transit_either,,
181270505093,1,,,no_transit_either,,
181270506022,2,,,no_transit_either,,
181270506031,4,,,no_transit_either,,
181270506032,2,,,no_transit_either,,
181270506051,1,,,no_transit_either,,
181270506061,3,,,no_transit_either,,
181270506062,1,,,no_transit_either,,
181270506063,2,,,no_transit_either,,
181270507031,1,,,no_transit_either,,
181270507032,1,,,no_transit_either,,
181270507041,1,,,no_transit_either,,
181270507042,1,,,no_transit_either,,
181270507043,2,,,no_transit_either,,
181270507051,1,,,no_transit_either,,
181270507052,2,,,no_transit_either,,
181270507061,1,,,no_transit_either,,
181270507062,1,,,no_transit_either,,
181270508011,1,,,no_transit_either,,
181270508012,1,,,no_transit_either,,
181270509011,1,,,no_transit_either,,
181270510051,1,,,no_transit_either,,
181270510052,1,,,no_transit_either,,
181270510062,1,,,no_transit_either,,
181270510091,1,,,no_transit_either,,
181270510092,1,,,no_transit_either,,
181270510102,2,,,no_transit_either,,
181270510111,2,,,no_transit_either,,
181270510112,2,,,no_transit_either,,
181270510113,1,,,no_transit_either,,
181270510121,2,,,no_transit_either,,
181270511011,1,,,no_transit_either,,
181270511012,1,,,no_transit_either,,
181270511013,1,,,no_transit_either,,
181290405003,1,,,no_transit_either,,
181319590001,1,,,no_transit_either,,
181319591004,1,,,no_transit_either,,
181379685003,1,,,no_transit_either,,
181410003022,1,,,no_transit_either,,
181410014004,1,,,no_transit_either,,
181410015001,2,,,no_transit_either,,
181410015004,1,,,no_transit_either,,
181410021001,1,,,no_transit_either,,
181410025001,2,,,no_transit_either,,
181410029001,1,,,no_transit_either,,
181410033001,1,,,no_transit_either,,
181410102012,1,,,no_transit_either,,
181410103002,1,,,no_transit_either,,
181410103003,1,,,no_transit_either,,
181410109021,1,,,no_transit_either,,
181410112032,2,,,no_transit_either,,
181410113034,1,,,no_transit_either,,
181410113035,1,,,no_transit_either,,
181410113062,1,,,no_transit_either,,
181410113073,1,,,no_transit_either,,
181410113081,1,,,no_transit_either,,
181410113082,1,,,no_transit_either,,
181410113092,1,,,no_transit_either,,
181410114031,1,,,no_transit_either,,
181410114032,1,,,no_transit_either,,
181410114041,1,,,no_transit_either,,
181410114063,1,,,no_transit_either,,
181410115062,2,,,no_transit_either,,
181410116021,1,,,no_transit_either,,
181410116042,1,,,no_transit_either,,
181410121001,1,,,no_transit_either,,
181439671004,1,,,no_transit_either,,
181457102001,1,,,no_transit_either,,
181457102004,2,,,no_transit_either,,
181479530002,1,,,no_transit_either,,
181499537002,1,,,no_transit_either,,
181499539002,1,,,no_transit_either,,
181499541001,1,,,no_transit_either,,
181499541002,1,,,no_transit_either,,
181519710003,1,,,no_transit_either,,
181530501012,1,,,no_transit_either,,
181570004001,1,,,no_transit_either,,
181570007002,1,,,no_transit_either,,
181570010001,2,,,no_transit_either,,
181570015023,1,,,no_transit_either,,
181570016011,1,,,no_transit_either,,
181570016021,1,,,no_transit_either,,
181570051023,1,,,no_transit_either,,
181570102011,1,,,no_transit_either,,
181570102012,1,,,no_transit_either,,
181570102052,1,,,no_transit_either,,
181570106004,1,,,no_transit_either,,
181570107004,1,,,no_transit_either,,
181570108001,1,,,no_transit_either,,
181570109012,1,,,no_transit_either,,
181570109013,1,,,no_transit_either,,
181570109022,1,,,no_transit_either,,
181619608001,1,,,no_transit_either,,
181619608002,1,,,no_transit_either,,
181630014001,1,,,no_transit_either,,
181630023002,1,,,no_transit_either,,
181630038051,1,,,no_transit_either,,
181630101011,1,,,no_transit_either,,
181670012001,1,,,no_transit_either,,
181691022001,1,,,no_transit_either,,
181691025001,1,,,no_transit_either,,
181730302004,1,,,no_transit_either,,
181730304002,1,,,no_transit_either,,
181730306013,1,,,no_transit_either,,
181730307072,1,,,no_transit_either,,
181759672002,1,,,no_transit_either,,
181759674002,1,,,no_transit_either,,
181770011012,1,,,no_transit_either,,
181790404002,1,,,no_transit_either,,
181790406003,1,,,no_transit_either,,
181819586001,1,,,no_transit_either,,
181830502005,1,,,no_transit_either,,
181830506001,1,,,no_transit_either,,
190039501001,1,,,no_transit_either,,
190079505002,1,,,no_transit_either,,
190130008002,1,,,no_transit_either,,
190130010004,1,,,no_transit_either,,
190130015032,1,,,no_transit_either,,
190130026061,1,,,no_transit_either,,
190150201002,1,,,no_transit_either,,
190150203001,1,,,no_transit_either,,
190150203002,1,,,no_transit_either,,
190150206001,1,,,no_transit_either,,
190199504001,1,,,no_transit_either,,
190279601002,1,,,no_transit_either,,
190279604001,1,,,no_transit_either,,
190314505003,1,,,no_transit_either,,
190339508004,1,,,no_transit_either,,
190410802003,1,,,no_transit_either,,
190450008002,1,,,no_transit_either,,
190450008004,1,,,no_transit_either,,
190450008005,1,,,no_transit_either,,
190450009006,2,,,no_transit_either,,
190490501002,3,,,no_transit_either,,
190490504002,1,,,no_transit_either,,
190490507001,1,,,no_transit_either,,
190490508032,2,,,no_transit_either,,
190490508053,1,,,no_transit_either,,
190490508132,1,,,no_transit_either,,
190490508171,1,,,no_transit_either,,
190490508172,1,,,no_transit_either,,
190490508182,1,,,no_transit_either,,
190510802002,1,,,no_transit_either,,
190559503002,1,,,no_transit_either,,
190570002001,1,,,no_transit_either,,
190570003004,1,,,no_transit_either,,
190570004001,1,,,no_transit_either,,
190570004002,1,,,no_transit_either,,
190570004005,1,,,no_transit_either,,
190570008004,1,,,no_transit_either,,
190570012001,1,,,no_transit_either,,
190594510004,1,,,no_transit_either,,
190610005003,1,,,no_transit_either,,
190610011013,1,,,no_transit_either,,
190610011031,1,,,no_transit_either,,
190610011043,1,,,no_transit_either,,
190610012053,1,,,no_transit_either,,
190610101031,1,,,no_transit_either,,
190610101041,1,,,no_transit_either,,
190610101053,1,,,no_transit_either,,
190610102011,1,,,no_transit_either,,
190610103003,1,,,no_transit_either,,
190610104003,1,,,no_transit_either,,
190812701003,1,,,no_transit_either,,
190834804002,1,,,no_transit_either,,
190852904003,1,,,no_transit_either,,
190879704001,1,,,no_transit_either,,
190879705004,1,,,no_transit_either,,
190930901001,1,,,no_transit_either,,
190959603003,1,,,no_transit_either,,
190979503003,1,,,no_transit_either,,
190979505003,1,,,no_transit_either,,
190990405003,1,,,no_transit_either,,
191010901002,1,,,no_transit_either,,
191010903012,1,,,no_transit_either,,
191030002001,1,,,no_transit_either,,
191030003052,1,,,no_transit_either,,
191030005013,1,,,no_transit_either,,
191030014003,1,,,no_transit_either,,
191030018013,1,,,no_transit_either,,
191030023002,2,,,no_transit_either,,
191030103032,1,,,no_transit_either,,
191030103051,1,,,no_transit_either,,
191030104011,1,,,no_transit_either,,
191030104012,2,,,no_transit_either,,
191030105012,1,,,no_transit_either,,
191030105023,1,,,no_transit_either,,
191050706004,1,,,no_transit_either,,
191070801001,1,,,no_transit_either,,
191070801002,1,,,no_transit_either,,
191114903001,1,,,no_transit_either,,
191114905004,1,,,no_transit_either,,
191114911003,1,,,no_transit_either,,
191130002011,1,,,no_transit_either,,
191130002093,1,,,no_transit_either,,
191130002113,1,,,no_transit_either,,
191130002131,1,,,no_transit_either,,
191130002132,1,,,no_transit_either,,
191130009013,1,,,no_transit_either,,
191130009021,1,,,no_transit_either,,
191130011011,1,,,no_transit_either,,
191130011013,1,,,no_transit_either,,
191130017004,1,,,no_transit_either,,
191130023003,1,,,no_transit_either,,
191130027002,1,,,no_transit_either,,
191130030054,1,,,no_transit_either,,
191130101003,1,,,no_transit_either,,
191130108011,1,,,no_transit_either,,
191210601012,1,,,no_transit_either,,
191210602001,1,,,no_transit_either,,
191239506003,1,,,no_transit_either,,
191250302011,1,,,no_transit_either,,
191250302022,1,,,no_transit_either,,
191250305001,1,,,no_transit_either,,
191279508013,1,,,no_transit_either,,
191290403022,1,,,no_transit_either,,
191350702003,1,,,no_transit_either,,
191390505001,1,,,no_transit_either,,
191390506002,2,,,no_transit_either,,
191390507003,1,,,no_transit_either,,
191390507004,1,,,no_transit_either,,
191499702002,1,,,no_transit_either,,
191499706001,1,,,no_transit_either,,
191517801002,1,,,no_transit_either,,
191530002011,1,,,no_transit_either,,
191530002021,1,,,no_transit_either,,
191530009014,1,,,no_transit_either,,
191530047012,1,,,no_transit_either,,
191530048001,1,,,no_transit_either,,
191530101013,2,,,no_transit_either,,
191530101023,1,,,no_transit_either,,
191530102051,1,,,no_transit_either,,
191530102083,1,,,no_transit_either,,
191530102113,1,,,no_transit_either,,
191530102121,1,,,no_transit_either,,
191530102163,1,,,no_transit_either,,
191530104111,1,,,no_transit_either,,
191530107022,1,,,no_transit_either,,
191530107032,1,,,no_transit_either,,
191530107093,1,,,no_transit_either,,
191530110264,1,,,no_transit_either,,
191530111142,1,,,no_transit_either,,
191530112032,1,,,no_transit_either,,
191530113033,2,,,no_transit_either,,
191530113041,1,,,no_transit_either,,
191530114052,1,,,no_transit_either,,
191550215012,1,,,no_transit_either,,
191599502002,1,,,no_transit_either,,
191610803004,1,,,no_transit_either,,
191630101032,2,,,no_transit_either,,
191630102012,1,,,no_transit_either,,
191630102021,1,,,no_transit_either,,
191630108003,1,,,no_transit_either,,
191630109002,1,,,no_transit_either,,
191630113001,1,,,no_transit_either,,
191630113002,1,,,no_transit_either,,
191630117003,1,,,no_transit_either,,
191630117004,1,,,no_transit_either,,
191630119002,1,,,no_transit_either,,
191630120001,1,,,no_transit_either,,
191630126011,1,,,no_transit_either,,
191630128012,1,,,no_transit_either,,
191630129012,1,,,no_transit_either,,
191630133001,1,,,no_transit_either,,
191630133002,1,,,no_transit_either,,
191630135002,1,,,no_transit_either,,
191630137063,1,,,no_transit_either,,
191659603002,1,,,no_transit_either,,
191690010002,1,,,no_transit_either,,
191690013022,1,,,no_transit_either,,
191799605002,1,,,no_transit_either,,
191799610001,1,,,no_transit_either,,
191799610002,1,,,no_transit_either,,
191810203001,2,,,no_transit_either,,
191810210002,1,,,no_transit_either,,
191850701003,1,,,no_transit_either,,
191870001023,1,,,no_transit_either,,
191870006004,1,,,no_transit_either,,
191896801003,1,,,no_transit_either,,
191930002021,1,,,no_transit_either,,
191930003002,1,,,no_transit_either,,
191930011001,1,,,no_transit_either,,
200019528001,1,,,no_transit_either,,
200119560001,1,,,no_transit_either,,
200150201024,1,,,no_transit_either,,
200150202053,1,,,no_transit_either,,
200150207002,1,,,no_transit_either,,
200150209013,1,,,no_transit_either,,
200219585001,1,,,no_transit_either,,
200219586004,1,,,no_transit_either,,
200450004001,1,,,no_transit_either,,
200450006021,1,,,no_transit_either,,
200610002001,1,,,no_transit_either,,
200910500002,2,,,no_transit_either,,
200910503022,1,,,no_transit_either,,
200910504001,1,,,no_transit_either,,
200910514003,1,,,no_transit_either,,
200910518012,1,,,no_transit_either,,
200910519092,1,,,no_transit_either,,
200910522013,1,,,no_transit_either,,
200910523052,1,,,no_transit_either,,
200910524102,1,,,no_transit_either,,
200910524111,1,,,no_transit_either,,
200910526083,1,,,no_transit_either,,
200910530112,1,,,no_transit_either,,
200910530133,1,,,no_transit_either,,
200910531102,1,,,no_transit_either,,
200910533021,1,,,no_transit_either,,
200910534031,1,,,no_transit_either,,
200910534112,1,,,no_transit_either,,
200910534181,1,,,no_transit_either,,
200910534232,1,,,no_transit_either,,
200910534264,1,,,no_transit_either,,
200910535085,1,,,no_transit_either,,
200910535092,1,,,no_transit_either,,
200910535095,1,,,no_transit_either,,
200910535103,1,,,no_transit_either,,
200910538031,1,,,no_transit_either,,
201211006011,1,,,no_transit_either,,
201211006021,1,,,no_transit_either,,
201390105002,1,,,no_transit_either,,
201490004004,1,,,no_transit_either,,
201610009004,1,,,no_transit_either,,
201730002002,1,,,no_transit_either,,
201730019001,1,,,no_transit_either,,
201730036003,1,,,no_transit_either,,
201730084001,1,,,no_transit_either,,
201730091001,1,,,no_transit_either,,
201730094021,1,,,no_transit_either,,
201730096052,2,,,no_transit_either,,
201730098011,1,,,no_transit_either,,
201730101062,1,,,no_transit_either,,
201730101111,1,,,no_transit_either,,
201730101161,1,,,no_transit_either,,
201730103023,1,,,no_transit_either,,
201730105001,1,,,no_transit_either,,
201770013004,1,,,no_transit_either,,
201770024012,1,,,no_transit_either,,
201770036052,1,,,no_transit_either,,
201770037013,1,,,no_transit_either,,
201770039014,1,,,no_transit_either,,
201770039021,1,,,no_transit_either,,
202090427001,1,,,no_transit_either,,
202090436003,1,,,no_transit_either,,
202090441022,1,,,no_transit_either,,
202090446012,1,,,no_transit_either,,
202090448034,1,,,no_transit_either,,
210039205001,1,,,no_transit_either,,
210059503001,1,,,no_transit_either,,
210099508001,1,,,no_transit_either,,
210150702011,2,,,no_transit_either,,
210150703011,1,,,no_transit_either,,
210150703013,1,,,no_transit_either,,
210150703091,1,,,no_transit_either,,
210150703131,1,,,no_transit_either,,
210150703171,1,,,no_transit_either,,
210150705022,1,,,no_transit_either,,
210150705031,2,,,no_transit_either,,
210150705033,1,,,no_transit_either,,
210159801001,1,,,no_transit_either,,
210279602003,1,,,no_transit_either,,
210290207031,1,,,no_transit_either,,
210370505002,1,,,no_transit_either,,
210370513001,1,,,no_transit_either,,
210370523023,1,,,no_transit_either,,
210370529002,2,,,no_transit_either,,
210472012001,1,,,no_transit_either,,
210539702022,1,,,no_transit_either,,
210590014024,1,,,no_transit_either,,
210670003003,1,,,no_transit_either,,
210670006002,1,,,no_transit_either,,
210670007001,1,,,no_transit_either,,
210670008012,1,,,no_transit_either,,
210670018001,1,,,no_transit_either,,
210670039152,1,,,no_transit_either,,
210670040032,1,,,no_transit_either,,
210699203002,1,,,no_transit_either,,
210759602001,1,,,no_transit_either,,
210819201013,1,,,no_transit_either,,
210819202021,1,,,no_transit_either,,
210859504021,1,,,no_transit_either,,
210859505003,1,,,no_transit_either,,
210999704002,1,,,no_transit_either,,
211110006002,1,,,no_transit_either,,
211110008003,1,,,no_transit_either,,
211110053001,1,,,no_transit_either,,
211110090013,1,,,no_transit_either,,
211110099001,1,,,no_transit_either,,
211110100012,1,,,no_transit_either,,
211110103141,1,,,no_transit_either,,
211110103151,1,,,no_transit_either,,
211110110062,1,,,no_transit_either,,
211110111091,1,,,no_transit_either,,
211110115064,1,,,no_transit_either,,
211110115084,1,,,no_transit_either,,
211110115181,1,,,no_transit_either,,
211110116031,1,,,no_transit_either,,
211110117092,1,,,no_transit_either,,
211110121071,1,,,no_transit_either,,
211110122034,1,,,no_transit_either,,
211110122062,1,,,no_transit_either,,
211110123011,1,,,no_transit_either,,
211110124073,1,,,no_transit_either,,
211110124091,1,,,no_transit_either,,
211110124132,1,,,no_transit_either,,
211110126041,1,,,no_transit_either,,
211110126061,1,,,no_transit_either,,
211110127011,1,,,no_transit_either,,
211110127031,1,,,no_transit_either,,
211170636061,1,,,no_transit_either,,
211170636071,1,,,no_transit_either,,
211170636081,1,,,no_transit_either,,
211170647003,1,,,no_transit_either,,
211170649002,1,,,no_transit_either,,
211170656003,1,,,no_transit_either,,
211170668021,1,,,no_transit_either,,
211170669005,1,,,no_transit_either,,
211170672005,1,,,no_transit_either,,
211239601032,1,,,no_transit_either,,
211359303003,1,,,no_transit_either,,
211390401003,1,,,no_transit_either,,
211450314022,1,,,no_transit_either,,
211510113012,1,,,no_transit_either,,
211510113042,1,,,no_transit_either,,
211619605001,1,,,no_transit_either,,
211639703012,1,,,no_transit_either,,
211719303001,1,,,no_transit_either,,
211719303002,1,,,no_transit_either,,
211739205001,1,,,no_transit_either,,
211779602021,1,,,no_transit_either,,
211799303012,1,,,no_transit_either,,
211919301021,1,,,no_transit_either,,
211979702022,1,,,no_transit_either,,
211999308012,1,,,no_transit_either,,
212079603003,1,,,no_transit_either,,
212090403012,1,,,no_transit_either,,
212090403032,1,,,no_transit_either,,
212090406061,1,,,no_transit_either,,
212110402021,1,,,no_transit_either,,
212110403023,1,,,no_transit_either,,
212270107021,1,,,no_transit_either,,
212270113003,1,,,no_transit_either,,
212270114011,1,,,no_transit_either,,
212319203002,1,,,no_transit_either,,
220510205132,1,,,no_transit_either,,
220510205143,2,,,no_transit_either,,
220510210002,1,,,no_transit_either,,
220510275014,1,,,no_transit_either,,
220510278142,1,,,no_transit_either,,
220510287002,1,,,no_transit_either,,
220510299002,1,,,no_transit_either,,
220750503001,1,,,no_transit_either,,
220750504003,1,,,no_transit_either,,
220850004005,1,,,no_transit_either,,
220870301041,1,,,no_transit_either,,
220890625003,1,,,no_transit_either,,
220930402002,1,,,no_transit_either,,
220930403001,1,,,no_transit_either,,
220930407003,1,,,no_transit_either,,
220950709002,1,,,no_transit_either,,
221030406012,1,,,no_transit_either,,
221030407081,1,,,no_transit_either,,
221030412072,1,,,no_transit_either,,
221059539022,1,,,no_transit_either,,
221059546011,1,,,no_transit_either,,
221059547003,1,,,no_transit_either,,
230050010002,1,,,no_transit_either,,
230050032001,1,,,no_transit_either,,
230050170041,1,,,no_transit_either,,
230110106011,1,,,no_transit_either,,
230159752001,1,,,no_transit_either,,
230310230002,1,,,no_transit_either,,
230310320012,1,,,no_transit_either,,
240037301021,1,,,no_transit_either,,
240037407013,1,,,no_transit_either,,
240217505063,1,,,no_transit_either,,
240276030012,1,,,no_transit_either,,
240276051052,1,,,no_transit_either,,
240276067062,1,,,no_transit_either,,
240276069053,1,,,no_transit_either,,
240317003103,1,,,no_transit_either,,
240317003151,1,,,no_transit_either,,
240317010051,1,,,no_transit_either,,
240317013072,1,,,no_transit_either,,
240317013132,1,,,no_transit_either,,
240317013141,1,,,no_transit_either,,
240317015071,1,,,no_transit_either,,
240317015094,1,,,no_transit_either,,
240317023021,1,,,no_transit_either,,
240317032143,1,,,no_transit_either,,
250010111003,1,,,no_transit_either,,
250056311011,1,,,no_transit_either,,
250056312004,1,,,no_transit_either,,
250056451031,1,,,no_transit_either,,
250092131001,1,,,no_transit_either,,
250173106011,1,,,no_transit_either,,
250173165003,1,,,no_transit_either,,
250250005052,1,,,no_transit_either,,
250250007031,1,,,no_transit_either,,
250250103002,1,,,no_transit_either,,
250250104042,1,,,no_transit_either,,
250250915001,1,,,no_transit_either,,
250250920001,1,,,no_transit_either,,
250251010023,1,,,no_transit_either,,
250251101051,1,,,no_transit_either,,
260050303011,1,,,no_transit_either,,
260050304031,1,,,no_transit_either,,
260050307022,1,,,no_transit_either,,
260050310023,1,,,no_transit_either,,
260050311022,1,,,no_transit_either,,
260050313002,1,,,no_transit_either,,
260150104031,1,,,no_transit_either,,
260150104032,1,,,no_transit_either,,
260150107002,1,,,no_transit_either,,
260150113012,1,,,no_transit_either,,
260172805001,1,,,no_transit_either,,
260172862004,1,,,no_transit_either,,
260210006002,1,,,no_transit_either,,
260210007001,1,,,no_transit_either,,
260210008022,2,,,no_transit_either,,
260210010002,1,,,no_transit_either,,
260210015002,1,,,no_transit_either,,
260210018001,2,,,no_transit_either,,
260210018002,1,,,no_transit_either,,
260210020003,2,,,no_transit_either,,
260210024002,1,,,no_transit_either,,
260210025002,1,,,no_transit_either,,
260210101001,2,,,no_transit_either,,
260210101003,1,,,no_transit_either,,
260210102012,1,,,no_transit_either,,
260210106001,1,,,no_transit_either,,
260210110002,1,,,no_transit_either,,
260210110003,1,,,no_transit_either,,
260210112011,1,,,no_transit_either,,
260210113012,1,,,no_transit_either,,
260210114002,2,,,no_transit_either,,
260210201002,1,,,no_transit_either,,
260210201003,1,,,no_transit_either,,
260210202003,1,,,no_transit_either,,
260210203002,1,,,no_transit_either,,
260210206004,1,,,no_transit_either,,
260210213003,1,,,no_transit_either,,
260239514001,2,,,no_transit_either,,
260250008001,1,,,no_transit_either,,
260250014005,1,,,no_transit_either,,
260250016003,1,,,no_transit_either,,
260250027003,1,,,no_transit_either,,
260270015004,1,,,no_transit_either,,
260270016002,1,,,no_transit_either,,
260270018023,1,,,no_transit_either,,
260270019011,1,,,no_transit_either,,
260270020003,1,,,no_transit_either,,
260290010002,1,,,no_transit_either,,
260339704002,1,,,no_transit_either,,
260339708001,1,,,no_transit_either,,
260339802001,1,,,no_transit_either,,
260350003003,1,,,no_transit_either,,
260350008003,1,,,no_transit_either,,
260370101072,1,,,no_transit_either,,
260370103002,1,,,no_transit_either,,
260370110021,2,,,no_transit_either,,
260370111011,1,,,no_transit_either,,
260370111061,1,,,no_transit_either,,
260419707001,2,,,no_transit_either,,
260419710002,1,,,no_transit_either,,
260450203061,1,,,no_transit_either,,
260450208003,1,,,no_transit_either,,
260450214023,1,,,no_transit_either,,
260490036005,1,,,no_transit_either,,
260490036006,1,,,no_transit_either,,
260490109101,1,,,no_transit_either,,
260490109111,1,,,no_transit_either,,
260490111031,1,,,no_transit_either,,
260490114023,1,,,no_transit_either,,
260490117112,1,,,no_transit_either,,
260490117131,1,,,no_transit_either,,
260490117133,1,,,no_transit_either,,
260490129041,1,,,no_transit_either,,
260510004001,1,,,no_transit_either,,
260555501012,1,,,no_transit_either,,
260555504021,1,,,no_transit_either,,
260555505003,1,,,no_transit_either,,
260555505004,1,,,no_transit_either,,
260555506021,1,,,no_transit_either,,
260555507013,1,,,no_transit_either,,
260555510002,1,,,no_transit_either,,
260555513021,2,,,no_transit_either,,
260555514001,1,,,no_transit_either,,
260570001003,1,,,no_transit_either,,
260570002003,1,,,no_transit_either,,
260570004001,1,,,no_transit_either,,
260570005002,1,,,no_transit_either,,
260570005004,1,,,no_transit_either,,
260570005005,1,,,no_transit_either,,
260570006001,1,,,no_transit_either,,
260590512003,1,,,no_transit_either,,
260610005002,1,,,no_transit_either,,
260610007001,1,,,no_transit_either,,
260610007003,1,,,no_transit_either,,
260650028002,1,,,no_transit_either,,
260650037002,1,,,no_transit_either,,
260650044931,1,,,no_transit_either,,
260650045003,1,,,no_transit_either,,
260650050022,1,,,no_transit_either,,
260650050041,1,,,no_transit_either,,
260650050042,1,,,no_transit_either,,
260650057003,1,,,no_transit_either,,
260650059001,1,,,no_transit_either,,
260650060011,1,,,no_transit_either,,
260650060013,1,,,no_transit_either,,
260650063022,1,,,no_transit_either,,
260650067003,1,,,no_transit_either,,
260650070004,1,,,no_transit_either,,
260670301021,1,,,no_transit_either,,
260670303003,1,,,no_transit_either,,
260670313012,1,,,no_transit_either,,
260670321002,1,,,no_transit_either,,
260679822001,1,,,no_transit_either,,
260710003002,1,,,no_transit_either,,
260730003002,1,,,no_transit_either,,
260730006001,1,,,no_transit_either,,
260730006003,1,,,no_transit_either,,
260730007022,1,,,no_transit_either,,
260730007031,1,,,no_transit_either,,
260730009001,1,,,no_transit_either,,
260739402004,1,,,no_transit_either,,
260739403001,1,,,no_transit_either,,
260739403004,1,,,no_transit_either,,
260739404002,1,,,no_transit_either,,
260750004003,1,,,no_transit_either,,
260750012001,1,,,no_transit_either,,
260750053012,1,,,no_transit_either,,
260750062012,1,,,no_transit_either,,
260750063051,1,,,no_transit_either,,
260750064031,1,,,no_transit_either,,
260750066002,1,,,no_transit_either,,
260750068044,1,,,no_transit_either,,
260770006015,1,,,no_transit_either,,
260770012001,1,,,no_transit_either,,
260770012002,1,,,no_transit_either,,
260770013001,1,,,no_transit_either,,
260770015032,1,,,no_transit_either,,
260770016013,1,,,no_transit_either,,
260770016032,1,,,no_transit_either,,
260770017013,1,,,no_transit_either,,
260770018032,1,,,no_transit_either,,
260770020022,1,,,no_transit_either,,
260770020032,1,,,no_transit_either,,
260770020033,1,,,no_transit_either,,
260770020042,1,,,no_transit_either,,
260770020052,1,,,no_transit_either,,
260770022012,1,,,no_transit_either,,
260770027011,1,,,no_transit_either,,
260770028012,1,,,no_transit_either,,
260770028021,1,,,no_transit_either,,
260770029013,1,,,no_transit_either,,
260770029072,1,,,no_transit_either,,
260770029112,1,,,no_transit_either,,
260770029113,1,,,no_transit_either,,
260770030052,1,,,no_transit_either,,
260770034001,1,,,no_transit_either,,
260770034002,1,,,no_transit_either,,
260770035002,1,,,no_transit_either,,
260770035004,1,,,no_transit_either,,
260770055011,1,,,no_transit_either,,
260770066012,1,,,no_transit_either,,
260770066013,1,,,no_transit_either,,
260770067012,1,,,no_transit_either,,
260770067021,1,,,no_transit_either,,
260799503004,1,,,no_transit_either,,
260810002001,1,,,no_transit_either,,
260810005001,1,,,no_transit_either,,
260810005004,2,,,no_transit_either,,
260810011041,1,,,no_transit_either,,
260810012001,1,,,no_transit_either,,
260810016005,1,,,no_transit_either,,
260810020003,1,,,no_transit_either,,
260810021003,1,,,no_transit_either,,
260810024001,1,,,no_transit_either,,
260810025001,1,,,no_transit_either,,
260810025003,1,,,no_transit_either,,
260810028001,1,,,no_transit_either,,
260810028002,1,,,no_transit_either,,
260810030001,1,,,no_transit_either,,
260810033002,1,,,no_transit_either,,
260810037002,1,,,no_transit_either,,
260810040002,1,,,no_transit_either,,
260810041002,1,,,no_transit_either,,
260810041003,1,,,no_transit_either,,
260810043002,1,,,no_transit_either,,
260810045022,1,,,no_transit_either,,
260810046001,2,,,no_transit_either,,
260810102001,2,,,no_transit_either,,
260810103022,1,,,no_transit_either,,
260810104013,1,,,no_transit_either,,
260810108031,1,,,no_transit_either,,
260810108032,1,,,no_transit_either,,
260810108041,1,,,no_transit_either,,
260810109022,1,,,no_transit_either,,
260810109032,1,,,no_transit_either,,
260810109034,2,,,no_transit_either,,
260810109041,1,,,no_transit_either,,
260810109042,1,,,no_transit_either,,
260810109043,1,,,no_transit_either,,
260810110023,1,,,no_transit_either,,
260810111012,1,,,no_transit_either,,
260810111021,1,,,no_transit_either,,
260810112002,1,,,no_transit_either,,
260810112003,1,,,no_transit_either,,
260810113011,1,,,no_transit_either,,
260810113012,2,,,no_transit_either,,
260810113021,1,,,no_transit_either,,
260810114031,1,,,no_transit_either,,
260810114032,1,,,no_transit_either,,
260810114051,1,,,no_transit_either,,
260810115011,1,,,no_transit_either,,
260810115012,1,,,no_transit_either,,
260810117012,1,,,no_transit_either,,
260810118041,1,,,no_transit_either,,
260810118044,1,,,no_transit_either,,
260810119011,1,,,no_transit_either,,
260810119021,2,,,no_transit_either,,
260810120041,1,,,no_transit_either,,
260810120043,1,,,no_transit_either,,
260810122011,2,,,no_transit_either,,
260810122013,1,,,no_transit_either,,
260810123001,1,,,no_transit_either,,
260810123003,1,,,no_transit_either,,
260810125001,1,,,no_transit_either,,
260810125002,1,,,no_transit_either,,
260810125003,1,,,no_transit_either,,
260810126051,1,,,no_transit_either,,
260810126052,1,,,no_transit_either,,
260810126091,1,,,no_transit_either,,
260810126092,1,,,no_transit_either,,
260810126111,1,,,no_transit_either,,
260810127022,1,,,no_transit_either,,
260810127031,2,,,no_transit_either,,
260810127032,1,,,no_transit_either,,
260810129011,1,,,no_transit_either,,
260810129021,1,,,no_transit_either,,
260810130002,1,,,no_transit_either,,
260810132001,1,,,no_transit_either,,
260810132003,1,,,no_transit_either,,
260810132004,1,,,no_transit_either,,
260810146053,1,,,no_transit_either,,
260810147031,1,,,no_transit_either,,
260810148053,1,,,no_transit_either,,
260810148091,1,,,no_transit_either,,
260810148101,1,,,no_transit_either,,
260810148103,1,,,no_transit_either,,
260810148112,1,,,no_transit_either,,
260873335001,1,,,no_transit_either,,
260899705011,1,,,no_transit_either,,
260899705021,1,,,no_transit_either,,
260899706013,1,,,no_transit_either,,
260899706021,1,,,no_transit_either,,
260910601001,1,,,no_transit_either,,
260910604022,1,,,no_transit_either,,
260910617011,1,,,no_transit_either,,
260910617024,1,,,no_transit_either,,
260937110001,1,,,no_transit_either,,
260937126011,1,,,no_transit_either,,
260937126021,1,,,no_transit_either,,
260937223001,1,,,no_transit_either,,
260937225001,1,,,no_transit_either,,
260937251011,1,,,no_transit_either,,
260937306002,1,,,no_transit_either,,
260937416021,1,,,no_transit_either,,
260937416022,1,,,no_transit_either,,
260979504004,1,,,no_transit_either,,
260992200033,1,,,no_transit_either,,
260992221062,1,,,no_transit_either,,
260992225001,1,,,no_transit_either,,
260992242011,1,,,no_transit_either,,
260992306022,1,,,no_transit_either,,
260992312001,1,,,no_transit_either,,
260992321005,1,,,no_transit_either,,
260992454001,1,,,no_transit_either,,
260992473021,1,,,no_transit_either,,
260992513001,1,,,no_transit_either,,
260992561001,2,,,no_transit_either,,
260992566001,1,,,no_transit_either,,
260992581004,1,,,no_transit_either,,
260992616011,1,,,no_transit_either,,
260992622004,1,,,no_transit_either,,
260992680002,1,,,no_transit_either,,
261010002002,1,,,no_transit_either,,
261010007001,1,,,no_transit_either,,
261010007003,1,,,no_transit_either,,
261030007002,1,,,no_transit_either,,
261030020002,1,,,no_transit_either,,
261059504005,1,,,no_transit_either,,
261059507002,1,,,no_transit_either,,
261059507003,1,,,no_transit_either,,
261079605001,1,,,no_transit_either,,
261079605004,1,,,no_transit_either,,
261079608002,1,,,no_transit_either,,
261079609003,1,,,no_transit_either,,
261079610022,1,,,no_transit_either,,
261112905001,1,,,no_transit_either,,
261112907003,1,,,no_transit_either,,
261112912003,1,,,no_transit_either,,
261139602001,1,,,no_transit_either,,
261158302001,1,,,no_transit_either,,
261158308013,1,,,no_transit_either,,
261158325001,1,,,no_transit_either,,
261179701001,1,,,no_transit_either,,
261179703002,1,,,no_transit_either,,
261179704001,1,,,no_transit_either,,
261179709002,1,,,no_transit_either,,
261199101001,1,,,no_transit_either,,
261210004011,1,,,no_transit_either,,
261210004021,1,,,no_transit_either,,
261210016001,1,,,no_transit_either,,
261210020001,1,,,no_transit_either,,
261210023005,1,,,no_transit_either,,
261210024002,1,,,no_transit_either,,
261210026013,1,,,no_transit_either,,
261210030001,1,,,no_transit_either,,
261210034003,1,,,no_transit_either,,
261210036002,1,,,no_transit_either,,
261210040001,1,,,no_transit_either,,
261210042001,1,,,no_transit_either,,
261239703002,1,,,no_transit_either,,
261239707003,1,,,no_transit_either,,
261251200002,1,,,no_transit_either,,
261251224004,1,,,no_transit_either,,
261251240003,1,,,no_transit_either,,
261251256002,1,,,no_transit_either,,
261251272001,1,,,no_transit_either,,
261251285001,1,,,no_transit_either,,
261251302001,1,,,no_transit_either,,
261251313001,1,,,no_transit_either,,
261251340001,1,,,no_transit_either,,
261251348001,1,,,no_transit_either,,
261251361013,1,,,no_transit_either,,
261251378001,1,,,no_transit_either,,
261251381001,1,,,no_transit_either,,
261251403031,1,,,no_transit_either,,
261251416001,2,,,no_transit_either,,
261251444002,1,,,no_transit_either,,
261251452002,1,,,no_transit_either,,
261251455022,1,,,no_transit_either,,
261251500005,1,,,no_transit_either,,
261251545001,1,,,no_transit_either,,
261251618001,1,,,no_transit_either,,
261251710003,1,,,no_transit_either,,
261251831003,1,,,no_transit_either,,
261251832003,1,,,no_transit_either,,
261259813001,1,,,no_transit_either,,
261270104004,1,,,no_transit_either,,
261270106003,1,,,no_transit_either,,
261270109001,1,,,no_transit_either,,
261339701004,1,,,no_transit_either,,
261339705023,1,,,no_transit_either,,
261390202001,1,,,no_transit_either,,
261390204003,1,,,no_transit_either,,
261390206002,1,,,no_transit_either,,
261390209004,1,,,no_transit_either,,
261390213012,1,,,no_transit_either,,
261390214011,1,,,no_transit_either,,
261390216044,1,,,no_transit_either,,
261390216061,1,,,no_transit_either,,
261390220013,1,,,no_transit_either,,
261390222073,1,,,no_transit_either,,
261390230013,1,,,no_transit_either,,
261390230042,1,,,no_transit_either,,
261390232001,1,,,no_transit_either,,
261390245011,1,,,no_transit_either,,
261390246001,1,,,no_transit_either,,
261390246002,1,,,no_transit_either,,
261390249011,1,,,no_transit_either,,
261390251021,1,,,no_transit_either,,
261390255002,1,,,no_transit_either,,
261450006002,1,,,no_transit_either,,
261450103061,1,,,no_transit_either,,
261450120022,1,,,no_transit_either,,
261476360006,1,,,no_transit_either,,
261476371001,1,,,no_transit_either,,
261490406002,1,,,no_transit_either,,
261490408002,1,,,no_transit_either,,
261490412002,1,,,no_transit_either,,
261490413013,1,,,no_transit_either,,
261490416003,1,,,no_transit_either,,
261519710001,1,,,no_transit_either,,
261550301005,1,,,no_transit_either,,
261550302002,1,,,no_transit_either,,
261550306002,1,,,no_transit_either,,
261550316003,1,,,no_transit_either,,
261590101013,1,,,no_transit_either,,
261590102011,1,,,no_transit_either,,
261590102012,1,,,no_transit_either,,
261590105003,1,,,no_transit_either,,
261590109021,1,,,no_transit_either,,
261590110031,1,,,no_transit_either,,
261590110041,1,,,no_transit_either,,
261590115004,1,,,no_transit_either,,
261590116021,2,,,no_transit_either,,
261590119003,1,,,no_transit_either,,
261590120011,1,,,no_transit_either,,
261614005003,1,,,no_transit_either,,
261614022015,1,,,no_transit_either,,
261614031001,2,,,no_transit_either,,
261614035001,1,,,no_transit_either,,
261614056002,1,,,no_transit_either,,
261614110002,1,,,no_transit_either,,
261614134022,1,,,no_transit_either,,
261614147001,1,,,no_transit_either,,
261614149002,1,,,no_transit_either,,
261614160001,1,,,no_transit_either,,
261614260021,1,,,no_transit_either,,
261614320001,1,,,no_transit_either,,
261614480002,1,,,no_transit_either,,
261614540022,1,,,no_transit_either,,
261614560001,1,,,no_transit_either,,
261614640001,1,,,no_transit_either,,
261614660002,1,,,no_transit_either,,
261635033001,1,,,no_transit_either,,
261635039001,1,,,no_transit_either,,
261635056003,1,,,no_transit_either,,
261635248001,1,,,no_transit_either,,
261635353002,1,,,no_transit_either,,
261635367001,2,,,no_transit_either,,
261635413002,1,,,no_transit_either,,
261635456001,1,,,no_transit_either,,
261635458002,1,,,no_transit_either,,
261635460002,1,,,no_transit_either,,
261635512001,1,,,no_transit_either,,
261635523002,1,,,no_transit_either,,
261635528011,1,,,no_transit_either,,
261635536012,1,,,no_transit_either,,
261635566001,1,,,no_transit_either,,
261635579011,1,,,no_transit_either,,
261635580003,1,,,no_transit_either,,
261635581001,2,,,no_transit_either,,
261635585001,1,,,no_transit_either,,
261635601001,1,,,no_transit_either,,
261635604001,1,,,no_transit_either,,
261635604005,1,,,no_transit_either,,
261635629002,1,,,no_transit_either,,
261635635001,1,,,no_transit_either,,
261635641001,1,,,no_transit_either,,
261635645044,1,,,no_transit_either,,
261635648003,1,,,no_transit_either,,
261635651001,1,,,no_transit_either,,
261635652004,1,,,no_transit_either,,
261635672013,1,,,no_transit_either,,
261635678004,1,,,no_transit_either,,
261635678005,1,,,no_transit_either,,
261635687002,1,,,no_transit_either,,
261635688002,1,,,no_transit_either,,
261635693002,1,,,no_transit_either,,
261635704004,1,,,no_transit_either,,
261635734003,1,,,no_transit_either,,
261635748002,1,,,no_transit_either,,
261635751001,1,,,no_transit_either,,
261635771001,1,,,no_transit_either,,
261635785005,1,,,no_transit_either,,
261635792001,2,,,no_transit_either,,
261635793001,1,,,no_transit_either,,
261635805002,1,,,no_transit_either,,
261635806002,1,,,no_transit_either,,
261635835002,1,,,no_transit_either,,
261635837002,1,,,no_transit_either,,
261635838003,1,,,no_transit_either,,
261635856001,1,,,no_transit_either,,
261635882002,1,,,no_transit_either,,
261635944011,1,,,no_transit_either,,
261635944012,1,,,no_transit_either,,
261635950002,1,,,no_transit_either,,
261635970002,1,,,no_transit_either,,
261635991001,1,,,no_transit_either,,
261653805001,1,,,no_transit_either,,
261653807001,1,,,no_transit_either,,
270017701001,1,,,no_transit_either,,
270030501072,1,,,no_transit_either,,
270030501081,1,,,no_transit_either,,
270030502202,1,,,no_transit_either,,
270030502223,1,,,no_transit_either,,
270030502233,1,,,no_transit_either,,
270030502342,1,,,no_transit_either,,
270030502382,1,,,no_transit_either,,
270030502391,1,,,no_transit_either,,
270030504021,1,,,no_transit_either,,
270030504023,1,,,no_transit_either,,
270030506022,1,,,no_transit_either,,
270030506052,1,,,no_transit_either,,
270030506061,1,,,no_transit_either,,
270030506112,2,,,no_transit_either,,
270030507042,1,,,no_transit_either,,
270030508163,2,,,no_transit_either,,
270030508183,1,,,no_transit_either,,
270030512031,1,,,no_transit_either,,
270074507061,1,,,no_transit_either,,
270131715002,1,,,no_transit_either,,
270159603003,1,,,no_transit_either,,
270190901021,2,,,no_transit_either,,
270190903024,1,,,no_transit_either,,
270190904014,1,,,no_transit_either,,
270190904021,1,,,no_transit_either,,
270190904022,1,,,no_transit_either,,
270190905011,1,,,no_transit_either,,
270190906022,1,,,no_transit_either,,
270190907033,1,,,no_transit_either,,
270190908012,1,,,no_transit_either,,
270190908013,2,,,no_transit_either,,
270190908021,1,,,no_transit_either,,
270190909022,1,,,no_transit_either,,
270190909023,1,,,no_transit_either,,
270190910025,2,,,no_transit_either,,
270190911004,1,,,no_transit_either,,
270190912015,1,,,no_transit_either,,
270251103014,1,,,no_transit_either,,
270251104043,1,,,no_transit_either,,
270251105041,1,,,no_transit_either,,
270251106001,1,,,no_transit_either,,
270251106002,1,,,no_transit_either,,
270270301092,1,,,no_transit_either,,
270290003002,1,,,no_transit_either,,
270359513013,1,,,no_transit_either,,
270370601032,1,,,no_transit_either,,
270370601043,1,,,no_transit_either,,
270370603022,1,,,no_transit_either,,
270370604012,1,,,no_transit_either,,
270370605032,1,,,no_transit_either,,
270370605061,1,,,no_transit_either,,
270370605062,1,,,no_transit_either,,
270370605063,1,,,no_transit_either,,
270370605064,1,,,no_transit_either,,
270370605093,1,,,no_transit_either,,
270370607093,1,,,no_transit_either,,
270370607103,1,,,no_transit_either,,
270370607112,1,,,no_transit_either,,
270370607174,1,,,no_transit_either,,
270370607251,1,,,no_transit_either,,
270370607261,1,,,no_transit_either,,
270370607281,1,,,no_transit_either,,
270370607293,1,,,no_transit_either,,
270370607321,1,,,no_transit_either,,
270370607341,1,,,no_transit_either,,
270370607373,1,,,no_transit_either,,
270370607501,1,,,no_transit_either,,
270370607521,1,,,no_transit_either,,
270370607522,1,,,no_transit_either,,
270370608122,1,,,no_transit_either,,
270370608124,2,,,no_transit_either,,
270370608141,1,,,no_transit_either,,
270370608145,1,,,no_transit_either,,
270370608161,1,,,no_transit_either,,
270370608162,2,,,no_transit_either,,
270370608194,1,,,no_transit_either,,
270370608241,1,,,no_transit_either,,
270370608302,1,,,no_transit_either,,
270370608352,1,,,no_transit_either,,
270370608362,1,,,no_transit_either,,
270370608381,1,,,no_transit_either,,
270370608401,1,,,no_transit_either,,
270370609042,1,,,no_transit_either,,
270370609043,1,,,no_transit_either,,
270370609052,1,,,no_transit_either,,
270370610014,1,,,no_transit_either,,
270370610093,1,,,no_transit_either,,
270370610094,1,,,no_transit_either,,
270370611051,2,,,no_transit_either,,
270370611101,1,,,no_transit_either,,
270370611111,1,,,no_transit_either,,
270370611122,1,,,no_transit_either,,
270370614022,1,,,no_transit_either,,
270399505002,1,,,no_transit_either,,
270414508002,1,,,no_transit_either,,
270459605004,1,,,no_transit_either,,
270471803003,1,,,no_transit_either,,
270471807001,1,,,no_transit_either,,
270490809004,1,,,no_transit_either,,
270530006031,1,,,no_transit_either,,
270530121022,1,,,no_transit_either,,
270530201011,1,,,no_transit_either,,
270530207001,1,,,no_transit_either,,
270530213001,1,,,no_transit_either,,
270530214003,1,,,no_transit_either,,
270530215013,1,,,no_transit_either,,
270530215052,1,,,no_transit_either,,
270530216025,1,,,no_transit_either,,
270530218001,1,,,no_transit_either,,
270530221021,1,,,no_transit_either,,
270530224004,1,,,no_transit_either,,
270530235023,1,,,no_transit_either,,
270530239021,1,,,no_transit_either,,
270530239033,2,,,no_transit_either,,
270530240043,2,,,no_transit_either,,
270530241004,1,,,no_transit_either,,
270530244001,1,,,no_transit_either,,
270530252054,1,,,no_transit_either,,
270530253021,1,,,no_transit_either,,
270530254031,1,,,no_transit_either,,
270530254033,1,,,no_transit_either,,
270530256051,1,,,no_transit_either,,
270530257021,1,,,no_transit_either,,
270530257024,1,,,no_transit_either,,
270530258013,1,,,no_transit_either,,
270530258032,1,,,no_transit_either,,
270530258052,1,,,no_transit_either,,
270530259051,1,,,no_transit_either,,
270530260213,1,,,no_transit_either,,
270530260251,1,,,no_transit_either,,
270530260271,1,,,no_transit_either,,
270530262071,1,,,no_transit_either,,
270530264033,1,,,no_transit_either,,
270530265101,1,,,no_transit_either,,
270530265143,1,,,no_transit_either,,
270530266061,1,,,no_transit_either,,
270530266143,1,,,no_transit_either,,
270530266153,1,,,no_transit_either,,
270530266171,1,,,no_transit_either,,
270530267022,1,,,no_transit_either,,
270530267083,1,,,no_transit_either,,
270530267084,1,,,no_transit_either,,
270530267252,1,,,no_transit_either,,
270530268253,1,,,no_transit_either,,
270530268262,1,,,no_transit_either,,
270530269062,1,,,no_transit_either,,
270530269101,1,,,no_transit_either,,
270530270011,1,,,no_transit_either,,
270530270021,1,,,no_transit_either,,
270530272041,1,,,no_transit_either,,
270530275043,1,,,no_transit_either,,
270530277012,1,,,no_transit_either,,
270531008004,1,,,no_transit_either,,
270531018002,1,,,no_transit_either,,
270531034001,1,,,no_transit_either,,
270531041002,1,,,no_transit_either,,
270531057003,1,,,no_transit_either,,
270531070003,1,,,no_transit_either,,
270531076004,1,,,no_transit_either,,
270531086002,1,,,no_transit_either,,
270531088001,1,,,no_transit_either,,
270531090002,1,,,no_transit_either,,
270531093001,1,,,no_transit_either,,
270531101003,1,,,no_transit_either,,
270531225001,1,,,no_transit_either,,
270531258001,1,,,no_transit_either,,
270531260004,1,,,no_transit_either,,
270531261021,1,,,no_transit_either,,
270531261022,1,,,no_transit_either,,
270591303031,1,,,no_transit_either,,
270591305011,1,,,no_transit_either,,
270591305023,1,,,no_transit_either,,
270614808041,1,,,no_transit_either,,
270677805002,1,,,no_transit_either,,
270677806003,1,,,no_transit_either,,
270690902001,1,,,no_transit_either,,
270731803001,1,,,no_transit_either,,
270753701021,1,,,no_transit_either,,
270859502001,1,,,no_transit_either,,
270859503021,1,,,no_transit_either,,
270859506002,2,,,no_transit_either,,
270917901002,1,,,no_transit_either,,
270935601004,1,,,no_transit_either,,
270935602005,1,,,no_transit_either,,
271034801001,1,,,no_transit_either,,
271034805012,1,,,no_transit_either,,
271090001002,1,,,no_transit_either,,
271090006001,1,,,no_transit_either,,
271090012012,1,,,no_transit_either,,
271090012022,1,,,no_transit_either,,
271090013013,1,,,no_transit_either,,
271090013022,1,,,no_transit_either,,
271090014032,1,,,no_transit_either,,
271090014043,1,,,no_transit_either,,
271090016011,1,,,no_transit_either,,
271090016033,1,,,no_transit_either,,
271090018001,1,,,no_transit_either,,
271219704001,1,,,no_transit_either,,
271230302011,1,,,no_transit_either,,
271230315001,1,,,no_transit_either,,
271230321003,1,,,no_transit_either,,
271230334004,1,,,no_transit_either,,
271230344002,1,,,no_transit_either,,
271230352001,1,,,no_transit_either,,
271230366005,1,,,no_transit_either,,
271230367004,1,,,no_transit_either,,
271230370003,1,,,no_transit_either,,
271230374034,1,,,no_transit_either,,
271230375005,1,,,no_transit_either,,
271230376015,1,,,no_transit_either,,
271230404012,1,,,no_transit_either,,
271230404013,1,,,no_transit_either,,
271230404022,1,,,no_transit_either,,
271230406051,1,,,no_transit_either,,
271230409023,1,,,no_transit_either,,
271230410011,2,,,no_transit_either,,
271230411042,1,,,no_transit_either,,
271230421021,1,,,no_transit_either,,
271230422024,1,,,no_transit_either,,
271230424022,1,,,no_transit_either,,
271230425031,1,,,no_transit_either,,
271230426021,1,,,no_transit_either,,
271230430011,1,,,no_transit_either,,
271297904003,1,,,no_transit_either,,
271310703002,1,,,no_transit_either,,
271310707022,1,,,no_transit_either,,
271335701002,1,,,no_transit_either,,
271370111021,1,,,no_transit_either,,
271370130003,1,,,no_transit_either,,
271370154021,1,,,no_transit_either,,
271370157003,1,,,no_transit_either,,
271390802011,1,,,no_transit_either,,
271390802071,2,,,no_transit_either,,
271390803041,1,,,no_transit_either,,
271390803055,2,,,no_transit_either,,
271390804002,1,,,no_transit_either,,
271390805001,1,,,no_transit_either,,
271390806001,1,,,no_transit_either,,
271390809033,1,,,no_transit_either,,
271390809051,1,,,no_transit_either,,
271390809052,1,,,no_transit_either,,
271390810012,1,,,no_transit_either,,
271410301031,1,,,no_transit_either,,
271410301061,1,,,no_transit_either,,
271410302011,1,,,no_transit_either,,
271410304083,1,,,no_transit_either,,
271410304103,1,,,no_transit_either,,
271410305031,1,,,no_transit_either,,
271410305041,1,,,no_transit_either,,
271410315001,1,,,no_transit_either,,
271431704004,1,,,no_transit_either,,
271450102003,1,,,no_transit_either,,
271479601002,1,,,no_transit_either,,
271479602002,1,,,no_transit_either,,
271617901002,1,,,no_transit_either,,
271630701034,1,,,no_transit_either,,
271630701083,1,,,no_transit_either,,
271630702043,1,,,no_transit_either,,
271630702051,1,,,no_transit_either,,
271630702062,1,,,no_transit_either,,
271630703034,1,,,no_transit_either,,
271630703044,1,,,no_transit_either,,
271630704031,1,,,no_transit_either,,
271630705011,1,,,no_transit_either,,
271630709064,2,,,no_transit_either,,
271630709111,1,,,no_transit_either,,
271630710111,1,,,no_transit_either,,
271630710162,1,,,no_transit_either,,
271630710191,1,,,no_transit_either,,
271630710192,1,,,no_transit_either,,
271630710202,1,,,no_transit_either,,
271630710241,1,,,no_transit_either,,
271630711023,1,,,no_transit_either,,
271630712073,1,,,no_transit_either,,
271630712083,1,,,no_transit_either,,
271630712111,1,,,no_transit_either,,
271630714001,2,,,no_transit_either,,
271711002052,1,,,no_transit_either,,
271711009001,1,,,no_transit_either,,
271711013004,1,,,no_transit_either,,
271739704003,1,,,no_transit_either,,
290019510001,1,,,no_transit_either,,
290130702002,1,,,no_transit_either,,
290190005001,1,,,no_transit_either,,
290190011081,1,,,no_transit_either,,
290190011092,1,,,no_transit_either,,
290190014011,1,,,no_transit_either,,
290190018062,1,,,no_transit_either,,
290210005003,1,,,no_transit_either,,
290210021002,1,,,no_transit_either,,
290210027002,1,,,no_transit_either,,
290299502012,1,,,no_transit_either,,
290299505001,1,,,no_transit_either,,
290318804011,1,,,no_transit_either,,
290318809002,1,,,no_transit_either,,
290370600045,1,,,no_transit_either,,
290370612002,1,,,no_transit_either,,
290370613003,1,,,no_transit_either,,
290370614001,1,,,no_transit_either,,
290430202052,1,,,no_transit_either,,
290430203102,1,,,no_transit_either,,
290470206022,1,,,no_transit_either,,
290470206041,1,,,no_transit_either,,
290470206044,1,,,no_transit_either,,
290470206045,1,,,no_transit_either,,
290470212112,1,,,no_transit_either,,
290470212132,1,,,no_transit_either,,
290470213122,1,,,no_transit_either,,
290470217012,1,,,no_transit_either,,
290470217033,1,,,no_transit_either,,
290470218122,2,,,no_transit_either,,
290470222003,1,,,no_transit_either,,
290539503003,1,,,no_transit_either,,
290718001011,1,,,no_transit_either,,
290718002014,1,,,no_transit_either,,
290718007022,1,,,no_transit_either,,
290718008013,1,,,no_transit_either,,
290759601002,1,,,no_transit_either,,
290759602003,1,,,no_transit_either,,
290770004004,1,,,no_transit_either,,
290770017003,1,,,no_transit_either,,
290770023002,1,,,no_transit_either,,
290770048023,1,,,no_transit_either,,
290770048052,1,,,no_transit_either,,
290910905001,1,,,no_transit_either,,
290950009003,1,,,no_transit_either,,
290950020001,2,,,no_transit_either,,
290950020002,1,,,no_transit_either,,
290950021004,1,,,no_transit_either,,
290950022001,1,,,no_transit_either,,
290950046002,1,,,no_transit_either,,
290950057001,1,,,no_transit_either,,
290950071004,1,,,no_transit_either,,
290950073021,1,,,no_transit_either,,
290950085004,1,,,no_transit_either,,
290950087001,1,,,no_transit_either,,
290950088001,1,,,no_transit_either,,
290950102034,1,,,no_transit_either,,
290950110021,1,,,no_transit_either,,
290950111001,1,,,no_transit_either,,
290950116022,1,,,no_transit_either,,
290950124001,1,,,no_transit_either,,
290950125011,1,,,no_transit_either,,
290950127021,1,,,no_transit_either,,
290950139042,1,,,no_transit_either,,
290950141215,1,,,no_transit_either,,
290950142033,1,,,no_transit_either,,
290950143004,1,,,no_transit_either,,
290950149031,1,,,no_transit_either,,
290950155003,1,,,no_transit_either,,
290950158001,1,,,no_transit_either,,
290950175002,1,,,no_transit_either,,
290950179001,1,,,no_transit_either,,
290970105003,1,,,no_transit_either,,
290970106021,1,,,no_transit_either,,
290970116002,1,,,no_transit_either,,
290970120001,1,,,no_transit_either,,
290970121002,1,,,no_transit_either,,
290970122022,1,,,no_transit_either,,
290997001112,1,,,no_transit_either,,
290997001212,1,,,no_transit_either,,
290997001231,1,,,no_transit_either,,
290997002102,1,,,no_transit_either,,
290997002131,1,,,no_transit_either,,
290997003051,1,,,no_transit_either,,
290997003052,1,,,no_transit_either,,
290997003062,1,,,no_transit_either,,
290997005025,1,,,no_transit_either,,
290997006031,1,,,no_transit_either,,
290997009002,1,,,no_transit_either,,
290997009003,1,,,no_transit_either,,
290997010012,1,,,no_transit_either,,
290997010021,1,,,no_transit_either,,
290997011025,1,,,no_transit_either,,
290997014011,1,,,no_transit_either,,
291070901004,1,,,no_transit_either,,
291070904023,1,,,no_transit_either,,
291138101001,1,,,no_transit_either,,
291138103061,1,,,no_transit_either,,
291138103083,1,,,no_transit_either,,
291138103092,1,,,no_transit_either,,
291138103101,1,,,no_transit_either,,
291138104022,1,,,no_transit_either,,
291174803003,1,,,no_transit_either,,
291190703002,1,,,no_transit_either,,
291414702001,1,,,no_transit_either,,
291450206014,1,,,no_transit_either,,
291474702003,1,,,no_transit_either,,
291618910004,1,,,no_transit_either,,
291650300041,1,,,no_transit_either,,
291650300044,1,,,no_transit_either,,
291650302073,1,,,no_transit_either,,
291650302113,1,,,no_transit_either,,
291650302132,1,,,no_transit_either,,
291650306011,1,,,no_transit_either,,
291770802013,1,,,no_transit_either,,
291833106012,1,,,no_transit_either,,
291833106021,1,,,no_transit_either,,
291833110012,2,,,no_transit_either,,
291833111141,1,,,no_transit_either,,
291833111472,1,,,no_transit_either,,
291833111542,1,,,no_transit_either,,
291833112031,1,,,no_transit_either,,
291833112212,1,,,no_transit_either,,
291833112942,1,,,no_transit_either,,
291833113111,1,,,no_transit_either,,
291833113112,1,,,no_transit_either,,
291833113121,1,,,no_transit_either,,
291833113122,1,,,no_transit_either,,
291833113911,1,,,no_transit_either,,
291833113913,1,,,no_transit_either,,
291833114222,1,,,no_transit_either,,
291833116042,1,,,no_transit_either,,
291833117325,1,,,no_transit_either,,
291833117371,1,,,no_transit_either,,
291833120941,1,,,no_transit_either,,
291833121951,2,,,no_transit_either,,
291892104001,1,,,no_transit_either,,
291892105025,1,,,no_transit_either,,
291892108032,1,,,no_transit_either,,
291892109123,1,,,no_transit_either,,
291892109252,1,,,no_transit_either,,
291892109281,2,,,no_transit_either,,
291892113013,1,,,no_transit_either,,
291892118011,1,,,no_transit_either,,
291892120033,1,,,no_transit_either,,
291892145002,1,,,no_transit_either,,
291892147002,1,,,no_transit_either,,
291892147007,1,,,no_transit_either,,
291892148001,2,,,no_transit_either,,
291892152014,1,,,no_transit_either,,
291892161011,1,,,no_transit_either,,
291892162011,1,,,no_transit_either,,
291892164021,1,,,no_transit_either,,
291892172002,1,,,no_transit_either,,
291892177021,1,,,no_transit_either,,
291892178062,1,,,no_transit_either,,
291892178063,1,,,no_transit_either,,
291892178071,1,,,no_transit_either,,
291892179211,1,,,no_transit_either,,
291892179232,1,,,no_transit_either,,
291892179423,1,,,no_transit_either,,
291892180121,1,,,no_transit_either,,
291892180132,1,,,no_transit_either,,
291892188002,1,,,no_transit_either,,
291892191004,1,,,no_transit_either,,
291892195022,1,,,no_transit_either,,
291892198012,1,,,no_transit_either,,
291892199005,1,,,no_transit_either,,
291892204413,1,,,no_transit_either,,
291892204461,1,,,no_transit_either,,
291892204473,1,,,no_transit_either,,
291892204482,1,,,no_transit_either,,
291892204511,1,,,no_transit_either,,
291892206013,1,,,no_transit_either,,
291892212022,1,,,no_transit_either,,
291892212023,1,,,no_transit_either,,
291892213354,1,,,no_transit_either,,
291892216272,1,,,no_transit_either,,
291892216312,1,,,no_transit_either,,
291950908001,1,,,no_transit_either,,
291994801001,1,,,no_transit_either,,
292017813002,1,,,no_transit_either,,
292090902022,1,,,no_transit_either,,
292134802033,1,,,no_transit_either,,
292134802061,1,,,no_transit_either,,
292134803011,1,,,no_transit_either,,
292179504002,1,,,no_transit_either,,
292198201052,1,,,no_transit_either,,
292198201061,1,,,no_transit_either,,
292198201083,1,,,no_transit_either,,
292198201092,1,,,no_transit_either,,
292198202031,1,,,no_transit_either,,
292214601022,1,,,no_transit_either,,
292236903003,1,,,no_transit_either,,
295101012001,1,,,no_transit_either,,
295101013002,1,,,no_transit_either,,
295101018002,1,,,no_transit_either,,
295101025002,1,,,no_transit_either,,
295101031003,1,,,no_transit_either,,
295101038002,1,,,no_transit_either,,
295101052001,1,,,no_transit_either,,
295101072001,2,,,no_transit_either,,
295101142003,1,,,no_transit_either,,
295101142004,1,,,no_transit_either,,
295101161004,1,,,no_transit_either,,
295101163011,1,,,no_transit_either,,
295101186002,1,,,no_transit_either,,
295101191012,1,,,no_transit_either,,
295101193003,1,,,no_transit_either,,
295101231001,2,,,no_transit_either,,
295101271001,1,,,no_transit_either,,
295101272003,1,,,no_transit_either,,
295101274003,1,,,no_transit_either,,
310039798003,1,,,no_transit_either,,
310119601001,1,,,no_transit_either,,
310119601005,1,,,no_transit_either,,
310379647001,1,,,no_transit_either,,
310379648004,1,,,no_transit_either,,
310399728002,1,,,no_transit_either,,
310539636004,1,,,no_transit_either,,
310539637001,1,,,no_transit_either,,
310539637003,1,,,no_transit_either,,
310550002003,1,,,no_transit_either,,
310550021002,1,,,no_transit_either,,
310550030006,1,,,no_transit_either,,
310550035003,1,,,no_transit_either,,
310550036002,1,,,no_transit_either,,
310550043003,1,,,no_transit_either,,
310550050001,1,,,no_transit_either,,
310550055004,1,,,no_transit_either,,
310550068063,1,,,no_transit_either,,
310550070011,1,,,no_transit_either,,
310550074243,1,,,no_transit_either,,
310550074321,1,,,no_transit_either,,
310550074351,1,,,no_transit_either,,
310550074381,2,,,no_transit_either,,
310550074591,1,,,no_transit_either,,
310550074623,1,,,no_transit_either,,
310550074631,1,,,no_transit_either,,
310550074701,1,,,no_transit_either,,
310550074722,1,,,no_transit_either,,
310550075081,1,,,no_transit_either,,
310550075094,1,,,no_transit_either,,
310550075172,1,,,no_transit_either,,
310550075201,1,,,no_transit_either,,
310550075221,1,,,no_transit_either,,
310550075232,1,,,no_transit_either,,
310590916001,1,,,no_transit_either,,
310590917002,1,,,no_transit_either,,
311079762002,1,,,no_transit_either,,
311090007001,1,,,no_transit_either,,
311090010011,1,,,no_transit_either,,
311090010031,1,,,no_transit_either,,
311090015003,1,,,no_transit_either,,
311090016004,1,,,no_transit_either,,
311090022001,1,,,no_transit_either,,
311090030023,1,,,no_transit_either,,
311090033012,1,,,no_transit_either,,
311090037083,1,,,no_transit_either,,
311090037163,1,,,no_transit_either,,
311090037211,1,,,no_transit_either,,
311090037232,1,,,no_transit_either,,
311090104021,1,,,no_transit_either,,
311199611002,1,,,no_transit_either,,
311419651003,1,,,no_transit_either,,
311530106203,1,,,no_transit_either,,
311530106221,1,,,no_transit_either,,
311530106251,1,,,no_transit_either,,
311530106361,2,,,no_transit_either,,
311530107011,1,,,no_transit_either,,
311699632002,1,,,no_transit_either,,
320030015012,1,,,no_transit_either,,
320030027081,1,,,no_transit_either,,
320030028102,1,,,no_transit_either,,
320030028143,1,,,no_transit_either,,
320030028451,1,,,no_transit_either,,
320030028484,1,,,no_transit_either,,
320030028491,1,,,no_transit_either,,
320030029021,1,,,no_transit_either,,
320030029192,1,,,no_transit_either,,
320030029361,1,,,no_transit_either,,
320030029583,1,,,no_transit_either,,
320030029661,1,,,no_transit_either,,
320030029671,1,,,no_transit_either,,
320030029761,1,,,no_transit_either,,
320030029781,1,,,no_transit_either,,
320030029791,2,,,no_transit_either,,
320030036164,1,,,no_transit_either,,
320030036341,1,,,no_transit_either,,
320030036441,1,,,no_transit_either,,
320030036462,1,,,no_transit_either,,
320030036501,1,,,no_transit_either,,
320030036561,1,,,no_transit_either,,
320030036601,1,,,no_transit_either,,
320030036621,1,,,no_transit_either,,
320030038003,1,,,no_transit_either,,
320030047141,1,,,no_transit_either,,
320030047162,1,,,no_transit_either,,
320030049202,1,,,no_transit_either,,
320030050161,1,,,no_transit_either,,
320030051024,1,,,no_transit_either,,
320030051082,1,,,no_transit_either,,
320030051121,1,,,no_transit_either,,
320030053202,1,,,no_transit_either,,
320030053411,1,,,no_transit_either,,
320030053482,1,,,no_transit_either,,
320030054411,1,,,no_transit_either,,
320030055014,1,,,no_transit_either,,
320030056071,1,,,no_transit_either,,
320030057021,1,,,no_transit_either,,
320030057051,1,,,no_transit_either,,
320030057133,1,,,no_transit_either,,
320030057134,1,,,no_transit_either,,
320030057172,1,,,no_transit_either,,
320030058181,1,,,no_transit_either,,
320030058311,1,,,no_transit_either,,
320030058351,1,,,no_transit_either,,
320030058362,1,,,no_transit_either,,
320030058491,1,,,no_transit_either,,
320030058571,2,,,no_transit_either,,
320030058621,1,,,no_transit_either,,
320030058671,1,,,no_transit_either,,
320030058681,1,,,no_transit_either,,
320030058691,1,,,no_transit_either,,
320030059051,1,,,no_transit_either,,
320030062022,1,,,no_transit_either,,
320030062042,1,,,no_transit_either,,
320030067001,1,,,no_transit_either,,
320310010102,1,,,no_transit_either,,
320310012012,1,,,no_transit_either,,
320310026133,1,,,no_transit_either,,
320310029012,1,,,no_transit_either,,
325100001001,1,,,no_transit_either,,
330110101003,1,,,no_transit_either,,
330110114023,1,,,no_transit_either,,
330150033021,1,,,no_transit_either,,
330150650062,1,,,no_transit_either,,
330151074002,1,,,no_transit_either,,
340010107003,2,,,no_transit_either,,
340010109002,1,,,no_transit_either,,
340057010023,1,,,no_transit_either,,
340057011031,1,,,no_transit_either,,
340057011041,1,,,no_transit_either,,
340110103012,1,,,no_transit_either,,
340110303002,1,,,no_transit_either,,
340170024003,1,,,no_transit_either,,
340170029003,1,,,no_transit_either,,
340170153003,1,,,no_transit_either,,
340170156001,1,,,no_transit_either,,
340170158021,1,,,no_transit_either,,
340170171004,1,,,no_transit_either,,
340170199003,1,,,no_transit_either,,
340390304003,1,,,no_transit_either,,
350010038062,1,,,no_transit_either,,
360110408001,1,,,no_transit_either,,
360110409002,1,,,no_transit_either,,
360191031003,1,,,no_transit_either,,
360290041001,1,,,no_transit_either,,
360290052011,1,,,no_transit_either,,
360290073051,1,,,no_transit_either,,
360290080012,1,,,no_transit_either,,
360290081013,1,,,no_transit_either,,
360290101033,1,,,no_transit_either,,
360290102022,1,,,no_transit_either,,
360290124002,1,,,no_transit_either,,
360290132014,1,,,no_transit_either,,
360290135024,1,,,no_transit_either,,
360290141023,1,,,no_transit_either,,
360290142041,1,,,no_transit_either,,
360290142064,1,,,no_transit_either,,
360290143002,1,,,no_transit_either,,
360290147042,1,,,no_transit_either,,
360290153012,1,,,no_transit_either,,
360290169001,1,,,no_transit_either,,
360290175021,1,,,no_transit_either,,
360470003013,1,,,no_transit_either,,
360470122001,1,,,no_transit_either,,
360470132001,1,,,no_transit_either,,
360470165004,1,,,no_transit_either,,
360470341003,1,,,no_transit_either,,
360530308003,1,,,no_transit_either,,
360550037002,1,,,no_transit_either,,
360550061001,1,,,no_transit_either,,
360550083012,1,,,no_transit_either,,
360550085001,1,,,no_transit_either,,
360550122022,1,,,no_transit_either,,
360550123013,1,,,no_transit_either,,
360610021003,1,,,no_transit_either,,
360610075003,1,,,no_transit_either,,
360610135013,1,,,no_transit_either,,
360610191003,1,,,no_transit_either,,
360630241011,1,,,no_transit_either,,
360630243032,1,,,no_transit_either,,
360670102004,1,,,no_transit_either,,
360670112021,1,,,no_transit_either,,
360670158003,1,,,no_transit_either,,
360690502041,1,,,no_transit_either,,
360690504021,1,,,no_transit_either,,
360730403001,1,,,no_transit_either,,
360734013002,1,,,no_transit_either,,
360750204003,1,,,no_transit_either,,
360750207071,1,,,no_transit_either,,
360810232001,1,,,no_transit_either,,
360810945002,1,,,no_transit_either,,
360810997045,1,,,no_transit_either,,
360811133002,1,,,no_transit_either,,
360811189002,1,,,no_transit_either,,
360894902004,1,,,no_transit_either,,
360894904003,1,,,no_transit_either,,
360894909004,1,,,no_transit_either,,
361031583101,1,,,no_transit_either,,
361031702043,1,,,no_transit_either,,
361031907141,1,,,no_transit_either,,
361170214002,1,,,no_transit_either,,
361219702022,1,,,no_transit_either,,
361219705005,1,,,no_transit_either,,
370030405003,1,,,no_transit_either,,
370190201022,1,,,no_transit_either,,
370190203062,1,,,no_transit_either,,
370230203031,1,,,no_transit_either,,
370230211003,1,,,no_transit_either,,
370250415031,1,,,no_transit_either,,
370270302003,1,,,no_transit_either,,
370270308022,1,,,no_transit_either,,
370350102011,1,,,no_transit_either,,
370350103021,1,,,no_transit_either,,
370350115031,1,,,no_transit_either,,
370670028091,1,,,no_transit_either,,
370670031031,1,,,no_transit_either,,
370670037024,1,,,no_transit_either,,
370710310051,1,,,no_transit_either,,
370710315002,1,,,no_transit_either,,
370810113002,1,,,no_transit_either,,
370810128051,1,,,no_transit_either,,
370810143003,1,,,no_transit_either,,
370810144111,1,,,no_transit_either,,
370810151002,1,,,no_transit_either,,
370810157062,1,,,no_transit_either,,
370810157072,1,,,no_transit_either,,
370810163042,1,,,no_transit_either,,
370810165032,1,,,no_transit_either,,
370970610024,1,,,no_transit_either,,
370970616011,1,,,no_transit_either,,
371090708001,1,,,no_transit_either,,
371090711022,1,,,no_transit_either,,
371119708002,1,,,no_transit_either,,
371190003011,1,,,no_transit_either,,
371190005012,1,,,no_transit_either,,
371190015082,1,,,no_transit_either,,
371190016061,1,,,no_transit_either,,
371190017011,1,,,no_transit_either,,
371190017012,1,,,no_transit_either,,
371190017024,1,,,no_transit_either,,
371190019182,1,,,no_transit_either,,
371190027011,1,,,no_transit_either,,
371190029032,1,,,no_transit_either,,
371190030062,1,,,no_transit_either,,
371190031021,1,,,no_transit_either,,
371190038051,1,,,no_transit_either,,
371190044002,1,,,no_transit_either,,
371190053053,1,,,no_transit_either,,
371190055352,2,,,no_transit_either,,
371190055362,1,,,no_transit_either,,
371190056112,2,,,no_transit_either,,
371190058301,1,,,no_transit_either,,
371190058401,1,,,no_transit_either,,
371190058501,1,,,no_transit_either,,
371190058521,2,,,no_transit_either,,
371190058581,1,,,no_transit_either,,
371190062161,1,,,no_transit_either,,
371190063112,1,,,no_transit_either,,
371190064031,1,,,no_transit_either,,
371190064042,1,,,no_transit_either,,
371259503052,1,,,no_transit_either,,
371290106001,1,,,no_transit_either,,
371290117011,1,,,no_transit_either,,
371330003062,1,,,no_transit_either,,
371330004011,1,,,no_transit_either,,
371330013043,1,,,no_transit_either,,
371330014001,1,,,no_transit_either,,
371330022012,1,,,no_transit_either,,
371419202022,1,,,no_transit_either,,
371590508001,1,,,no_transit_either,,
371590509041,1,,,no_transit_either,,
371590517002,1,,,no_transit_either,,
371590517004,1,,,no_transit_either,,
371619603012,1,,,no_transit_either,,
371790203161,1,,,no_transit_either,,
371790207013,1,,,no_transit_either,,
371790209022,1,,,no_transit_either,,
371790210042,1,,,no_transit_either,,
371790210151,1,,,no_transit_either,,
371790210191,1,,,no_transit_either,,
371790210212,1,,,no_transit_either,,
371830514004,1,,,no_transit_either,,
371830515021,1,,,no_transit_either,,
371830517001,1,,,no_transit_either,,
371830521011,1,,,no_transit_either,,
371830521021,1,,,no_transit_either,,
371830527041,1,,,no_transit_either,,
371830530054,1,,,no_transit_either,,
371830530093,1,,,no_transit_either,,
371830531062,1,,,no_transit_either,,
371830531092,1,,,no_transit_either,,
371830532041,1,,,no_transit_either,,
371830535051,1,,,no_transit_either,,
371830535093,1,,,no_transit_either,,
371830536091,1,,,no_transit_either,,
371830537213,1,,,no_transit_either,,
371830538061,1,,,no_transit_either,,
371830540161,1,,,no_transit_either,,
371830541153,1,,,no_transit_either,,
371830541211,1,,,no_transit_either,,
371830542122,1,,,no_transit_either,,
371830542184,1,,,no_transit_either,,
371830544033,1,,,no_transit_either,,
380150105001,1,,,no_transit_either,,
380150112002,1,,,no_transit_either,,
380170009033,1,,,no_transit_either,,
380170102051,1,,,no_transit_either,,
380170405024,1,,,no_transit_either,,
380170405094,1,,,no_transit_either,,
380170408002,1,,,no_transit_either,,
380259622002,1,,,no_transit_either,,
380279592002,1,,,no_transit_either,,
380350101002,1,,,no_transit_either,,
380350108041,1,,,no_transit_either,,
380350108052,1,,,no_transit_either,,
380590203012,1,,,no_transit_either,,
380590205004,1,,,no_transit_either,,
380719578001,1,,,no_transit_either,,
380939670001,1,,,no_transit_either,,
380979702001,1,,,no_transit_either,,
381010104002,1,,,no_transit_either,,
381059535002,1,,,no_transit_either,,
381059537011,1,,,no_transit_either,,
381059538002,1,,,no_transit_either,,
390030113011,1,,,no_transit_either,,
390170001006,1,,,no_transit_either,,
390170101021,1,,,no_transit_either,,
390170106001,1,,,no_transit_either,,
390170109113,1,,,no_transit_either,,
390170110051,1,,,no_transit_either,,
390170111231,1,,,no_transit_either,,
390170111272,1,,,no_transit_either,,
390170111281,1,,,no_transit_either,,
390170111362,1,,,no_transit_either,,
390170122001,1,,,no_transit_either,,
390170143001,1,,,no_transit_either,,
390170148005,1,,,no_transit_either,,
390170151002,1,,,no_transit_either,,
390210106002,1,,,no_transit_either,,
390230006004,1,,,no_transit_either,,
390230017001,1,,,no_transit_either,,
390230026082,1,,,no_transit_either,,
390230033013,1,,,no_transit_either,,
390230034003,1,,,no_transit_either,,
390250402022,1,,,no_transit_either,,
390250407032,1,,,no_transit_either,,
390250413072,1,,,no_transit_either,,
390250414053,1,,,no_transit_either,,
390250417011,1,,,no_transit_either,,
390319610002,1,,,no_transit_either,,
390339741002,1,,,no_transit_either,,
390339752002,1,,,no_transit_either,,
390351021012,1,,,no_transit_either,,
390351053004,1,,,no_transit_either,,
390351061002,1,,,no_transit_either,,
390351123012,1,,,no_transit_either,,
390351148002,1,,,no_transit_either,,
390351167001,1,,,no_transit_either,,
390351194011,1,,,no_transit_either,,
390351211002,1,,,no_transit_either,,
390351218002,1,,,no_transit_either,,
390351231002,1,,,no_transit_either,,
390351236033,1,,,no_transit_either,,
390351351032,1,,,no_transit_either,,
390351361032,1,,,no_transit_either,,
390351602001,1,,,no_transit_either,,
390351775012,1,,,no_transit_either,,
390351781024,1,,,no_transit_either,,
390351851012,1,,,no_transit_either,,
390351861072,1,,,no_transit_either,,
390351905031,1,,,no_transit_either,,
390351941002,1,,,no_transit_either,,
390351943002,1,,,no_transit_either,,
390351958003,1,,,no_transit_either,,
390375550022,1,,,no_transit_either,,
390410114213,1,,,no_transit_either,,
390410114324,1,,,no_transit_either,,
390410117633,1,,,no_transit_either,,
390410119002,1,,,no_transit_either,,
390430405001,1,,,no_transit_either,,
390450307002,1,,,no_transit_either,,
390450325012,1,,,no_transit_either,,
390450326022,1,,,no_transit_either,,
390450331021,1,,,no_transit_either,,
390490007203,1,,,no_transit_either,,
390490011101,1,,,no_transit_either,,
390490011102,1,,,no_transit_either,,
390490011212,1,,,no_transit_either,,
390490018104,1,,,no_transit_either,,
390490025203,1,,,no_transit_either,,
390490027302,1,,,no_transit_either,,
390490038002,1,,,no_transit_either,,
390490050022,1,,,no_transit_either,,
390490054203,1,,,no_transit_either,,
390490057002,1,,,no_transit_either,,
390490058202,1,,,no_transit_either,,
390490062361,1,,,no_transit_either,,
390490062363,1,,,no_transit_either,,
390490063231,1,,,no_transit_either,,
390490063842,1,,,no_transit_either,,
390490063981,1,,,no_transit_either,,
390490067102,1,,,no_transit_either,,
390490069234,1,,,no_transit_either,,
390490069912,1,,,no_transit_either,,
390490071991,1,,,no_transit_either,,
390490071992,1,,,no_transit_either,,
390490072092,1,,,no_transit_either,,
390490073981,1,,,no_transit_either,,
390490075501,1,,,no_transit_either,,
390490077214,1,,,no_transit_either,,
390490077223,1,,,no_transit_either,,
390490078113,1,,,no_transit_either,,
390490078122,1,,,no_transit_either,,
390490078125,1,,,no_transit_either,,
390490079621,1,,,no_transit_either,,
390490080021,1,,,no_transit_either,,
390490081201,1,,,no_transit_either,,
390490081701,1,,,no_transit_either,,
390490082423,1,,,no_transit_either,,
390490083601,1,,,no_transit_either,,
390490091004,1,,,no_transit_either,,
390490093122,1,,,no_transit_either,,
390490093213,1,,,no_transit_either,,
390490093253,1,,,no_transit_either,,
390490093341,1,,,no_transit_either,,
390490093814,1,,,no_transit_either,,
390490097512,1,,,no_transit_either,,
390490097513,1,,,no_transit_either,,
390490098011,1,,,no_transit_either,,
390490100001,1,,,no_transit_either,,
390490102014,1,,,no_transit_either,,
390490102031,1,,,no_transit_either,,
390490104011,1,,,no_transit_either,,
390510404002,1,,,no_transit_either,,
390572001041,1,,,no_transit_either,,
390572104011,1,,,no_transit_either,,
390572106033,1,,,no_transit_either,,
390572106043,1,,,no_transit_either,,
390572801011,1,,,no_transit_either,,
390610025002,1,,,no_transit_either,,
390610026002,1,,,no_transit_either,,
390610038003,1,,,no_transit_either,,
390610057013,1,,,no_transit_either,,
390610066001,1,,,no_transit_either,,
390610095002,1,,,no_transit_either,,
390610099022,1,,,no_transit_either,,
390610204013,1,,,no_transit_either,,
390610204033,1,,,no_transit_either,,
390610211024,1,,,no_transit_either,,
390610215041,1,,,no_transit_either,,
390610215082,1,,,no_transit_either,,
390610218022,1,,,no_transit_either,,
390610222001,1,,,no_transit_either,,
390610223021,1,,,no_transit_either,,
390610226023,1,,,no_transit_either,,
390610227003,1,,,no_transit_either,,
390610243034,1,,,no_transit_either,,
390610243233,1,,,no_transit_either,,
390610243241,1,,,no_transit_either,,
390610248001,1,,,no_transit_either,,
390610250022,1,,,no_transit_either,,
390610251021,1,,,no_transit_either,,
390610251025,1,,,no_transit_either,,
390610251026,1,,,no_transit_either,,
390610253003,1,,,no_transit_either,,
390610260013,1,,,no_transit_either,,
390610261041,1,,,no_transit_either,,
390610267002,1,,,no_transit_either,,
390650006001,1,,,no_transit_either,,
390830072001,1,,,no_transit_either,,
390897536001,1,,,no_transit_either,,
390897565002,1,,,no_transit_either,,
390897583002,1,,,no_transit_either,,
390930239001,1,,,no_transit_either,,
390930281002,1,,,no_transit_either,,
390930502002,2,,,no_transit_either,,
390930504001,1,,,no_transit_either,,
390930711002,1,,,no_transit_either,,
390930713002,1,,,no_transit_either,,
390930714001,1,,,no_transit_either,,
390930801011,1,,,no_transit_either,,
390930805003,1,,,no_transit_either,,
390930807011,1,,,no_transit_either,,
390930912002,1,,,no_transit_either,,
390930951002,1,,,no_transit_either,,
390950002021,1,,,no_transit_either,,
390950011001,1,,,no_transit_either,,
390950074021,1,,,no_transit_either,,
390950074023,1,,,no_transit_either,,
390950087014,1,,,no_transit_either,,
390950091031,2,,,no_transit_either,,
390950092053,1,,,no_transit_either,,
390950100013,1,,,no_transit_either,,
390998026002,1,,,no_transit_either,,
390998042002,1,,,no_transit_either,,
390998121014,1,,,no_transit_either,,
391034060001,1,,,no_transit_either,,
391034090022,1,,,no_transit_either,,
391034120003,1,,,no_transit_either,,
391034158012,3,,,no_transit_either,,
391079675002,1,,,no_transit_either,,
391093550011,1,,,no_transit_either,,
391093650021,1,,,no_transit_either,,
391093801004,1,,,no_transit_either,,
391179652022,1,,,no_transit_either,,
391259603002,1,,,no_transit_either,,
391336001021,1,,,no_transit_either,,
391336008001,1,,,no_transit_either,,
391336009021,1,,,no_transit_either,,
391336011003,1,,,no_transit_either,,
391336017023,1,,,no_transit_either,,
391354501001,1,,,no_transit_either,,
391354601002,1,,,no_transit_either,,
391390017001,1,,,no_transit_either,,
391390028001,1,,,no_transit_either,,
391450023001,1,,,no_transit_either,,
391479632004,1,,,no_transit_either,,
391499716003,1,,,no_transit_either,,
391517025004,1,,,no_transit_either,,
391517112114,1,,,no_transit_either,,
391517118003,1,,,no_transit_either,,
391517124001,1,,,no_transit_either,,
391517150002,1,,,no_transit_either,,
391535202024,1,,,no_transit_either,,
391535202025,1,,,no_transit_either,,
391535301044,1,,,no_transit_either,,
391535301083,2,,,no_transit_either,,
391535308002,1,,,no_transit_either,,
391535308004,1,,,no_transit_either,,
391535309012,1,,,no_transit_either,,
391535309031,1,,,no_transit_either,,
391535310013,1,,,no_transit_either,,
391535318013,1,,,no_transit_either,,
391559316012,1,,,no_transit_either,,
391559320004,1,,,no_transit_either,,
391559326004,1,,,no_transit_either,,
391559330012,1,,,no_transit_either,,
391590502004,1,,,no_transit_either,,
391650301012,1,,,no_transit_either,,
391650305043,1,,,no_transit_either,,
391650309023,1,,,no_transit_either,,
391650310011,1,,,no_transit_either,,
391650310021,1,,,no_transit_either,,
391650311002,1,,,no_transit_either,,
391650315001,1,,,no_transit_either,,
391650316011,1,,,no_transit_either,,
391650319072,1,,,no_transit_either,,
391650319082,1,,,no_transit_either,,
391650322021,1,,,no_transit_either,,
391650322061,1,,,no_transit_either,,
391690008003,1,,,no_transit_either,,
391690032002,1,,,no_transit_either,,
391719507001,1,,,no_transit_either,,
391730206011,1,,,no_transit_either,,
400173010111,1,,,no_transit_either,,
400272023021,1,,,no_transit_either,,
401091050002,1,,,no_transit_either,,
401091064022,1,,,no_transit_either,,
401091065013,1,,,no_transit_either,,
401091072071,1,,,no_transit_either,,
401091073061,1,,,no_transit_either,,
401091085362,1,,,no_transit_either,,
401310504071,1,,,no_transit_either,,
401430005001,1,,,no_transit_either,,
401430023013,1,,,no_transit_either,,
401430025003,2,,,no_transit_either,,
401430058082,1,,,no_transit_either,,
401430076561,1,,,no_transit_either,,
401430076562,1,,,no_transit_either,,
401430077051,1,,,no_transit_either,,
401430090141,2,,,no_transit_either,,
401430093002,1,,,no_transit_either,,
401430094042,1,,,no_transit_either,,
401450306011,1,,,no_transit_either,,
401450308001,1,,,no_transit_either,,
410050222013,1,,,no_transit_either,,
410050238004,1,,,no_transit_either,,
410050243034,1,,,no_transit_either,,
410510102002,1,,,no_transit_either,,
410510104132,1,,,no_transit_either,,
410530203032,1,,,no_transit_either,,
410670306001,1,,,no_transit_either,,
410670316181,1,,,no_transit_either,,
410670330001,1,,,no_transit_either,,
410710309002,1,,,no_transit_either,,
420030703001,1,,,no_transit_either,,
420030708001,1,,,no_transit_either,,
420030806001,1,,,no_transit_either,,
420034070024,1,,,no_transit_either,,
420034090014,1,,,no_transit_either,,
420034131002,1,,,no_transit_either,,
420034263002,1,,,no_transit_either,,
420034293004,1,,,no_transit_either,,
420034507002,1,,,no_transit_either,,
420034508003,1,,,no_transit_either,,
420034511021,1,,,no_transit_either,,
420034643002,1,,,no_transit_either,,
420034886004,1,,,no_transit_either,,
420034980001,1,,,no_transit_either,,
420034994003,1,,,no_transit_either,,
420035236003,1,,,no_transit_either,,
420035604002,1,,,no_transit_either,,
420076011002,1,,,no_transit_either,,
420076029002,1,,,no_transit_either,,
420076055002,1,,,no_transit_either,,
420199107001,1,,,no_transit_either,,
420199112002,1,,,no_transit_either,,
420199115022,1,,,no_transit_either,,
420199118001,1,,,no_transit_either,,
420199118005,1,,,no_transit_either,,
420293001014,1,,,no_transit_either,,
420293066002,1,,,no_transit_either,,
420410106004,1,,,no_transit_either,,
420410109001,1,,,no_transit_either,,
420410113051,1,,,no_transit_either,,
420410116071,1,,,no_transit_either,,
420410118042,1,,,no_transit_either,,
420430241011,1,,,no_transit_either,,
420430248021,1,,,no_transit_either,,
420490027004,1,,,no_transit_either,,
420490114002,1,,,no_transit_either,,
420490120024,1,,,no_transit_either,,
420512601003,1,,,no_transit_either,,
420550103022,1,,,no_transit_either,,
420550113011,1,,,no_transit_either,,
420659509002,1,,,no_transit_either,,
420730001002,1,,,no_transit_either,,
420730108003,1,,,no_transit_either,,
420750026001,1,,,no_transit_either,,
421010141001,1,,,no_transit_either,,
421010146002,1,,,no_transit_either,,
421010163003,1,,,no_transit_either,,
421010177012,1,,,no_transit_either,,
421010180012,1,,,no_transit_either,,
421010210004,1,,,no_transit_either,,
421010216002,1,,,no_transit_either,,
421010219001,1,,,no_transit_either,,
421010247001,1,,,no_transit_either,,
421010386001,1,,,no_transit_either,,
421010387002,1,,,no_transit_either,,
421212006004,1,,,no_transit_either,,
421298048011,1,,,no_transit_either,,
421330203102,1,,,no_transit_either,,
421330215002,1,,,no_transit_either,,
421330230005,1,,,no_transit_either,,
421330237211,1,,,no_transit_either,,
440010309012,1,,,no_transit_either,,
440030209032,1,,,no_transit_either,,
440030219022,1,,,no_transit_either,,
440050401013,1,,,no_transit_either,,
440050413002,1,,,no_transit_either,,
440070005002,1,,,no_transit_either,,
450219702013,1,,,no_transit_either,,
450219707002,1,,,no_transit_either,,
450410014001,1,,,no_transit_either,,
450410018001,1,,,no_transit_either,,
450450011013,1,,,no_transit_either,,
450450018092,1,,,no_transit_either,,
450450018101,1,,,no_transit_either,,
450450030082,1,,,no_transit_either,,
450510601021,1,,,no_transit_either,,
450510602033,1,,,no_transit_either,,
450599208001,1,,,no_transit_either,,
450630213031,1,,,no_transit_either,,
450730306012,1,,,no_transit_either,,
450730310002,1,,,no_transit_either,,
450790101073,1,,,no_transit_either,,
450790114231,1,,,no_transit_either,,
450790119014,1,,,no_transit_either,,
450830213032,1,,,no_transit_either,,
450830221011,1,,,no_transit_either,,
450830224102,1,,,no_transit_either,,
450830225002,1,,,no_transit_either,,
450830234092,1,,,no_transit_either,,
450899703001,1,,,no_transit_either,,
450910608033,1,,,no_transit_either,,
450910610093,1,,,no_transit_either,,
460139515003,1,,,no_transit_either,,
460139520001,1,,,no_transit_either,,
460199676001,1,,,no_transit_either,,
460219641001,1,,,no_transit_either,,
460299543023,1,,,no_transit_either,,
460359628023,1,,,no_transit_either,,
460679688001,1,,,no_transit_either,,
460739741002,1,,,no_transit_either,,
460819662003,1,,,no_transit_either,,
460819663012,1,,,no_transit_either,,
460830101073,1,,,no_transit_either,,
460830101091,1,,,no_transit_either,,
460830101092,1,,,no_transit_either,,
460990001003,1,,,no_transit_either,,
460990010013,1,,,no_transit_either,,
460990104013,1,,,no_transit_either,,
460990104021,1,,,no_transit_either,,
460990104051,1,,,no_transit_either,,
460990105012,1,,,no_transit_either,,
461030116011,1,,,no_transit_either,,
461059683003,1,,,no_transit_either,,
461259652003,1,,,no_transit_either,,
461359663012,1,,,no_transit_either,,
470010210021,1,,,no_transit_either,,
470039505002,1,,,no_transit_either,,
470039506004,1,,,no_transit_either,,
470090111012,1,,,no_transit_either,,
470090113013,1,,,no_transit_either,,
470110114031,1,,,no_transit_either,,
470210702012,1,,,no_transit_either,,
470299205012,1,,,no_transit_either,,
470299205013,1,,,no_transit_either,,
470370101041,1,,,no_transit_either,,
470370103022,1,,,no_transit_either,,
470370104012,1,,,no_transit_either,,
470370104041,1,,,no_transit_either,,
470370106011,1,,,no_transit_either,,
470370128023,1,,,no_transit_either,,
470370133001,1,,,no_transit_either,,
470370133002,1,,,no_transit_either,,
470370136003,1,,,no_transit_either,,
470370143001,1,,,no_transit_either,,
470370153001,1,,,no_transit_either,,
470370153004,1,,,no_transit_either,,
470370154024,1,,,no_transit_either,,
470370155023,1,,,no_transit_either,,
470370156092,1,,,no_transit_either,,
470370156172,1,,,no_transit_either,,
470370156181,1,,,no_transit_either,,
470370156193,1,,,no_transit_either,,
470370156272,1,,,no_transit_either,,
470370156301,1,,,no_transit_either,,
470370156371,1,,,no_transit_either,,
470370165002,2,,,no_transit_either,,
470370166002,1,,,no_transit_either,,
470370167003,1,,,no_transit_either,,
470370168003,1,,,no_transit_either,,
470370169004,1,,,no_transit_either,,
470370170002,1,,,no_transit_either,,
470370179021,1,,,no_transit_either,,
470370181023,1,,,no_transit_either,,
470370184092,1,,,no_transit_either,,
470370184101,1,,,no_transit_either,,
470370184111,1,,,no_transit_either,,
470370189052,1,,,no_transit_either,,
470370190071,1,,,no_transit_either,,
470370191091,1,,,no_transit_either,,
470370191151,1,,,no_transit_either,,
470370191202,1,,,no_transit_either,,
470370192003,1,,,no_transit_either,,
470370194022,1,,,no_transit_either,,
470430604021,1,,,no_transit_either,,
470430604022,1,,,no_transit_either,,
470430606012,1,,,no_transit_either,,
470470604043,1,,,no_transit_either,,
470470605023,1,,,no_transit_either,,
470519604021,1,,,no_transit_either,,
470590902001,1,,,no_transit_either,,
470590907002,1,,,no_transit_either,,
470590915002,1,,,no_transit_either,,
470631001004,1,,,no_transit_either,,
470631005002,1,,,no_transit_either,,
470631009003,1,,,no_transit_either,,
470650103032,1,,,no_transit_either,,
470650111003,1,,,no_transit_either,,
470650114022,1,,,no_transit_either,,
470699502003,1,,,no_transit_either,,
470699505003,1,,,no_transit_either,,
470851305002,1,,,no_transit_either,,
470890707011,1,,,no_transit_either,,
470930014001,1,,,no_transit_either,,
470930022002,1,,,no_transit_either,,
470930038022,1,,,no_transit_either,,
470930051001,1,,,no_transit_either,,
470930053013,1,,,no_transit_either,,
470930059033,1,,,no_transit_either,,
470930059072,2,,,no_transit_either,,
470930067003,1,,,no_transit_either,,
470930068002,1,,,no_transit_either,,
470970504003,1,,,no_transit_either,,
471050602044,1,,,no_transit_either,,
471050605051,1,,,no_transit_either,,
471079702021,1,,,no_transit_either,,
471130016091,1,,,no_transit_either,,
471130016101,1,,,no_transit_either,,
471130016122,1,,,no_transit_either,,
471190102013,1,,,no_transit_either,,
471190102042,1,,,no_transit_either,,
471190111011,1,,,no_transit_either,,
471251001001,1,,,no_transit_either,,
471251006011,2,,,no_transit_either,,
471251010011,1,,,no_transit_either,,
471251011031,1,,,no_transit_either,,
471251012021,1,,,no_transit_either,,
471251012022,1,,,no_transit_either,,
471251013063,1,,,no_transit_either,,
471251017023,1,,,no_transit_either,,
471251019061,1,,,no_transit_either,,
471251020031,1,,,no_transit_either,,
471251020101,1,,,no_transit_either,,
471319654004,1,,,no_transit_either,,
471319657003,1,,,no_transit_either,,
471410008002,1,,,no_transit_either,,
471410011002,1,,,no_transit_either,,
471450309002,1,,,no_transit_either,,
471470801011,1,,,no_transit_either,,
471470802001,1,,,no_transit_either,,
471470806031,1,,,no_transit_either,,
471470806052,1,,,no_transit_either,,
471470807012,1,,,no_transit_either,,
471490401012,1,,,no_transit_either,,
471490401022,1,,,no_transit_either,,
471490402001,1,,,no_transit_either,,
471490403051,1,,,no_transit_either,,
471490403072,1,,,no_transit_either,,
471490403084,1,,,no_transit_either,,
471490403122,1,,,no_transit_either,,
471490405022,1,,,no_transit_either,,
471490406002,1,,,no_transit_either,,
471490407031,1,,,no_transit_either,,
471490407042,1,,,no_transit_either,,
471490408064,1,,,no_transit_either,,
471490409043,1,,,no_transit_either,,
471490409062,1,,,no_transit_either,,
471490409111,1,,,no_transit_either,,
471490409112,1,,,no_transit_either,,
471490411042,1,,,no_transit_either,,
471490412022,1,,,no_transit_either,,
471490413022,1,,,no_transit_either,,
471490415001,1,,,no_transit_either,,
471490417003,2,,,no_transit_either,,
471490420002,1,,,no_transit_either,,
471490421011,1,,,no_transit_either,,
471490423013,1,,,no_transit_either,,
471519750003,1,,,no_transit_either,,
471550805002,1,,,no_transit_either,,
471550806033,1,,,no_transit_either,,
471550808011,1,,,no_transit_either,,
471550808041,1,,,no_transit_either,,
471550809013,1,,,no_transit_either,,
471550809032,1,,,no_transit_either,,
471570101201,1,,,no_transit_either,,
471570102206,1,,,no_transit_either,,
471570202222,1,,,no_transit_either,,
471570205425,1,,,no_transit_either,,
471570206212,1,,,no_transit_either,,
471570206221,1,,,no_transit_either,,
471570206512,1,,,no_transit_either,,
471570206543,1,,,no_transit_either,,
471570206562,1,,,no_transit_either,,
471570208332,1,,,no_transit_either,,
471570209011,1,,,no_transit_either,,
471570209023,2,,,no_transit_either,,
471570210222,2,,,no_transit_either,,
471570211252,1,,,no_transit_either,,
471570211402,1,,,no_transit_either,,
471570211412,2,,,no_transit_either,,
471570214302,1,,,no_transit_either,,
471570215451,1,,,no_transit_either,,
471570215482,1,,,no_transit_either,,
471570216133,1,,,no_transit_either,,
471650202031,1,,,no_transit_either,,
471650202091,1,,,no_transit_either,,
471650206032,1,,,no_transit_either,,
471650208001,1,,,no_transit_either,,
471650210024,1,,,no_transit_either,,
471650210082,1,,,no_transit_either,,
471650211031,1,,,no_transit_either,,
471650211033,1,,,no_transit_either,,
471650212032,1,,,no_transit_either,,
471650212043,1,,,no_transit_either,,
471670405001,1,,,no_transit_either,,
471670407003,1,,,no_transit_either,,
471670410002,1,,,no_transit_either,,
471779303002,1,,,no_transit_either,,
471839681011,1,,,no_transit_either,,
471839686002,1,,,no_transit_either,,
471859354002,1,,,no_transit_either,,
471870502042,1,,,no_transit_either,,
471870502062,1,,,no_transit_either,,
471870502091,1,,,no_transit_either,,
471870503051,1,,,no_transit_either,,
471870503071,1,,,no_transit_either,,
471870505021,1,,,no_transit_either,,
471870506011,1,,,no_transit_either,,
471870507011,1,,,no_transit_either,,
471870509081,1,,,no_transit_either,,
471870511003,1,,,no_transit_either,,
471870512041,1,,,no_transit_either,,
471870512042,1,,,no_transit_either,,
471870512061,1,,,no_transit_either,,
471890301021,1,,,no_transit_either,,
471890301022,1,,,no_transit_either,,
471890301023,1,,,no_transit_either,,
471890302021,1,,,no_transit_either,,
471890302061,1,,,no_transit_either,,
471890303102,1,,,no_transit_either,,
471890304023,1,,,no_transit_either,,
471890305004,1,,,no_transit_either,,
471890306003,1,,,no_transit_either,,
471890307002,1,,,no_transit_either,,
471890308001,1,,,no_transit_either,,
471890309042,1,,,no_transit_either,,
471890309051,1,,,no_transit_either,,
471890309082,1,,,no_transit_either,,
471890310003,1,,,no_transit_either,,
480219508042,1,,,no_transit_either,,
480270211012,1,,,no_transit_either,,
480270215021,1,,,no_transit_either,,
480270219084,1,,,no_transit_either,,
480270231034,1,,,no_transit_either,,
480291211101,1,,,no_transit_either,,
480291213001,1,,,no_transit_either,,
480291214043,1,,,no_transit_either,,
480291305002,1,,,no_transit_either,,
480291313001,1,,,no_transit_either,,
480291314013,1,,,no_transit_either,,
480291315043,1,,,no_transit_either,,
480291413002,1,,,no_transit_either,,
480291414032,1,,,no_transit_either,,
480291501004,1,,,no_transit_either,,
480291601002,2,,,no_transit_either,,
480291703001,1,,,no_transit_either,,
480291809024,1,,,no_transit_either,,
480291812005,1,,,no_transit_either,,
480291813021,1,,,no_transit_either,,
480291813023,1,,,no_transit_either,,
480291815032,1,,,no_transit_either,,
480291817252,1,,,no_transit_either,,
480291818093,1,,,no_transit_either,,
480291818141,1,,,no_transit_either,,
480291818142,1,,,no_transit_either,,
480291906011,1,,,no_transit_either,,
480291918091,1,,,no_transit_either,,
480539607022,1,,,no_transit_either,,
480539608011,1,,,no_transit_either,,
480717101001,1,,,no_transit_either,,
480850302062,1,,,no_transit_either,,
480850302073,1,,,no_transit_either,,
480850304051,1,,,no_transit_either,,
480850305111,1,,,no_transit_either,,
480850305181,1,,,no_transit_either,,
480850305472,1,,,no_transit_either,,
480850306042,1,,,no_transit_either,,
480850312011,1,,,no_transit_either,,
480850313182,1,,,no_transit_either,,
480850313223,1,,,no_transit_either,,
480850313341,1,,,no_transit_either,,
480850314222,1,,,no_transit_either,,
480850316331,1,,,no_transit_either,,
480850316571,1,,,no_transit_either,,
480850316743,1,,,no_transit_either,,
480850317172,1,,,no_transit_either,,
480850317233,1,,,no_transit_either,,
480990106043,1,,,no_transit_either,,
481130002011,1,,,no_transit_either,,
481130052002,1,,,no_transit_either,,
481130057002,1,,,no_transit_either,,
481130063022,1,,,no_transit_either,,
481130077012,1,,,no_transit_either,,
481130078254,1,,,no_transit_either,,
481130078342,1,,,no_transit_either,,
481130079024,1,,,no_transit_either,,
481130090011,1,,,no_transit_either,,
481130096052,1,,,no_transit_either,,
481130096081,1,,,no_transit_either,,
481130096092,1,,,no_transit_either,,
481130096101,1,,,no_transit_either,,
481130124004,1,,,no_transit_either,,
481130126043,1,,,no_transit_either,,
481130130053,1,,,no_transit_either,,
481130130132,1,,,no_transit_either,,
481130131041,1,,,no_transit_either,,
481130131072,1,,,no_transit_either,,
481130136051,1,,,no_transit_either,,
481130136192,1,,,no_transit_either,,
481130139021,1,,,no_transit_either,,
481130141202,1,,,no_transit_either,,
481130141341,1,,,no_transit_either,,
481130141352,1,,,no_transit_either,,
481130141501,1,,,no_transit_either,,
481130141571,1,,,no_transit_either,,
481130143151,1,,,no_transit_either,,
481130151012,1,,,no_transit_either,,
481130155001,1,,,no_transit_either,,
481130155002,1,,,no_transit_either,,
481130161003,1,,,no_transit_either,,
481130164092,1,,,no_transit_either,,
481130164101,1,,,no_transit_either,,
481130166171,1,,,no_transit_either,,
481130166231,1,,,no_transit_either,,
481130166303,1,,,no_transit_either,,
481130176041,1,,,no_transit_either,,
481130180014,1,,,no_transit_either,,
481130181381,1,,,no_transit_either,,
481130181542,1,,,no_transit_either,,
481130181562,1,,,no_transit_either,,
481130181581,1,,,no_transit_either,,
481130185051,1,,,no_transit_either,,
481130185073,1,,,no_transit_either,,
481130190181,1,,,no_transit_either,,
481130190426,2,,,no_transit_either,,
481130192101,1,,,no_transit_either,,
481130212003,1,,,no_transit_either,,
481139802001,1,,,no_transit_either,,
481210201094,1,,,no_transit_either,,
481210201102,1,,,no_transit_either,,
481210201103,1,,,no_transit_either,,
481210201202,1,,,no_transit_either,,
481210201252,1,,,no_transit_either,,
481210201281,1,,,no_transit_either,,
481210201353,1,,,no_transit_either,,
481210202072,1,,,no_transit_either,,
481210203051,1,,,no_transit_either,,
481210203162,1,,,no_transit_either,,
481210203201,2,,,no_transit_either,,
481210203221,1,,,no_transit_either,,
481210203222,1,,,no_transit_either,,
481210204042,1,,,no_transit_either,,
481210205081,1,,,no_transit_either,,
481210206012,1,,,no_transit_either,,
481210206042,1,,,no_transit_either,,
481210211002,1,,,no_transit_either,,
481210213044,1,,,no_transit_either,,
481210214102,1,,,no_transit_either,,
481210214113,1,,,no_transit_either,,
481210214121,1,,,no_transit_either,,
481210214131,1,,,no_transit_either,,
481210214212,1,,,no_transit_either,,
481210215202,1,,,no_transit_either,,
481210215212,1,,,no_transit_either,,
481210215263,1,,,no_transit_either,,
481210215381,1,,,no_transit_either,,
481210216192,1,,,no_transit_either,,
481210216301,1,,,no_transit_either,,
481210216372,1,,,no_transit_either,,
481210216392,1,,,no_transit_either,,
481210216411,1,,,no_transit_either,,
481210216422,1,,,no_transit_either,,
481210216423,1,,,no_transit_either,,
481210216451,1,,,no_transit_either,,
481210216501,2,,,no_transit_either,,
481210216521,2,,,no_transit_either,,
481210216553,1,,,no_transit_either,,
481210217151,1,,,no_transit_either,,
481210217451,1,,,no_transit_either,,
481210217491,2,,,no_transit_either,,
481210217551,1,,,no_transit_either,,
481210217581,2,,,no_transit_either,,
481379503001,1,,,no_transit_either,,
481410008005,1,,,no_transit_either,,
481410015024,1,,,no_transit_either,,
481410102124,1,,,no_transit_either,,
481410103223,1,,,no_transit_either,,
481410103582,1,,,no_transit_either,,
481410103623,1,,,no_transit_either,,
481410103702,1,,,no_transit_either,,
481410105022,1,,,no_transit_either,,
481410106023,1,,,no_transit_either,,
481576709022,1,,,no_transit_either,,
481576710021,1,,,no_transit_either,,
481576712003,1,,,no_transit_either,,
481576720021,1,,,no_transit_either,,
481576720024,1,,,no_transit_either,,
481576721001,1,,,no_transit_either,,
481576722012,1,,,no_transit_either,,
481576722021,1,,,no_transit_either,,
481576731081,1,,,no_transit_either,,
481576731124,1,,,no_transit_either,,
481576732022,1,,,no_transit_either,,
481576732023,2,,,no_transit_either,,
481576739021,1,,,no_transit_either,,
481576740021,1,,,no_transit_either,,
481576743013,1,,,no_transit_either,,
481576743021,1,,,no_transit_either,,
481576744022,1,,,no_transit_either,,
481576744032,1,,,no_transit_either,,
481576745061,1,,,no_transit_either,,
481576745072,1,,,no_transit_either,,
481576746022,1,,,no_transit_either,,
481576747024,1,,,no_transit_either,,
481576755011,1,,,no_transit_either,,
481576755022,1,,,no_transit_either,,
481576756002,1,,,no_transit_either,,
481639501012,1,,,no_transit_either,,
481719503023,1,,,no_transit_either,,
481719504011,1,,,no_transit_either,,
482012322012,1,,,no_transit_either,,
482012323051,2,,,no_transit_either,,
482012323052,1,,,no_transit_either,,
482012413011,1,,,no_transit_either,,
482012413013,1,,,no_transit_either,,
482012502011,1,,,no_transit_either,,
482012503062,1,,,no_transit_either,,
482012504073,1,,,no_transit_either,,
482012507013,1,,,no_transit_either,,
482012508012,1,,,no_transit_either,,
482012509023,1,,,no_transit_either,,
482012509024,1,,,no_transit_either,,
482012512001,1,,,no_transit_either,,
482012515041,1,,,no_transit_either,,
482012519042,1,,,no_transit_either,,
482012527001,1,,,no_transit_either,,
482012543003,1,,,no_transit_either,,
482013320001,1,,,no_transit_either,,
482013322001,1,,,no_transit_either,,
482013403012,1,,,no_transit_either,,
482013414001,1,,,no_transit_either,,
482013428022,1,,,no_transit_either,,
482013501013,1,,,no_transit_either,,
482013501032,1,,,no_transit_either,,
482013505003,1,,,no_transit_either,,
482014128002,2,,,no_transit_either,,
482014210002,1,,,no_transit_either,,
482014225022,1,,,no_transit_either,,
482014230011,2,,,no_transit_either,,
482015410091,2,,,no_transit_either,,
482015411001,1,,,no_transit_either,,
482015430042,1,,,no_transit_either,,
482015430051,1,,,no_transit_either,,
482015430061,1,,,no_transit_either,,
482015430111,1,,,no_transit_either,,
482015503081,1,,,no_transit_either,,
482015504052,1,,,no_transit_either,,
482015504062,1,,,no_transit_either,,
482015504071,1,,,no_transit_either,,
482015524021,1,,,no_transit_either,,
482015532011,1,,,no_transit_either,,
482015533003,1,,,no_transit_either,,
482015534041,1,,,no_transit_either,,
482015538012,1,,,no_transit_either,,
482015540022,1,,,no_transit_either,,
482015543012,1,,,no_transit_either,,
482015544073,1,,,no_transit_either,,
482015544082,1,,,no_transit_either,,
482015544091,1,,,no_transit_either,,
482015544101,1,,,no_transit_either,,
482015548052,1,,,no_transit_either,,
482015549022,1,,,no_transit_either,,
482015549051,1,,,no_transit_either,,
482015549071,1,,,no_transit_either,,
482015549081,1,,,no_transit_either,,
482015553011,1,,,no_transit_either,,
482015553031,1,,,no_transit_either,,
482015553032,1,,,no_transit_either,,
482015553033,1,,,no_transit_either,,
482015555033,1,,,no_transit_either,,
482015555041,1,,,no_transit_either,,
482015557042,1,,,no_transit_either,,
482090109093,1,,,no_transit_either,,
482090109231,1,,,no_transit_either,,
482090109242,1,,,no_transit_either,,
482659605001,1,,,no_transit_either,,
482659606021,1,,,no_transit_either,,
482659608003,1,,,no_transit_either,,
482839503011,1,,,no_transit_either,,
482917001001,1,,,no_transit_either,,
482917008022,1,,,no_transit_either,,
482917013002,1,,,no_transit_either,,
482917014003,1,,,no_transit_either,,
483250001011,1,,,no_transit_either,,
483250002002,1,,,no_transit_either,,
483250003012,1,,,no_transit_either,,
483396901025,1,,,no_transit_either,,
483396902041,1,,,no_transit_either,,
483396905032,1,,,no_transit_either,,
483396906052,1,,,no_transit_either,,
483396906103,1,,,no_transit_either,,
483396907011,1,,,no_transit_either,,
483396907021,2,,,no_transit_either,,
483396907022,1,,,no_transit_either,,
483396920042,1,,,no_transit_either,,
483396920073,1,,,no_transit_either,,
483396920081,1,,,no_transit_either,,
483396924013,1,,,no_transit_either,,
483396926052,1,,,no_transit_either,,
483396928021,1,,,no_transit_either,,
483396928042,1,,,no_transit_either,,
483396930014,1,,,no_transit_either,,
483396931022,1,,,no_transit_either,,
483396940011,1,,,no_transit_either,,
483396943031,1,,,no_transit_either,,
483671401013,1,,,no_transit_either,,
483671405024,1,,,no_transit_either,,
483671406042,1,,,no_transit_either,,
483671407081,1,,,no_transit_either,,
483671407091,1,,,no_transit_either,,
483671407142,1,,,no_transit_either,,
483859501002,1,,,no_transit_either,,
484391035004,1,,,no_transit_either,,
484391036021,1,,,no_transit_either,,
484391036022,1,,,no_transit_either,,
484391037012,1,,,no_transit_either,,
484391045052,1,,,no_transit_either,,
484391046032,1,,,no_transit_either,,
484391047013,1,,,no_transit_either,,
484391056001,1,,,no_transit_either,,
484391065143,1,,,no_transit_either,,
484391065242,1,,,no_transit_either,,
484391103011,1,,,no_transit_either,,
484391131171,1,,,no_transit_either,,
484391132071,1,,,no_transit_either,,
484391132142,1,,,no_transit_either,,
484391132143,1,,,no_transit_either,,
484391133023,1,,,no_transit_either,,
484391134042,1,,,no_transit_either,,
484391134073,1,,,no_transit_either,,
484391135133,1,,,no_transit_either,,
484391135194,1,,,no_transit_either,,
484391136113,2,,,no_transit_either,,
484391136222,1,,,no_transit_either,,
484391136294,1,,,no_transit_either,,
484391136323,1,,,no_transit_either,,
484391137123,1,,,no_transit_either,,
484391137151,1,,,no_transit_either,,
484391139063,1,,,no_transit_either,,
484391139122,1,,,no_transit_either,,
484391139242,1,,,no_transit_either,,
484391139304,1,,,no_transit_either,,
484391139305,1,,,no_transit_either,,
484391139317,1,,,no_transit_either,,
484391139401,1,,,no_transit_either,,
484391139422,1,,,no_transit_either,,
484391140092,1,,,no_transit_either,,
484391140112,1,,,no_transit_either,,
484391140123,1,,,no_transit_either,,
484391140134,1,,,no_transit_either,,
484391141081,1,,,no_transit_either,,
484391141082,1,,,no_transit_either,,
484391141101,1,,,no_transit_either,,
484391142042,1,,,no_transit_either,,
484391217031,1,,,no_transit_either,,
484530002063,1,,,no_transit_either,,
484530004022,1,,,no_transit_either,,
484530009011,1,,,no_transit_either,,
484530013041,1,,,no_transit_either,,
484530013073,1,,,no_transit_either,,
484530019113,1,,,no_transit_either,,
484530020043,1,,,no_transit_either,,
484530021121,1,,,no_transit_either,,
484530024322,1,,,no_transit_either,,
484530024442,1,,,no_transit_either,,
484530316002,1,,,no_transit_either,,
484530317003,1,,,no_transit_either,,
484530342001,1,,,no_transit_either,,
484530367001,1,,,no_transit_either,,
484530405003,1,,,no_transit_either,,
484530422003,1,,,no_transit_either,,
484530434002,1,,,no_transit_either,,
484530435003,1,,,no_transit_either,,
484530469002,1,,,no_transit_either,,
484790001063,1,,,no_transit_either,,
484790017251,1,,,no_transit_either,,
484790017253,1,,,no_transit_either,,
484910203264,1,,,no_transit_either,,
484910203562,1,,,no_transit_either,,
484910205091,1,,,no_transit_either,,
484910206041,1,,,no_transit_either,,
490050002022,1,,,no_transit_either,,
490070002002,1,,,no_transit_either,,
490111254111,1,,,no_transit_either,,
490111258072,1,,,no_transit_either,,
490111262061,1,,,no_transit_either,,
490111263051,1,,,no_transit_either,,
490111271003,1,,,no_transit_either,,
490139406004,1,,,no_transit_either,,
490211103002,1,,,no_transit_either,,
490211104001,1,,,no_transit_either,,
490339501002,1,,,no_transit_either,,
490351120021,1,,,no_transit_either,,
490351122012,1,,,no_transit_either,,
490351123022,2,,,no_transit_either,,
490351129144,1,,,no_transit_either,,
490351130122,1,,,no_transit_either,,
490351143043,1,,,no_transit_either,,
490379782003,1,,,no_transit_either,,
490490001051,1,,,no_transit_either,,
490490002083,1,,,no_transit_either,,
490490004002,1,,,no_transit_either,,
490490015011,1,,,no_transit_either,,
490490101171,1,,,no_transit_either,,
490490101281,1,,,no_transit_either,,
490490103071,1,,,no_transit_either,,
490490105063,1,,,no_transit_either,,
490532708042,1,,,no_transit_either,,
490532709041,1,,,no_transit_either,,
490532717042,1,,,no_transit_either,,
490572002033,1,,,no_transit_either,,
490572104051,1,,,no_transit_either,,
490572105133,1,,,no_transit_either,,
490572105134,1,,,no_transit_either,,
490572106002,1,,,no_transit_either,,
490572109001,1,,,no_transit_either,,
510131005002,1,,,no_transit_either,,
510131014022,1,,,no_transit_either,,
510131032004,1,,,no_transit_either,,
510210401003,1,,,no_transit_either,,
510479303002,1,,,no_transit_either,,
510594224031,1,,,no_transit_either,,
510594309011,1,,,no_transit_either,,
510594501003,1,,,no_transit_either,,
510594515013,1,,,no_transit_either,,
510594516013,1,,,no_transit_either,,
510594606002,1,,,no_transit_either,,
510594707001,1,,,no_transit_either,,
510594825062,1,,,no_transit_either,,
510594918031,1,,,no_transit_either,,
510619304012,1,,,no_transit_either,,
510619304042,1,,,no_transit_either,,
510670202003,1,,,no_transit_either,,
510754004003,1,,,no_transit_either,,
510853206012,1,,,no_transit_either,,
510853206013,1,,,no_transit_either,,
510872004181,1,,,no_transit_either,,
510872016024,1,,,no_transit_either,,
510932801042,1,,,no_transit_either,,
510950802021,1,,,no_transit_either,,
510950802022,1,,,no_transit_either,,
511059503022,1,,,no_transit_either,,
511076105072,1,,,no_transit_either,,
511076112023,1,,,no_transit_either,,
511076112052,1,,,no_transit_either,,
511076114002,1,,,no_transit_either,,
511076114003,1,,,no_transit_either,,
511076115013,1,,,no_transit_either,,
511076115023,1,,,no_transit_either,,
511539004032,1,,,no_transit_either,,
511770201111,1,,,no_transit_either,,
511770202013,1,,,no_transit_either,,
511770202021,1,,,no_transit_either,,
511770203113,1,,,no_transit_either,,
511770204051,1,,,no_transit_either,,
511770204072,1,,,no_transit_either,,
511910109002,1,,,no_transit_either,,
515500208143,1,,,no_transit_either,,
516300002011,1,,,no_transit_either,,
516300002012,1,,,no_transit_either,,
516300004002,1,,,no_transit_either,,
516500103044,1,,,no_transit_either,,
516500121001,1,,,no_transit_either,,
517000313003,1,,,no_transit_either,,
517000316031,1,,,no_transit_either,,
517000322121,1,,,no_transit_either,,
517100026002,1,,,no_transit_either,,
517100033001,1,,,no_transit_either,,
517600108003,1,,,no_transit_either,,
517600402021,1,,,no_transit_either,,
518100404061,1,,,no_transit_either,,
518100418011,1,,,no_transit_either,,
518100418013,1,,,no_transit_either,,
518100430052,1,,,no_transit_either,,
518100442012,1,,,no_transit_either,,
518100454272,1,,,no_transit_either,,
518100456061,1,,,no_transit_either,,
518100462063,1,,,no_transit_either,,
518100462141,1,,,no_transit_either,,
518100462251,1,,,no_transit_either,,
518100462252,1,,,no_transit_either,,
518303702003,1,,,no_transit_either,,
530079607002,1,,,no_transit_either,,
530110403032,1,,,no_transit_either,,
530110407092,1,,,no_transit_either,,
530110427003,1,,,no_transit_either,,
530150009012,1,,,no_transit_either,,
530250104021,1,,,no_transit_either,,
530250106003,1,,,no_transit_either,,
530330207003,1,,,no_transit_either,,
530330218021,1,,,no_transit_either,,
530330219043,1,,,no_transit_either,,
530330230004,1,,,no_transit_either,,
530330243012,1,,,no_transit_either,,
530330250052,1,,,no_transit_either,,
530330267002,1,,,no_transit_either,,
530330278001,1,,,no_transit_either,,
530330299022,1,,,no_transit_either,,
530330300052,1,,,no_transit_either,,
530330305011,1,,,no_transit_either,,
530330306002,1,,,no_transit_either,,
530330317101,1,,,no_transit_either,,
530330318001,1,,,no_transit_either,,
530330320031,1,,,no_transit_either,,
530330321032,1,,,no_transit_either,,
530330321043,1,,,no_transit_either,,
530330323301,1,,,no_transit_either,,
530330326033,1,,,no_transit_either,,
530350901021,1,,,no_transit_either,,
530350902012,1,,,no_transit_either,,
530350912063,1,,,no_transit_either,,
530350922004,1,,,no_transit_either,,
530350927011,1,,,no_transit_either,,
530399501034,1,,,no_transit_either,,
530419704001,1,,,no_transit_either,,
530459604014,1,,,no_transit_either,,
530530603001,1,,,no_transit_either,,
530530605003,1,,,no_transit_either,,
530530606002,1,,,no_transit_either,,
530530615022,1,,,no_transit_either,,
530530617002,1,,,no_transit_either,,
530530702081,1,,,no_transit_either,,
530530707034,1,,,no_transit_either,,
530530713061,1,,,no_transit_either,,
530530717051,1,,,no_transit_either,,
530530721084,1,,,no_transit_either,,
530530725061,1,,,no_transit_either,,
530530731281,1,,,no_transit_either,,
530579516003,1,,,no_transit_either,,
530719203011,1,,,no_transit_either,,
530719204001,1,,,no_transit_either,,
530730011022,1,,,no_transit_either,,
530750004001,1,,,no_transit_either,,
540039716002,1,,,no_transit_either,,
540039718021,1,,,no_transit_either,,
540039721042,1,,,no_transit_either,,
540279686013,1,,,no_transit_either,,
540379722012,1,,,no_transit_either,,
540390006004,1,,,no_transit_either,,
540390101001,1,,,no_transit_either,,
540390132001,1,,,no_transit_either,,
540690021003,1,,,no_transit_either,,
540790204002,1,,,no_transit_either,,
550019502041,1,,,no_transit_either,,
550019504004,1,,,no_transit_either,,
550019505011,1,,,no_transit_either,,
550019505022,1,,,no_transit_either,,
550039400001,1,,,no_transit_either,,
550050002001,1,,,no_transit_either,,
550050006021,1,,,no_transit_either,,
550090001002,1,,,no_transit_either,,
550090002006,1,,,no_transit_either,,
550090003022,1,,,no_transit_either,,
550090003023,1,,,no_transit_either,,
550090004012,1,,,no_transit_either,,
550090004014,1,,,no_transit_either,,
550090007004,1,,,no_transit_either,,
550090008001,2,,,no_transit_either,,
550090014005,1,,,no_transit_either,,
550090016004,1,,,no_transit_either,,
550090017021,1,,,no_transit_either,,
550090101001,1,,,no_transit_either,,
550090101004,1,,,no_transit_either,,
550090202033,1,,,no_transit_either,,
550090205041,1,,,no_transit_either,,
550090205042,1,,,no_transit_either,,
550090205053,1,,,no_transit_either,,
550090207033,1,,,no_transit_either,,
550090207043,1,,,no_transit_either,,
550090212003,1,,,no_transit_either,,
550090213021,1,,,no_transit_either,,
550090214001,2,,,no_transit_either,,
550090214002,1,,,no_transit_either,,
550090214003,1,,,no_transit_either,,
550099400021,2,,,no_transit_either,,
550099400054,1,,,no_transit_either,,
550139706001,1,,,no_transit_either,,
550139710001,1,,,no_transit_either,,
550150202002,1,,,no_transit_either,,
550150203063,1,,,no_transit_either,,
550150203082,1,,,no_transit_either,,
550150207001,1,,,no_transit_either,,
550170104001,1,,,no_transit_either,,
550170110011,1,,,no_transit_either,,
550170111003,1,,,no_transit_either,,
550199501002,1,,,no_transit_either,,
550199502003,1,,,no_transit_either,,
550219702002,1,,,no_transit_either,,
550219703002,2,,,no_transit_either,,
550219703003,1,,,no_transit_either,,
550219704024,1,,,no_transit_either,,
550219705002,1,,,no_transit_either,,
550219705003,1,,,no_transit_either,,
550219708001,1,,,no_transit_either,,
550219709003,1,,,no_transit_either,,
550219711001,1,,,no_transit_either,,
550219711002,1,,,no_transit_either,,
550250004012,1,,,no_transit_either,,
550250004061,1,,,no_transit_either,,
550250004073,1,,,no_transit_either,,
550250005011,3,,,no_transit_either,,
550250005012,1,,,no_transit_either,,
550250005041,1,,,no_transit_either,,
550250005052,1,,,no_transit_either,,
550250008001,3,,,no_transit_either,,
550250010002,1,,,no_transit_either,,
550250011012,1,,,no_transit_either,,
550250012004,1,,,no_transit_either,,
550250014012,1,,,no_transit_either,,
550250014022,1,,,no_transit_either,,
550250014041,1,,,no_transit_either,,
550250014042,2,,,no_transit_either,,
550250014043,1,,,no_transit_either,,
550250014052,1,,,no_transit_either,,
550250016041,1,,,no_transit_either,,
550250016063,1,,,no_transit_either,,
550250018023,1,,,no_transit_either,,
550250019011,1,,,no_transit_either,,
550250019013,1,,,no_transit_either,,
550250019021,1,,,no_transit_either,,
550250020003,1,,,no_transit_either,,
550250020004,2,,,no_transit_either,,
550250024012,1,,,no_transit_either,,
550250024022,1,,,no_transit_either,,
550250029003,3,,,no_transit_either,,
550250030011,1,,,no_transit_either,,
550250030014,1,,,no_transit_either,,
550250031001,1,,,no_transit_either,,
550250031002,1,,,no_transit_either,,
550250031003,1,,,no_transit_either,,
550250032001,1,,,no_transit_either,,
550250104002,1,,,no_transit_either,,
550250106003,1,,,no_transit_either,,
550250106005,1,,,no_transit_either,,
550250107011,1,,,no_transit_either,,
550250107013,1,,,no_transit_either,,
550250107021,1,,,no_transit_either,,
550250108012,1,,,no_transit_either,,
550250108021,1,,,no_transit_either,,
550250108022,2,,,no_transit_either,,
550250109033,1,,,no_transit_either,,
550250109051,1,,,no_transit_either,,
550250109053,1,,,no_transit_either,,
550250109054,1,,,no_transit_either,,
550250109072,1,,,no_transit_either,,
550250109081,1,,,no_transit_either,,
550250110002,1,,,no_transit_either,,
550250111043,1,,,no_transit_either,,
550250112023,1,,,no_transit_either,,
550250113011,2,,,no_transit_either,,
550250114031,1,,,no_transit_either,,
550250114032,1,,,no_transit_either,,
550250114041,1,,,no_transit_either,,
550250114042,1,,,no_transit_either,,
550250114071,1,,,no_transit_either,,
550250115042,1,,,no_transit_either,,
550250115051,1,,,no_transit_either,,
550250115062,1,,,no_transit_either,,
550250115082,1,,,no_transit_either,,
550250116001,1,,,no_transit_either,,
550250116004,1,,,no_transit_either,,
550250117001,1,,,no_transit_either,,
550250118001,1,,,no_transit_either,,
550250119002,2,,,no_transit_either,,
550250119003,1,,,no_transit_either,,
550250120023,1,,,no_transit_either,,
550250120033,1,,,no_transit_either,,
550250124001,1,,,no_transit_either,,
550250124002,1,,,no_transit_either,,
550250125013,1,,,no_transit_either,,
550250125014,1,,,no_transit_either,,
550250125021,1,,,no_transit_either,,
550250125022,2,,,no_transit_either,,
550250125023,1,,,no_transit_either,,
550250127001,1,,,no_transit_either,,
550250128001,1,,,no_transit_either,,
550250132012,1,,,no_transit_either,,
550250132021,1,,,no_transit_either,,
550250132022,1,,,no_transit_either,,
550250132023,1,,,no_transit_either,,
550250133012,1,,,no_transit_either,,
550279602002,1,,,no_transit_either,,
550279604001,1,,,no_transit_either,,
550279604002,1,,,no_transit_either,,
550279605002,1,,,no_transit_either,,
550279606001,1,,,no_transit_either,,
550279607003,2,,,no_transit_either,,
550279608001,1,,,no_transit_either,,
550279610002,1,,,no_transit_either,,
550279611002,1,,,no_transit_either,,
550279612003,1,,,no_transit_either,,
550279613004,2,,,no_transit_either,,
550279619003,1,,,no_transit_either,,
550279620002,1,,,no_transit_either,,
550291001001,1,,,no_transit_either,,
550291004001,2,,,no_transit_either,,
550310204001,1,,,no_transit_either,,
550310211003,2,,,no_transit_either,,
550310302002,1,,,no_transit_either,,
550339704003,1,,,no_transit_either,,
550350003012,1,,,no_transit_either,,
550350004022,1,,,no_transit_either,,
550350007003,1,,,no_transit_either,,
550350009003,1,,,no_transit_either,,
550350011011,1,,,no_transit_either,,
550350012004,1,,,no_transit_either,,
550390403002,1,,,no_transit_either,,
550390405001,1,,,no_transit_either,,
550390407005,1,,,no_transit_either,,
550390416001,1,,,no_transit_either,,
550390418001,1,,,no_transit_either,,
550390421002,1,,,no_transit_either,,
550390421003,1,,,no_transit_either,,
550419503001,1,,,no_transit_either,,
550439611004,1,,,no_transit_either,,
550459601002,1,,,no_transit_either,,
550459608004,1,,,no_transit_either,,
550471003001,1,,,no_transit_either,,
550471006002,1,,,no_transit_either,,
550499504001,1,,,no_transit_either,,
550539601002,1,,,no_transit_either,,
550539603004,1,,,no_transit_either,,
550539604002,1,,,no_transit_either,,
550551001004,1,,,no_transit_either,,
550551002001,1,,,no_transit_either,,
550551002002,2,,,no_transit_either,,
550551002003,1,,,no_transit_either,,
550551003011,1,,,no_transit_either,,
550551003012,2,,,no_transit_either,,
550551003021,1,,,no_transit_either,,
550551003022,3,,,no_transit_either,,
550551004001,2,,,no_transit_either,,
550551004002,1,,,no_transit_either,,
550551005001,1,,,no_transit_either,,
550551005002,1,,,no_transit_either,,
550551005003,2,,,no_transit_either,,
550551006011,1,,,no_transit_either,,
550551007002,1,,,no_transit_either,,
550551008002,2,,,no_transit_either,,
550551008003,2,,,no_transit_either,,
550551009002,1,,,no_transit_either,,
550551009003,1,,,no_transit_either,,
550551010003,1,,,no_transit_either,,
550551011001,1,,,no_transit_either,,
550551011002,2,,,no_transit_either,,
550551011003,1,,,no_transit_either,,
550551012021,2,,,no_transit_either,,
550551013001,3,,,no_transit_either,,
550551013002,1,,,no_transit_either,,
550551013003,1,,,no_transit_either,,
550551015003,1,,,no_transit_either,,
550551016001,2,,,no_transit_either,,
550551016002,1,,,no_transit_either,,
550551016003,1,,,no_transit_either,,
550551017021,1,,,no_transit_either,,
550551017022,2,,,no_transit_either,,
550551017024,1,,,no_transit_either,,
550571001002,1,,,no_transit_either,,
550571003011,1,,,no_transit_either,,
550571004002,1,,,no_transit_either,,
550571006003,1,,,no_transit_either,,
550571007002,1,,,no_transit_either,,
550590001021,3,,,no_transit_either,,
550590001022,2,,,no_transit_either,,
550590001023,1,,,no_transit_either,,
550590003001,4,,,no_transit_either,,
550590003002,2,,,no_transit_either,,
550590003003,1,,,no_transit_either,,
550590004003,2,,,no_transit_either,,
550590004004,2,,,no_transit_either,,
550590005012,1,,,no_transit_either,,
550590005013,3,,,no_transit_either,,
550590005022,1,,,no_transit_either,,
550590005023,2,,,no_transit_either,,
550590006011,1,,,no_transit_either,,
550590006012,1,,,no_transit_either,,
550590006013,2,,,no_transit_either,,
550590006015,4,,,no_transit_either,,
550590006016,1,,,no_transit_either,,
550590006031,2,,,no_transit_either,,
550590006032,1,,,no_transit_either,,
550590006033,1,,,no_transit_either,,
550590006041,3,,,no_transit_either,,
550590006042,1,,,no_transit_either,,
550590007001,1,,,no_transit_either,,
550590007003,2,,,no_transit_either,,
550590007004,1,,,no_transit_either,,
550590007005,1,,,no_transit_either,,
550590008001,1,,,no_transit_either,,
550590009001,2,,,no_transit_either,,
550590009004,1,,,no_transit_either,,
550590010001,2,,,no_transit_either,,
550590010003,1,,,no_transit_either,,
550590011001,1,,,no_transit_either,,
550590011002,1,,,no_transit_either,,
550590011003,3,,,no_transit_either,,
550590012001,1,,,no_transit_either,,
550590012002,3,,,no_transit_either,,
550590012003,1,,,no_transit_either,,
550590012004,1,,,no_transit_either,,
550590013001,1,,,no_transit_either,,
550590013002,1,,,no_transit_either,,
550590013004,2,,,no_transit_either,,
550590014012,2,,,no_transit_either,,
550590014021,3,,,no_transit_either,,
550590014022,1,,,no_transit_either,,
550590014023,3,,,no_transit_either,,
550590015001,1,,,no_transit_either,,
550590015004,1,,,no_transit_either,,
550590015005,1,,,no_transit_either,,
550590016001,1,,,no_transit_either,,
550590017001,1,,,no_transit_either,,
550590017003,1,,,no_transit_either,,
550590018001,1,,,no_transit_either,,
550590018002,1,,,no_transit_either,,
550590019003,3,,,no_transit_either,,
550590020001,3,,,no_transit_either,,
550590020003,3,,,no_transit_either,,
550590021001,1,,,no_transit_either,,
550590021002,2,,,no_transit_either,,
550590021003,1,,,no_transit_either,,
550590021004,1,,,no_transit_either,,
550590022001,2,,,no_transit_either,,
550590022002,1,,,no_transit_either,,
550590022003,2,,,no_transit_either,,
550590023001,2,,,no_transit_either,,
550590023002,1,,,no_transit_either,,
550590023003,2,,,no_transit_either,,
550590023004,1,,,no_transit_either,,
550590023005,4,,,no_transit_either,,
550590024001,3,,,no_transit_either,,
550590024003,1,,,no_transit_either,,
550590024004,2,,,no_transit_either,,
550590024005,1,,,no_transit_either,,
550590025001,2,,,no_transit_either,,
550590025002,3,,,no_transit_either,,
550590026031,2,,,no_transit_either,,
550590026032,1,,,no_transit_either,,
550590026041,5,,,no_transit_either,,
550590026051,2,,,no_transit_either,,
550590026052,1,,,no_transit_either,,
550590026053,4,,,no_transit_either,,
550590026061,2,,,no_transit_either,,
550590026062,2,,,no_transit_either,,
550590027001,3,,,no_transit_either,,
550590027002,2,,,no_transit_either,,
550590027003,3,,,no_transit_either,,
550590028011,1,,,no_transit_either,,
550590028012,1,,,no_transit_either,,
550590028013,3,,,no_transit_either,,
550590028021,3,,,no_transit_either,,
550590028022,2,,,no_transit_either,,
550590029031,1,,,no_transit_either,,
550590029032,3,,,no_transit_either,,
550590029041,2,,,no_transit_either,,
550590029042,2,,,no_transit_either,,
550590029044,1,,,no_transit_either,,
550590029051,1,,,no_transit_either,,
550590029052,3,,,no_transit_either,,
550590029053,1,,,no_transit_either,,
550590029061,2,,,no_transit_either,,
550590029062,1,,,no_transit_either,,
550590029063,1,,,no_transit_either,,
550590030013,2,,,no_transit_either,,
550590030014,1,,,no_transit_either,,
550590030022,1,,,no_transit_either,,
550590030023,2,,,no_transit_either,,
550619604012,1,,,no_transit_either,,
550619604022,1,,,no_transit_either,,
550619605005,1,,,no_transit_either,,
550630004011,1,,,no_transit_either,,
550630005002,1,,,no_transit_either,,
550630007003,1,,,no_transit_either,,
550630007005,1,,,no_transit_either,,
550630008001,1,,,no_transit_either,,
550630011022,1,,,no_transit_either,,
550630012001,1,,,no_transit_either,,
550630104014,1,,,no_transit_either,,
550630105003,1,,,no_transit_either,,
550630105004,1,,,no_transit_either,,
550699604002,1,,,no_transit_either,,
550710007001,1,,,no_transit_either,,
550710008001,2,,,no_transit_either,,
550710052003,1,,,no_transit_either,,
550710052004,1,,,no_transit_either,,
550710054003,1,,,no_transit_either,,
550730001001,1,,,no_transit_either,,
550730008002,1,,,no_transit_either,,
550730012032,1,,,no_transit_either,,
550730014022,1,,,no_transit_either,,
550730019004,1,,,no_transit_either,,
550730020004,1,,,no_transit_either,,
550759602006,1,,,no_transit_either,,
550759607004,1,,,no_transit_either,,
550759611002,1,,,no_transit_either,,
550759614004,1,,,no_transit_either,,
550759615001,1,,,no_transit_either,,
550790001012,1,,,no_transit_either,,
550790001023,1,,,no_transit_either,,
550790002013,1,,,no_transit_either,,
550790002022,1,,,no_transit_either,,
550790003031,1,,,no_transit_either,,
550790006005,1,,,no_transit_either,,
550790008001,1,,,no_transit_either,,
550790010003,1,,,no_transit_either,,
550790013003,2,,,no_transit_either,,
550790018001,1,,,no_transit_either,,
550790018002,1,,,no_transit_either,,
550790025002,1,,,no_transit_either,,
550790026003,1,,,no_transit_either,,
550790033003,2,,,no_transit_either,,
550790033006,1,,,no_transit_either,,
550790034004,1,,,no_transit_either,,
550790038001,1,,,no_transit_either,,
550790041003,1,,,no_transit_either,,
550790049002,1,,,no_transit_either,,
550790052002,1,,,no_transit_either,,
550790057002,1,,,no_transit_either,,
550790060001,1,,,no_transit_either,,
550790071002,1,,,no_transit_either,,
550790072001,1,,,no_transit_either,,
550790072002,1,,,no_transit_either,,
550790073001,1,,,no_transit_either,,
550790073002,1,,,no_transit_either,,
550790074001,1,,,no_transit_either,,
550790080001,1,,,no_transit_either,,
550790086001,1,,,no_transit_either,,
550790092001,2,,,no_transit_either,,
550790094003,1,,,no_transit_either,,
550790108001,1,,,no_transit_either,,
550790126001,1,,,no_transit_either,,
550790133001,1,,,no_transit_either,,
550790136003,1,,,no_transit_either,,
550790146002,1,,,no_transit_either,,
550790147002,1,,,no_transit_either,,
550790157003,1,,,no_transit_either,,
550790161001,1,,,no_transit_either,,
550790161003,1,,,no_transit_either,,
550790163004,1,,,no_transit_either,,
550790166001,1,,,no_transit_either,,
550790171001,1,,,no_transit_either,,
550790171002,1,,,no_transit_either,,
550790179002,1,,,no_transit_either,,
550790179003,1,,,no_transit_either,,
550790181002,1,,,no_transit_either,,
550790189001,1,,,no_transit_either,,
550790190001,1,,,no_transit_either,,
550790191003,1,,,no_transit_either,,
550790194002,1,,,no_transit_either,,
550790195002,1,,,no_transit_either,,
550790200001,1,,,no_transit_either,,
550790200002,1,,,no_transit_either,,
550790201002,1,,,no_transit_either,,
550790203002,1,,,no_transit_either,,
550790210001,1,,,no_transit_either,,
550790212001,1,,,no_transit_either,,
550790214001,1,,,no_transit_either,,
550790215001,1,,,no_transit_either,,
550790215002,2,,,no_transit_either,,
550790216002,3,,,no_transit_either,,
550790217002,1,,,no_transit_either,,
550790218001,1,,,no_transit_either,,
550790301001,1,,,no_transit_either,,
550790501032,1,,,no_transit_either,,
550790501033,1,,,no_transit_either,,
550790601013,1,,,no_transit_either,,
550790602001,1,,,no_transit_either,,
550790602004,1,,,no_transit_either,,
550790701003,1,,,no_transit_either,,
550790702001,1,,,no_transit_either,,
550790703002,1,,,no_transit_either,,
550790801001,1,,,no_transit_either,,
550790804002,2,,,no_transit_either,,
550790902001,1,,,no_transit_either,,
550790903001,1,,,no_transit_either,,
550790903002,1,,,no_transit_either,,
550790909003,1,,,no_transit_either,,
550790909004,1,,,no_transit_either,,
550790911001,1,,,no_transit_either,,
550790911002,1,,,no_transit_either,,
550790912001,1,,,no_transit_either,,
550790913001,1,,,no_transit_either,,
550790914002,3,,,no_transit_either,,
550791002001,1,,,no_transit_either,,
550791002002,1,,,no_transit_either,,
550791002004,2,,,no_transit_either,,
550791007004,1,,,no_transit_either,,
550791008001,1,,,no_transit_either,,
550791008002,1,,,no_transit_either,,
550791009001,1,,,no_transit_either,,
550791009003,2,,,no_transit_either,,
550791010001,1,,,no_transit_either,,
550791010002,3,,,no_transit_either,,
550791010003,2,,,no_transit_either,,
550791011001,1,,,no_transit_either,,
550791014004,1,,,no_transit_either,,
550791017004,1,,,no_transit_either,,
550791018001,1,,,no_transit_either,,
550791101002,1,,,no_transit_either,,
550791101003,1,,,no_transit_either,,
550791201011,1,,,no_transit_either,,
550791201012,1,,,no_transit_either,,
550791202014,1,,,no_transit_either,,
550791202022,2,,,no_transit_either,,
550791202031,2,,,no_transit_either,,
550791202033,1,,,no_transit_either,,
550791205011,1,,,no_transit_either,,
550791205023,1,,,no_transit_either,,
550791205024,1,,,no_transit_either,,
550791301002,2,,,no_transit_either,,
550791301003,2,,,no_transit_either,,
550791302001,1,,,no_transit_either,,
550791302003,1,,,no_transit_either,,
550791401001,1,,,no_transit_either,,
550791401002,1,,,no_transit_either,,
550791402011,1,,,no_transit_either,,
550791402024,2,,,no_transit_either,,
550791501001,2,,,no_transit_either,,
550791501002,2,,,no_transit_either,,
550791501004,1,,,no_transit_either,,
550791503014,1,,,no_transit_either,,
550791503031,2,,,no_transit_either,,
550791503032,1,,,no_transit_either,,
550791503041,1,,,no_transit_either,,
550791503042,1,,,no_transit_either,,
550791601011,2,,,no_transit_either,,
550791601012,2,,,no_transit_either,,
550791601022,2,,,no_transit_either,,
550791602022,3,,,no_transit_either,,
550791602023,1,,,no_transit_either,,
550791602024,1,,,no_transit_either,,
550791602031,1,,,no_transit_either,,
550791602033,1,,,no_transit_either,,
550791603022,1,,,no_transit_either,,
550791702001,1,,,no_transit_either,,
550791704001,3,,,no_transit_either,,
550791705001,2,,,no_transit_either,,
550791706002,1,,,no_transit_either,,
550791707002,1,,,no_transit_either,,
550791801002,1,,,no_transit_either,,
550791802004,1,,,no_transit_either,,
550791802005,1,,,no_transit_either,,
550791803002,2,,,no_transit_either,,
550791805002,1,,,no_transit_either,,
550791805004,1,,,no_transit_either,,
550791851001,1,,,no_transit_either,,
550791851002,1,,,no_transit_either,,
550791852004,1,,,no_transit_either,,
550791853001,1,,,no_transit_either,,
550791855001,2,,,no_transit_either,,
550791860001,1,,,no_transit_either,,
550791865001,1,,,no_transit_either,,
550791866001,1,,,no_transit_either,,
550791869001,1,,,no_transit_either,,
550791870002,1,,,no_transit_either,,
550791873003,1,,,no_transit_either,,
550819504003,1,,,no_transit_either,,
550819505004,1,,,no_transit_either,,
550819506003,1,,,no_transit_either,,
550859706012,1,,,no_transit_either,,
550859715001,1,,,no_transit_either,,
550870106021,1,,,no_transit_either,,
550870107004,1,,,no_transit_either,,
550870111031,1,,,no_transit_either,,
550870112003,1,,,no_transit_either,,
550870115023,2,,,no_transit_either,,
550870116005,1,,,no_transit_either,,
550870119022,1,,,no_transit_either,,
550870120001,1,,,no_transit_either,,
550870121023,1,,,no_transit_either,,
550870125061,1,,,no_transit_either,,
550870126033,2,,,no_transit_either,,
550870127001,1,,,no_transit_either,,
550870128002,1,,,no_transit_either,,
550870133001,1,,,no_transit_either,,
550896101013,1,,,no_transit_either,,
550896201001,1,,,no_transit_either,,
550896302012,1,,,no_transit_either,,
550896302013,1,,,no_transit_either,,
550896302014,1,,,no_transit_either,,
550896401012,2,,,no_transit_either,,
550896402011,1,,,no_transit_either,,
550896402022,1,,,no_transit_either,,
550896402023,1,,,no_transit_either,,
550896601002,1,,,no_transit_either,,
550896601003,1,,,no_transit_either,,
550896602022,1,,,no_transit_either,,
550896603013,2,,,no_transit_either,,
550919501002,1,,,no_transit_either,,
550939601001,1,,,no_transit_either,,
550939604003,1,,,no_transit_either,,
550939606001,1,,,no_transit_either,,
550939606003,1,,,no_transit_either,,
550939608001,1,,,no_transit_either,,
550959602004,1,,,no_transit_either,,
550959606001,1,,,no_transit_either,,
550959607011,1,,,no_transit_either,,
550979608002,1,,,no_transit_either,,
550979613003,1,,,no_transit_either,,
550999701002,1,,,no_transit_either,,
551010002003,1,,,no_transit_either,,
551010004004,1,,,no_transit_either,,
551010006005,1,,,no_transit_either,,
551010007003,1,,,no_transit_either,,
551010007005,1,,,no_transit_either,,
551010008004,1,,,no_transit_either,,
551010009013,2,,,no_transit_either,,
551010009042,1,,,no_transit_either,,
551010009043,1,,,no_transit_either,,
551010010012,1,,,no_transit_either,,
551010010013,1,,,no_transit_either,,
551010012023,1,,,no_transit_either,,
551010012024,3,,,no_transit_either,,
551010013012,1,,,no_transit_either,,
551010013021,1,,,no_transit_either,,
551010014014,1,,,no_transit_either,,
551010014021,2,,,no_transit_either,,
551010015013,1,,,no_transit_either,,
551010015041,2,,,no_transit_either,,
551010015051,1,,,no_transit_either,,
551010015052,2,,,no_transit_either,,
551010015053,1,,,no_transit_either,,
551010015061,1,,,no_transit_either,,
551010015063,2,,,no_transit_either,,
551010015072,1,,,no_transit_either,,
551010016013,1,,,no_transit_either,,
551010016014,2,,,no_transit_either,,
551010016022,2,,,no_transit_either,,
551010017011,1,,,no_transit_either,,
551010017013,2,,,no_transit_either,,
551010017024,2,,,no_transit_either,,
551010017026,1,,,no_transit_either,,
551010017032,1,,,no_transit_either,,
551010017033,2,,,no_transit_either,,
551010017051,2,,,no_transit_either,,
551010017053,4,,,no_transit_either,,
551010017062,2,,,no_transit_either,,
551010018012,1,,,no_transit_either,,
551010018014,1,,,no_transit_either,,
551010018021,2,,,no_transit_either,,
551010019002,1,,,no_transit_either,,
551010020021,2,,,no_transit_either,,
551010020022,2,,,no_transit_either,,
551010024011,1,,,no_transit_either,,
551010024014,1,,,no_transit_either,,
551010024021,1,,,no_transit_either,,
551010024023,1,,,no_transit_either,,
551010026003,1,,,no_transit_either,,
551010026004,1,,,no_transit_either,,
551010027012,1,,,no_transit_either,,
551010027022,2,,,no_transit_either,,
551010027024,1,,,no_transit_either,,
551010028002,1,,,no_transit_either,,
551010028003,1,,,no_transit_either,,
551010029001,1,,,no_transit_either,,
551039701002,1,,,no_transit_either,,
551039704001,1,,,no_transit_either,,
551050001001,1,,,no_transit_either,,
551050006002,1,,,no_transit_either,,
551050008002,1,,,no_transit_either,,
551050011005,1,,,no_transit_either,,
551050012012,1,,,no_transit_either,,
551050012013,1,,,no_transit_either,,
551050013025,2,,,no_transit_either,,
551050013031,1,,,no_transit_either,,
551050013061,1,,,no_transit_either,,
551050016002,1,,,no_transit_either,,
551050018002,1,,,no_transit_either,,
551050019001,1,,,no_transit_either,,
551050020001,1,,,no_transit_either,,
551050021003,1,,,no_transit_either,,
551050022001,1,,,no_transit_either,,
551050025001,1,,,no_transit_either,,
551050028002,1,,,no_transit_either,,
551050030014,1,,,no_transit_either,,
551050031023,1,,,no_transit_either,,
551050033001,1,,,no_transit_either,,
551050033003,2,,,no_transit_either,,
551079605003,1,,,no_transit_either,,
551091208024,2,,,no_transit_either,,
551091209011,1,,,no_transit_either,,
551110001031,1,,,no_transit_either,,
551110003011,1,,,no_transit_either,,
551110003021,1,,,no_transit_either,,
551110003031,1,,,no_transit_either,,
551110004023,1,,,no_transit_either,,
551110005002,1,,,no_transit_either,,
551110006021,1,,,no_transit_either,,
551110006031,1,,,no_transit_either,,
551110007002,1,,,no_transit_either,,
551110008001,1,,,no_transit_either,,
551110009031,1,,,no_transit_either,,
551110010051,1,,,no_transit_either,,
551139400022,1,,,no_transit_either,,
551151003001,1,,,no_transit_either,,
551151010002,1,,,no_transit_either,,
551170003002,1,,,no_transit_either,,
551170003003,1,,,no_transit_either,,
551170009001,1,,,no_transit_either,,
551170009002,1,,,no_transit_either,,
551170011002,1,,,no_transit_either,,
551170102001,1,,,no_transit_either,,
551170102002,1,,,no_transit_either,,
551170106012,1,,,no_transit_either,,
551170107002,1,,,no_transit_either,,
551170109001,1,,,no_transit_either,,
551170114001,1,,,no_transit_either,,
551211001002,1,,,no_transit_either,,
551211002002,1,,,no_transit_either,,
551211006002,1,,,no_transit_either,,
551211008003,1,,,no_transit_either,,
551239601001,1,,,no_transit_either,,
551270001033,1,,,no_transit_either,,
551270001043,2,,,no_transit_either,,
551270002011,1,,,no_transit_either,,
551270002012,1,,,no_transit_either,,
551270002021,1,,,no_transit_either,,
551270002022,2,,,no_transit_either,,
551270002023,1,,,no_transit_either,,
551270003011,2,,,no_transit_either,,
551270003032,3,,,no_transit_either,,
551270003041,1,,,no_transit_either,,
551270003042,1,,,no_transit_either,,
551270004002,1,,,no_transit_either,,
551270005011,1,,,no_transit_either,,
551270005012,1,,,no_transit_either,,
551270005021,1,,,no_transit_either,,
551270005022,1,,,no_transit_either,,
551270005023,1,,,no_transit_either,,
551270006001,1,,,no_transit_either,,
551270006002,1,,,no_transit_either,,
551270006003,1,,,no_transit_either,,
551270007011,1,,,no_transit_either,,
551270007013,2,,,no_transit_either,,
551270007021,1,,,no_transit_either,,
551270007024,1,,,no_transit_either,,
551270008011,1,,,no_transit_either,,
551270008022,1,,,no_transit_either,,
551270008023,1,,,no_transit_either,,
551270009012,1,,,no_transit_either,,
551270009021,2,,,no_transit_either,,
551270009022,1,,,no_transit_either,,
551270010001,2,,,no_transit_either,,
551270010004,2,,,no_transit_either,,
551270015011,1,,,no_transit_either,,
551270015012,2,,,no_transit_either,,
551270015032,2,,,no_transit_either,,
551270015043,2,,,no_transit_either,,
551270016031,3,,,no_transit_either,,
551270016032,1,,,no_transit_either,,
551270016051,2,,,no_transit_either,,
551270016081,1,,,no_transit_either,,
551270017011,2,,,no_transit_either,,
551270017012,1,,,no_transit_either,,
551270017013,2,,,no_transit_either,,
551270017014,1,,,no_transit_either,,
551270017021,1,,,no_transit_either,,
551270017022,1,,,no_transit_either,,
551270017023,1,,,no_transit_either,,
551270017024,3,,,no_transit_either,,
551314001021,1,,,no_transit_either,,
551314001042,1,,,no_transit_either,,
551314001043,1,,,no_transit_either,,
551314101004,2,,,no_transit_either,,
551314201041,1,,,no_transit_either,,
551314201042,1,,,no_transit_either,,
551314201051,1,,,no_transit_either,,
551314202002,1,,,no_transit_either,,
551314301001,1,,,no_transit_either,,
551314301002,1,,,no_transit_either,,
551314401043,1,,,no_transit_either,,
551314401044,2,,,no_transit_either,,
551314401051,1,,,no_transit_either,,
551314402003,2,,,no_transit_either,,
551314402004,1,,,no_transit_either,,
551314501052,1,,,no_transit_either,,
551314501062,1,,,no_transit_either,,
551314501063,1,,,no_transit_either,,
551314501081,1,,,no_transit_either,,
551314601014,1,,,no_transit_either,,
551314601021,1,,,no_transit_either,,
551314601022,1,,,no_transit_either,,
551314701002,2,,,no_transit_either,,
551314701003,1,,,no_transit_either,,
551314702021,1,,,no_transit_either,,
551332001014,1,,,no_transit_either,,
551332001023,1,,,no_transit_either,,
551332001032,1,,,no_transit_either,,
551332002021,2,,,no_transit_either,,
551332004001,1,,,no_transit_either,,
551332004004,3,,,no_transit_either,,
551332005001,2,,,no_transit_either,,
551332005002,1,,,no_transit_either,,
551332006001,1,,,no_transit_either,,
551332009024,1,,,no_transit_either,,
551332010021,1,,,no_transit_either,,
551332010024,1,,,no_transit_either,,
551332011012,1,,,no_transit_either,,
551332012031,1,,,no_transit_either,,
551332012041,1,,,no_transit_either,,
551332012051,1,,,no_transit_either,,
551332013001,2,,,no_transit_either,,
551332013004,2,,,no_transit_either,,
551332014021,2,,,no_transit_either,,
551332014023,1,,,no_transit_either,,
551332014031,1,,,no_transit_either,,
551332015041,1,,,no_transit_either,,
551332015061,1,,,no_transit_either,,
551332015063,1,,,no_transit_either,,
551332017012,1,,,no_transit_either,,
551332017031,1,,,no_transit_either,,
551332017032,1,,,no_transit_either,,
551332020011,1,,,no_transit_either,,
551332020013,1,,,no_transit_either,,
551332021023,1,,,no_transit_either,,
551332022013,1,,,no_transit_either,,
551332022043,1,,,no_transit_either,,
551332023011,1,,,no_transit_either,,
551332024003,2,,,no_transit_either,,
551332029011,1,,,no_transit_either,,
551332030002,1,,,no_transit_either,,
551332031031,1,,,no_transit_either,,
551332031041,1,,,no_transit_either,,
551332033031,1,,,no_transit_either,,
551332033041,1,,,no_transit_either,,
551332033053,1,,,no_transit_either,,
551332034032,1,,,no_transit_either,,
551332034033,3,,,no_transit_either,,
551332034063,1,,,no_transit_either,,
551332035011,1,,,no_transit_either,,
551332035021,1,,,no_transit_either,,
551332035022,1,,,no_transit_either,,
551332036011,1,,,no_transit_either,,
551332036013,1,,,no_transit_either,,
551332036023,1,,,no_transit_either,,
551332036024,1,,,no_transit_either,,
551332037041,2,,,no_transit_either,,
551332038024,1,,,no_transit_either,,
551332038032,1,,,no_transit_either,,
551332038052,1,,,no_transit_either,,
551332039011,1,,,no_transit_either,,
551332039023,1,,,no_transit_either,,
551332040022,1,,,no_transit_either,,
551332042021,1,,,no_transit_either,,
551332042022,1,,,no_transit_either,,
551332045011,1,,,no_transit_either,,
551332045012,1,,,no_transit_either,,
551332045032,1,,,no_transit_either,,
551332045042,2,,,no_transit_either,,
551351009001,1,,,no_transit_either,,
551351011004,1,,,no_transit_either,,
551379602021,1,,,no_transit_either,,
551379602023,1,,,no_transit_either,,
551390018031,1,,,no_transit_either,,
551390018034,1,,,no_transit_either,,
551390018042,1,,,no_transit_either,,
551390019002,1,,,no_transit_either,,
551390020021,1,,,no_transit_either,,
551390024014,1,,,no_transit_either,,
551390024023,1,,,no_transit_either,,
551390025004,1,,,no_transit_either,,
551390027003,2,,,no_transit_either,,
551390037041,1,,,no_transit_either,,
551410106001,1,,,no_transit_either,,
