trctid,workers,lat,lon
17031760801,165,41.9793789951515,-87.8424378806061
17031839100,160,41.8812440575,-87.6317741875
17031760803,149,41.9748331738255,-87.8422286033557
17031811600,142,41.9507233816901,-87.8707441338028
17031150200,114,41.9596718412281,-87.7526222763158
17031770800,106,41.9636044849057,-87.8680097783019
17031811500,92,41.9412875956522,-87.8715544489131
17031770901,90,41.9700669066667,-87.8167283911111
17031831100,90,41.9428999455556,-87.72138967
17031805111,85,42.0309528,-87.9394789529412
17031806103,85,42.0586590682353,-87.9112165411765
17031770201,84,41.9974368833333,-88.0198050964286
17031170400,83,41.9486164807229,-87.8121357409639
17031804901,83,42.0599754385542,-87.9329040036144
17031150300,81,41.9612772197531,-87.7614812197531
17043840103,81,41.9488985888889,-87.9701399728395
17031810900,79,41.9179227303798,-87.8096764392405
17031811401,79,41.9335425202532,-87.8731885088608
17031770300,78,42.0041005076923,-87.9872650051282
17031811100,78,41.9291367666667,-87.8343589128205
17031810502,77,41.9589439961039,-87.8102687402597
17031100600,76,41.9784789381579,-87.7970296710526
17031805108,76,42.0435625013158,-87.9659015144737
17031160300,75,41.9577050613333,-87.7302449306667
17031805105,75,42.0607401853334,-88.014585904
17031805107,75,42.039855708,-87.9705588573333
17031806201,75,42.0450648746667,-87.8899615613334
17031831600,75,41.925772988,-87.7981723453333
17031804902,74,42.0441621162162,-87.9323765310811
17031110502,73,41.970335490411,-87.7595721246576
17031770202,73,42.0039545452055,-88.0044510452055
17031804711,73,42.035731760274,-88.138609530137
17031090200,72,42.0048687847222,-87.8123444027778
17031140400,72,41.9710170444445,-87.7377037708333
17031804606,72,42.0081049138889,-88.0498987722222
17043840201,72,41.9770974027778,-88.0104954555555
17043840802,72,41.9543302986111,-87.9486220236111
17089850707,72,42.0999823777778,-88.3952206027778
17031811800,71,41.9140264535211,-87.9003730901408
17031170500,70,41.94832772,-87.82974561
17031810600,70,41.9633633657143,-87.7976913342857
17031811702,70,41.9261699471429,-87.90284586
17031100200,69,41.9948871811594,-87.7955565333333
17031770602,69,42.0141277434783,-87.8987705072464
17031805701,69,42.0034075971014,-87.849134426087
17031810501,69,41.9616310724638,-87.8251058811594
17031811200,69,41.9260732637681,-87.8490983130435
17043840703,69,41.9410293971014,-87.933884757971
17031180100,68,41.9337969382353,-87.7980902220588
17031802608,68,42.1016285926471,-87.9533346308824
17031810400,68,41.9886156411765,-87.8291020441177
17031816900,68,41.8856714617647,-87.8908603323529
17031802802,67,42.0733320537313,-87.9401233492537
17031805902,67,42.0325788238806,-87.8443882328358
17031806001,67,42.0581435089552,-87.8501153298508
17031810701,67,41.9308729238806,-87.8111671820896
17031811402,67,41.9263756268657,-87.8745864626866
17043840101,67,41.9692068373135,-87.9702139492537
17031100300,66,41.9886949924243,-87.8059108924243
17031804716,66,42.0420601409091,-88.1151344242424
17031805002,66,42.0415439787879,-87.9507192469697
17031806300,66,42.0361869515152,-87.9025460378788
17031806502,66,42.0187906272727,-87.8813926257576
17031831800,66,41.9783225969697,-87.7132801863637
17089850705,66,42.0994035575758,-88.5072735515151
17031770902,65,41.9703492569231,-87.83884374
17031806002,65,42.0473547184615,-87.8594641923077
17031811301,65,41.9182612661538,-87.8850079769231
17031100700,64,41.972217015625,-87.79771614375
17031171000,64,41.942156759375,-87.79563815625
17031804803,63,42.0021823365079,-88.0836243063492
17031100500,62,41.9779026080645,-87.8192321629032
17031110400,62,41.9722122951613,-87.7725556887097
17031151002,62,41.9425329596774,-87.7476845645161
17031161300,62,41.9427911548387,-87.7310997516129
17031770700,62,41.9919937822581,-87.8712824645161
17031804106,62,42.0876583548387,-88.0520294419355
17031805802,62,42.0149749241935,-87.847515616129
17031805901,62,42.0371104080645,-87.8709637064516
17031806501,62,42.0169601967742,-87.8913246129032
17031081800,61,41.8925899836066,-87.6380866
17031110300,61,41.9744520639344,-87.7825460721311
17031140602,61,41.9649960311475,-87.7207003196721
17031804104,61,42.1040937163935,-88.1131900655738
17031804202,61,42.1232415147541,-88.1295731311475
17031804804,61,41.9980392262295,-88.1297904557377
17031170300,60,41.9494386833333,-87.79909056
17031040202,59,41.9801087864407,-87.693395681356
17031804607,59,41.997067520339,-88.0484766033898
17031810702,59,41.9252421847458,-87.8167487322034
17031804713,58,42.0542765103448,-88.0877038034483
17031839000,58,41.8714319293104,-87.6310261258621
17031060900,57,41.9490044385965,-87.6456037350877
17031150401,57,41.964673831579,-87.7721648473684
17031190402,57,41.934613922807,-87.7709830192982
17031220602,57,41.9297745035088,-87.711367268421
17031250500,57,41.9153269807018,-87.7966189105263
17031250700,57,41.9062370403509,-87.760794077193
17031804305,57,42.0339709105263,-88.164238954386
17031150402,56,41.9568899839286,-87.7727844803571
17031210602,56,41.933925025,-87.7121514964286
17031803702,56,42.1067449035714,-88.0534127892857
17031804308,56,42.0251519732143,-88.1533612035714
17031804701,56,42.0579543928571,-88.1316724964286
17031805600,56,42.0024698821429,-87.8302951196429
17031020601,55,42.00041598,-87.7014086418182
17031160400,55,41.9576548236364,-87.7225433545455
17031330102,55,41.8639801327273,-87.6238645109091
17031804603,55,42.0571266527273,-88.04340514
17031806102,55,42.0479482345455,-87.9059241145455
17031810800,55,41.9317469381818,-87.8208297381818
17031110100,54,41.9855456888889,-87.7714449944445
17031150502,54,41.9565191481482,-87.7819544814815
17031804509,54,42.0045714074074,-88.1648440555556
17031806202,54,42.03732085,-87.8877723444444
17043840705,54,41.9205767055556,-87.951991212963
17031031700,53,41.9659376320755,-87.6630550566038
17031151100,53,41.9425826320755,-87.7619059207547
17031191100,53,41.9193707962264,-87.7508935660377
17043841314,53,41.9785288150943,-88.169687754717
17031032100,52,41.9582244384615,-87.6531036519231
17031160200,52,41.9594341846154,-87.7367345019231
17031170200,52,41.9491434403846,-87.7817905653846
17031770601,52,42.0286931788462,-87.9054038269231
17031803300,52,42.0848385173077,-87.9893578961539
17031806006,52,42.0505988038462,-87.8508682230769
17031818300,52,41.8790964673077,-87.9019572461539
17031060800,51,41.9536047333333,-87.6471942196078
17031100100,51,41.9897149470588,-87.7830869627451
17031150700,51,41.9493808294118,-87.7621936529412
17031280100,51,41.8860685764706,-87.643535545098
17031804710,51,42.0312486294118,-88.1054821941177
17031804810,51,42.0153625843137,-88.082755545098
17043841104,51,41.981708154902,-88.0882406117647
17031130300,50,41.9853395,-87.713466106
17031221400,50,41.920645698,-87.694883542
17031802801,50,42.08312318,-87.959069846
17031805402,50,42.030184118,-87.81071963
17031817000,50,41.88680369,-87.874256272
17111871502,50,42.224099708,-88.461405802
17031061902,49,41.9427947795918,-87.641363867347
17031150800,48,41.9497891416667,-87.75189088125
17031804306,48,42.0212983145833,-88.1745570541667
17031804512,48,42.0177596333333,-88.2162780875
17031804513,48,42.0069464895833,-88.2202222125
17031804712,48,42.0377200979167,-88.12879181875
17031804809,48,42.01166225625,-88.1019445645833
17031806104,48,42.0602943416667,-87.86786109375
17031811000,48,41.9148054125,-87.8193061625
17031831500,48,41.9278781375,-87.7879591541667
17043841004,48,41.9770701645833,-88.0671619541666
17043842800,48,41.8981243041667,-87.9287136125
17089850710,48,42.0836988208333,-88.4364772958334
17031140200,47,41.9706645021277,-87.7135095191489
17031200100,47,41.9352411851064,-87.7380989106383
17031252000,47,41.8836041851064,-87.7694129510639
17031803400,47,42.0764293893617,-87.9686110723404
17031804609,47,42.0300656808511,-88.0449715191489
17031804611,47,42.0200999446808,-88.0691219787234
17031807300,47,42.0344783148936,-87.7549555191489
17031817900,47,41.8614902808511,-87.8503633340426
17043840102,47,41.9601238829787,-87.996280487234
17031171100,46,41.9418315413043,-87.7822464826087
17031251300,46,41.8990922934783,-87.7702511760869
17031802701,46,42.0845007673913,-87.9184427108696
17031804102,46,42.095342376087,-88.0764476065217
17031807700,46,42.0203397804348,-87.7532360434783
17031833100,46,41.8791604065217,-87.6550173304348
17111871312,46,42.2069975413044,-88.2691031978261
17031020702,45,41.9943376533333,-87.7040081333333
17031020802,45,41.9940849444444,-87.6943355711111
17031140800,45,41.96392828,-87.7027501111111
17031210601,45,41.93749336,-87.7126577333333
17031242100,45,41.8992652511111,-87.6698279022222
17031804403,45,42.0524702933333,-88.2470552977778
17031804506,45,42.0041798933333,-88.1934549222222
17031817101,45,41.8766875377778,-87.8781256555556
17043841114,45,41.9461470822222,-88.1118089066667
17031040201,44,41.9722244522727,-87.6944762840909
17031151200,44,41.94253815,-87.7705848363637
17031160800,44,41.9506802477273,-87.7125307090909
17031210501,44,41.9372636795455,-87.7221160522727
17031210502,44,41.9336084863636,-87.7222901295455
17031220500,44,41.9291096045455,-87.7047416840909
17031243500,44,41.8941038727273,-87.6522238613637
17031770500,44,42.0123552863636,-87.9353883954546
17031804108,44,42.0728293136364,-88.0501958363636
17031806004,44,42.046686425,-87.8367484818182
17031808400,44,42.0488136818182,-87.7967984977273
17031816100,44,41.8672953136364,-87.8118429113636
17031817200,44,41.8830568431818,-87.8542780272727
17031818200,44,41.8629771659091,-87.8755118954546
17043840706,44,41.9192894522727,-87.9320128613636
17111871402,44,42.1906369522727,-88.2203527977273
17031031400,43,41.9586347604651,-87.6480178325582
17031803008,43,42.1188037767442,-87.9686957813954
17031804714,43,42.0612336255814,-88.0936590372093
17031805110,43,42.0631650883721,-87.9738197883721
17089851907,43,41.9979567883721,-88.3270727860465
17031140500,42,41.9652955333333,-87.7318252785714
17031190300,42,41.9351024738095,-87.7614028142857
17031191301,42,41.9207968190476,-87.7806112428571
17031252102,42,41.8769315928571,-87.7606831595238
17031803603,42,42.1162823952381,-88.0922984
17031803608,42,42.1465784809524,-88.0559759976191
17031804313,42,42.0617950857143,-88.2444488738095
17031805001,42,42.0568489714286,-87.9493418476191
17031805401,42,42.0316745761905,-87.8228017214286
17031816200,42,41.9027128404762,-87.8402973761905
17043841103,42,41.9687199476191,-88.0995789880952
17043841111,42,41.9563436190476,-88.0876084880952
17097864407,42,42.2266861952381,-88.0863789619048
17031081403,41,41.8910815390244,-87.6191410853659
17031160700,41,41.9502573756098,-87.7024659073171
17031803605,41,42.1293328634146,-88.0246495219512
17031817700,41,41.8712076804878,-87.851257495122
17031832400,41,41.9155965512195,-87.6928370365854
17043841102,41,41.9822245390244,-88.1187694804878
17031020500,40,41.9996384625,-87.684123555
17031100400,40,41.98883657,-87.8187139825
17031120400,40,41.9736177175,-87.7511229025
17031160100,40,41.9652440325,-87.7420629175
17031160502,40,41.9557634175,-87.712994125
17031251900,40,41.8833825275,-87.760308715
17031803800,40,42.10943679,-88.03610849
17031804000,40,42.07492531,-88.018888855
17031804316,40,42.02617245,-88.1997258825
17031804608,40,42.0353687775,-88.0685479575
17031804610,40,42.0225949675,-88.0514616825
17031804805,40,42.01957815,-88.1292972025
17031815900,40,41.882900645,-87.8101672
17043840000,40,41.9649770775,-87.953041195
17043841002,40,41.96544923,-88.065390285
17043843700,40,41.87724841,-87.9798489825
17111871202,40,42.2193403675,-88.328716755
17197883505,40,41.4991885175,-87.80925847
17031020801,39,41.9870779435898,-87.6945514794872
17031030500,39,41.9872730307692,-87.6657777076923
17031110501,39,41.9768744461538,-87.7617112051282
17031150501,39,41.9644374923077,-87.7816347461539
17031190800,39,41.9271136102564,-87.7518928974359
17031803017,39,42.1235521538462,-88.0018268410256
17031803616,39,42.1292759923077,-88.0644356051282
17031804514,39,41.9919107564103,-88.2420875589744
17031805112,39,42.0250205589744,-87.929083725641
17031812000,39,41.8881291871795,-87.8168045435898
17031816300,39,41.9041286871795,-87.8590989307692
17031817300,39,41.8841466230769,-87.8479802897436
17031831200,39,41.9155843769231,-87.7308467948718
17043840304,39,41.9385842871795,-88.023239574359
17089850106,39,42.1300402230769,-88.3042658128205
17031031300,38,41.9721426421053,-87.6527886131579
17031063200,38,41.9381684184211,-87.6412332184211
17031170600,38,41.9409946026316,-87.8315796157895
17031190200,38,41.9348072052632,-87.7518774263158
17031190702,38,41.9265123026316,-87.7613176052632
17031802605,38,42.0983088631579,-87.915403931579
17031803607,38,42.1167744921053,-88.0142269447368
17031806600,38,42.0038991789474,-87.8757384763158
17031808200,38,42.0297168184211,-87.8004582184211
17031814400,38,41.826698668421,-87.7637481447369
17043841204,38,41.9279901,-88.0930667236842
17043842710,38,41.8449780421053,-88.0699908921053
17089850600,38,42.0883288368421,-88.3172217131579
17111871305,38,42.2258325157895,-88.2339399157895
17031031000,37,41.9724756540541,-87.6708327810811
17031251200,37,41.8984463756757,-87.7611995918919
17031661100,37,41.7619646621622,-87.7021548513514
17031801606,37,42.1157203054054,-87.8620090594595
17031802503,37,42.1307120054054,-87.9542051405405
17031803901,37,42.1035032297297,-88.0141360027027
17031804709,37,42.0364537054054,-88.0896360837838
17031804807,37,42.0109009108108,-88.1207013351351
17031806005,37,42.0433587702703,-87.8529232189189
17031811701,37,41.9331780837838,-87.8984262837838
17031816800,37,41.8851573432432,-87.908687545946
17043841308,37,41.9579964189189,-88.2181552432433
17089850709,37,42.0000329189189,-88.4038724891892
17093890104,37,41.7160460702703,-88.2698587783784
17097864402,37,42.2178090135135,-88.0365178027027
17097864520,37,42.166735972973,-87.9480290351351
17031140702,36,41.9633019166667,-87.7131552666667
17031241400,36,41.9063973555556,-87.6753825277778
17031251800,36,41.8831473666667,-87.7488459833334
17031803701,36,42.1189206861111,-88.0515562138889
17031805702,36,41.9922793166667,-87.8417499138889
17031814600,36,41.8612571416667,-87.7850134194445
17031842200,36,41.9042271638889,-87.6462265305556
17043840202,36,41.9525382416667,-88.0137977138889
17043841321,36,41.95802145,-88.1635866027778
17043841705,36,41.8978200972222,-88.0699889
17043843601,36,41.8817618527778,-87.9942665277778
17111871311,36,42.1770993055556,-88.2971952694444
17031020901,35,41.9947762771429,-87.6868348457143
17031081402,35,41.8918964714286,-87.61489964
17031120300,35,41.99149912,-87.7380383971429
17031151001,35,41.9424513742857,-87.75438082
17031190401,35,41.9339523228571,-87.7805675485715
17031200401,35,41.9198812342857,-87.7359848742857
17031221300,35,41.9214789914286,-87.6995016514286
17031242000,35,41.8999491228572,-87.6644735085714
17031242600,35,41.9017527514286,-87.69400828
17031250400,35,41.9116346057143,-87.7755765628571
17031320101,35,41.8864253857143,-87.6174977028572
17031620300,35,41.7895022114286,-87.7322921
17031770400,35,42.0204589057143,-87.9792143542857
17031802702,35,42.0728410142857,-87.91253404
17031803100,35,42.1003747771429,-87.9861262285714
17031804706,35,42.0542127857143,-88.1072266942857
17031805106,35,42.0605820457143,-87.9996621714286
17031818500,35,41.8418343342857,-87.8952724457143
17031842100,35,41.8990458742857,-87.7304330771429
17043840104,35,41.9411047285714,-87.9944938342857
17043841208,35,41.9086735228571,-88.0913062857143
17089850105,35,42.1342795028572,-88.3260313685714
17093890105,35,41.6884479457143,-88.2821742657143
17031020200,34,42.0157345264706,-87.6988952588235
17031080202,34,41.9058956117647,-87.6308213705883
17031140701,34,41.9669392823529,-87.7131094588235
17031160501,34,41.9592999941177,-87.7129485352941
17031190601,34,41.9284317941177,-87.7785825264706
17031200200,34,41.927224067647,-87.7366121911765
17031210400,34,41.9363823117647,-87.7300418882353
17031230600,34,41.9060462411765,-87.7321523705883
17031760802,34,41.9617044147059,-87.8410396117647
17031803015,34,42.1181880088235,-87.9509471323529
17031803611,34,42.1487737823529,-88.0170543676471
17031804705,34,42.0574242,-88.1215905058824
17031805502,34,42.0173275882353,-87.822982232353
17031806900,34,42.0551894441176,-87.7554577794118
17031807900,34,42.0039533705882,-87.74924875
17031808302,34,42.0333808058824,-87.7663304882353
17031816700,34,41.90395165,-87.8936588558824
17043840907,34,41.9438559264706,-88.0527724911765
17043843500,34,41.8837496911765,-88.020424067647
17093890701,34,41.5563620470588,-88.2641235617647
17097864408,34,42.2041654117647,-88.1017139205882
17031071400,33,41.9225088545455,-87.6378967909091
17031071500,33,41.9144106606061,-87.6355859606061
17031120100,33,42.0078462242424,-87.7773636030303
17031220702,33,41.9291614484849,-87.7227503
17031221100,33,41.9201983878788,-87.7102271757576
17031802300,33,42.0866443606061,-87.8234500030303
17031804806,33,42.0092311787879,-88.1357868818182
17031807400,33,42.0298349909091,-87.7414855909091
17031808301,33,42.0347245757576,-87.7814058818182
17031815200,33,41.8391368666667,-87.7835894666667
17031816000,33,41.8767278424243,-87.8111505060606
17031817400,33,41.8940921848485,-87.8392652030303
17043840303,33,41.9353027878788,-88.0059398636364
17043840600,33,41.9088648424242,-87.948702069697
17043841310,33,41.9346166545455,-88.2505438060606
17089851801,33,41.9939493757576,-88.2974909242424
17097864207,33,42.2998655060606,-88.1417386787879
17111871107,33,42.1706685212121,-88.3635658121212
17031110200,32,41.98065395,-87.772848125
17031140301,32,41.969239425,-87.723115146875
17031190602,32,41.92675130625,-87.771522025
17031221500,32,41.92169891875,-87.689863346875
17031802404,32,42.147140403125,-87.9431473125
17031802609,32,42.104311534375,-87.8980992
17031817102,32,41.87786074375,-87.865194896875
17031830600,32,42.002175721875,-87.672011725
17031832000,32,41.946290359375,-87.65288385625
17043841205,32,41.924434890625,-88.13337475
17043843900,32,41.88404140625,-87.95141964375
17043844100,32,41.87396504375,-87.949071034375
17043846404,32,41.784912515625,-88.160599621875
17089850711,32,42.041224053125,-88.394467290625
17089851000,32,42.058653590625,-88.299982390625
17031030604,31,41.9855244870968,-87.6548740774194
17031081000,31,41.9012142967742,-87.6325553064516
17031160602,31,41.9559818064516,-87.7020784
17031170700,31,41.9404772516129,-87.8218172129032
17031200402,31,41.9195562967742,-87.7301008354839
17031220701,31,41.9262993677419,-87.7218414322581
17031650400,31,41.7664528,-87.7177700645161
17031801601,31,42.1445654483871,-87.8693185580645
17031801603,31,42.0882044645161,-87.8724037870968
17031803500,31,42.0743702967742,-87.9923406096774
17031812801,31,41.8838870129032,-87.8022803967742
17031816402,31,41.895314916129,-87.8515536709677
17031816500,31,41.9005151645161,-87.8805612
17031816600,31,41.9038668354839,-87.8806883967742
17031830900,31,41.9300504806452,-87.6887196032258
17043840910,31,41.9102575806452,-88.071954283871
17043841307,31,41.9195212516129,-88.1609855451613
17043841318,31,41.9602176741935,-88.1690605548387
17043845807,31,41.7341924677419,-87.9914801
17043846304,31,41.7429682806452,-88.094121367742
17089850708,31,42.0811359580645,-88.3672920483871
17097864411,31,42.1761237548387,-88.1046853903226
17097864513,31,42.2261207870968,-87.9610942870968
17111871201,31,42.219653683871,-88.3466196548387
17031062900,30,41.9367750433333,-87.6564570833334
17031080201,30,41.9095475666667,-87.6310455333333
17031140601,30,41.9653982,-87.72606574
17031150600,30,41.9491711833333,-87.7718001033333
17031241100,30,41.9063720533333,-87.6897404466667
17031251400,30,41.8915097666667,-87.77033026
17031251500,30,41.89120697,-87.76111468
17031802505,30,42.1253668366667,-87.9060385266667
17031804105,30,42.0923677066667,-88.10310275
17031813500,30,41.8588339033333,-87.7758306733333
17043840908,30,41.9121026933333,-88.0532565133333
17043841325,30,41.9349401233333,-88.15809232
17043845602,30,41.7879590333333,-87.9920451833334
17089850800,30,42.0545798533333,-88.2727709366667
17089851600,30,42.02783272,-88.2894307966667
17089851913,30,42.0144464633334,-88.3583115066667
17093890402,30,41.66801229,-88.4183560833333
17097860906,30,42.3519888066667,-88.13959652
17097861504,30,42.3437436566667,-87.9005829466667
17097864109,30,42.2761191933333,-88.09194564
17097864410,30,42.1865057333333,-88.06542854
17097864412,30,42.1667126566667,-88.0792379766667
17111871108,30,42.1970052833333,-88.37185727
17111871114,30,42.1695114266667,-88.40719402
17111871301,30,42.2352677766667,-88.3197036666667
17031010600,29,42.0050224413793,-87.6673801724138
17031061901,29,41.9428108,-87.6432738517242
17031080400,29,41.9087172724138,-87.6402885413793
17031160601,29,41.9590269758621,-87.7027502862069
17031191302,29,41.920895562069,-87.7705832379311
17031230900,29,41.9065078172414,-87.7100968724138
17031241600,29,41.9071379344828,-87.6659335758621
17031242300,29,41.8997744827586,-87.6793616413793
17031660600,29,41.7771007931034,-87.6927515448276
17031801608,29,42.1055917965517,-87.8332037689655
17031804315,29,42.0206872724138,-88.1885520586207
17031806400,29,42.0287790448276,-87.8848577758621
17031807000,29,42.044185,-87.7532555034483
17031811302,29,41.9136614172414,-87.8600725103448
17031813400,29,41.8609103344828,-87.7682354275862
17031814900,29,41.8535519758621,-87.791430462069
17043841206,29,41.9132494551724,-88.135002562069
17043844602,29,41.8621268896552,-87.9371697172414
17043845601,29,41.7778898793104,-87.9959018482759
17043846207,29,41.7333801310345,-88.1397611206897
17089851904,29,42.0361987724138,-88.3311859517242
17093890103,29,41.7040223931035,-88.3060747896552
17097864403,29,42.1682174172414,-88.0416562724138
17111871109,29,42.1898964034483,-88.3928932586207
17111871111,29,42.1739600896552,-88.3801328034483
17031010201,28,42.0160123,-87.6811403785714
17031020602,28,42.0008119714286,-87.6943557357143
17031030200,28,41.9941884678572,-87.6646006
17031063302,28,41.9351774785714,-87.6402283892857
17031080300,28,41.9079178535714,-87.6353164357143
17031090100,28,42.0150747678571,-87.8130795178571
17031160900,28,41.9501285928571,-87.7217093535714
17031170800,28,41.9411010785714,-87.8138102035714
17031230700,28,41.9064053321429,-87.72140605
17031240500,28,41.9120443928571,-87.6842621821429
17031281900,28,41.8793083821429,-87.6437741464286
17031803007,28,42.1320351785714,-87.9704866607143
17031804505,28,41.9924867357143,-88.1792149321429
17031804808,28,42.021336175,-88.0995321785714
17031805801,28,42.0196564571429,-87.8589134285714
17031807200,28,42.03699815,-87.7203428428572
17031807600,28,42.0220321035714,-87.7301496928571
17031815400,28,41.8310446964286,-87.7946397357143
17043841109,28,41.94006405,-88.0717093964286
17043842200,28,41.8747591214286,-88.066956825
17043842704,28,41.8481761214286,-88.0858079392857
17043844306,28,41.854002975,-87.9813567
17043846509,28,41.7618040285714,-88.2195998107143
17089850301,28,42.1321629571429,-88.2641640857143
17089854505,28,41.8683550964286,-88.3858056714286
17093890401,28,41.6645170821429,-88.4557547285714
17093890703,28,41.52540865,-88.3259844607143
17097864108,28,42.2576337714286,-88.0112141178571
17097864522,28,42.1907903,-87.9000771571429
17111871112,28,42.2225299107143,-88.3778562357143
17111871113,28,42.2014441857143,-88.3978103357143
17111871206,28,42.1673981,-88.3355933107143
17111871207,28,42.1845989107143,-88.339981425
17031050500,27,41.9498655518519,-87.6828598740741
17031081300,27,41.8986996074074,-87.6205527481482
17031081700,27,41.8929193111111,-87.6321389925926
17031161100,27,41.9505926333333,-87.7373189740741
17031221600,27,41.9211563592593,-87.6851492481482
17031250600,27,41.9056715666667,-87.7709678962963
17031320102,27,41.8854889148148,-87.6241143074074
17031330101,27,41.863659937037,-87.6208419259259
17031801605,27,42.132234562963,-87.8642961296296
17031806802,27,42.0447631851852,-87.7421026370371
17031807800,27,42.0096249666667,-87.7573400222222
17031814800,27,41.8513169444444,-87.7981028518518
17043842602,27,41.8417894703704,-88.1186629333333
17043842900,27,41.8995571962963,-87.9410101074074
17043843100,27,41.8972431333333,-87.9753629592593
17089850103,27,42.1160152296296,-88.326359737037
17089851400,27,42.0289463074074,-88.2684184185185
17089852500,27,41.8916111481482,-88.2878560777778
17089852700,27,41.8534890888889,-88.3196258370371
17089854504,27,41.7877192925926,-88.4256297333334
17089854800,27,41.8752204703704,-88.3526673740741
17093890702,27,41.5743087777778,-88.2845882555556
17097864409,27,42.1906883111111,-88.083414937037
17097864516,27,42.1640630444445,-87.9757972
17111870301,27,42.4333031592593,-88.6279267703704
17111871105,27,42.2269777925926,-88.3628084925926
17111871310,27,42.1596697555556,-88.2958251814815
17031030701,26,41.9827449692308,-87.6574875461539
17031031502,26,41.9638126692308,-87.6519006730769
17031808001,26,42.0085428961538,-87.7347760538462
17031812100,26,41.90273465,-87.7805313692308
17031812500,26,41.8912242192308,-87.7796818576923
17031818000,26,41.8582733230769,-87.8576480346154
17043840901,26,41.9753918384615,-88.0407793230769
17043841209,26,41.9343031538462,-88.1348327269231
17043841323,26,41.9431048230769,-88.1697956384615
17043842000,26,41.88461175,-88.0648815076923
17043844001,26,41.8756853769231,-87.9339340807692
17043846104,26,41.7905329692308,-88.1107551
17043846517,26,41.7577398115385,-88.2484933461539
17089852002,26,41.9038652576923,-88.2892908346154
17089852806,26,41.8231039192308,-88.2844820538462
17097864511,26,42.2209026423077,-87.9902728807693
17111870200,26,42.3945717846154,-88.5776873115385
17111871404,26,42.1641396653846,-88.27240085
17111871501,26,42.1673381038462,-88.4848661653846
17111871600,26,42.1986913192308,-88.2486180076923
17197880314,26,41.6455730615385,-88.24106325
17197880421,26,41.5854064576923,-88.2089538307692
17031020100,25,42.015214272,-87.68657126
17031040402,25,41.97247096,-87.677436912
17031120200,25,41.995594452,-87.757608232
17031140302,25,41.971808668,-87.724022932
17031320600,25,41.870457248,-87.625968592
17031330103,25,41.8562114,-87.623449804
17031650301,25,41.774507752,-87.729054336
17031800200,25,42.128062728,-87.761507816
17031801800,25,42.110141096,-87.789213676
17031805501,25,42.019879956,-87.839181576
17031815000,25,41.854766644,-87.784264632
17031818401,25,41.86423486,-87.897637112
17031818800,25,41.826798892,-87.854248572
17031818900,25,41.826337908,-87.866262268
17031821002,25,41.743478528,-87.773392108
17031832100,25,41.95246756,-87.652111652
17031838300,25,41.902059136,-87.638452648
17031841100,25,41.850985516,-87.635010572
17043841108,25,41.975210136,-88.136150568
17043841316,25,41.975695072,-88.195748332
17043841327,25,41.961302636,-88.193848212
17043843400,25,41.896102824,-88.02698394
17043845000,25,41.79553782,-87.97601642
17043845100,25,41.799594484,-87.955669668
17043845805,25,41.735152364,-87.959614832
17043845809,25,41.740726156,-88.024557496
17043846412,25,41.783846308,-88.194178652
17043846702,25,41.912278504,-87.983672972
17089850302,25,42.11516314,-88.270255832
17089852005,25,41.925559536,-88.298452796
17089852103,25,41.947937916,-88.330088568
17097864001,25,42.266685176,-87.989951836
17097864518,25,42.175051556,-87.970538996
17097864901,25,42.17614578,-87.845605276
17097866000,25,42.441764196,-87.917426476
17197880429,25,41.55968732,-88.220170192
17031020301,24,42.0068965833333,-87.7048863791667
17031063000,24,41.9359336125,-87.651176125
17031070102,24,41.9302710291667,-87.6420300541667
17031070300,24,41.9290035166667,-87.6511571375
17031081500,24,41.8923978791667,-87.6265039333333
17031210700,24,41.9345455416667,-87.70410515
17031220601,24,41.9257563083333,-87.7131208791667
17031220901,24,41.9195514833333,-87.7216406625
17031250300,24,41.9124897625,-87.7625358166667
17031252201,24,41.8768787833333,-87.7523198625
17031801000,24,42.0727698708333,-87.7347912916667
17031802900,24,42.0969855041667,-87.9743561666667
17031803612,24,42.1511805541667,-88.0102287833333
17031804715,24,42.0456428791667,-88.0969807458333
17031805109,24,42.0562807208333,-87.9743803666667
17031806700,24,42.05227395,-87.722085725
17031812301,24,41.8901846375,-87.798708175
17031815500,24,41.8256872333333,-87.7875143041667
17031815600,24,41.8455957291667,-87.825775625
17031820901,24,41.7514169,-87.7824223041667
17031823703,24,41.7231269708333,-87.8093729625
17043842703,24,41.8504547708333,-88.0946552958333
17043842706,24,41.8373715166667,-88.0593191125
17043842709,24,41.8452691875,-88.03767635
17043844305,24,41.8446342791667,-88.0277685708334
17043845803,24,41.714177575,-87.9683799833334
17043846312,24,41.7772064208333,-88.0809401791667
17043846315,24,41.7760002,-88.0643054791667
17089850101,24,42.1453068541667,-88.2631220416667
17089852807,24,41.8242138666667,-88.357311425
17097864524,24,42.1661884708333,-87.9089160166667
17097866200,24,42.2254807791667,-87.9102893625
17111871205,24,42.18111695,-88.3188899708333
17197880324,24,41.7202243583333,-88.2502171333333
17031010100,23,42.0212174347826,-87.6689329
17031010701,23,42.0087379608696,-87.679170673913
17031031100,23,41.9738092913043,-87.664551626087
17031031200,23,41.9724902521739,-87.656484473913
17031061000,23,41.9496564347826,-87.6517885347826
17031061200,23,41.9490399,-87.6609885608696
17031062100,23,41.9425340130435,-87.6514739521739
17031161200,23,41.9417174695652,-87.7384722217392
17031190701,23,41.9297682608696,-87.7611949869565
17031210100,23,41.9428679869565,-87.7025945565217
17031210900,23,41.9355525652174,-87.6944639304348
17031220400,23,41.9291538391304,-87.700032326087
17031250800,23,41.9057995,-87.7522855130435
17031460500,23,41.7473458782609,-87.5728502521739
17031480400,23,41.7293378956522,-87.5746162695652
17031550100,23,41.6588431826087,-87.5401787782609
17031580400,23,41.8114598869565,-87.7088156869565
17031630800,23,41.7898718565218,-87.6976844652174
17031801902,23,42.0864627217391,-87.7873559391304
17031803902,23,42.0833880043478,-88.0141144434783
17031809200,23,42.0529461434783,-87.6976335782609
17031812802,23,41.8829608086957,-87.7966919608696
17031813900,23,41.8470920739131,-87.7687124478261
17031818600,23,41.8399582043478,-87.8674150130435
17031819200,23,41.8111938869565,-87.8271510478261
17031819500,23,41.8150992086957,-87.8689512565217
17031819802,23,41.7969666782609,-87.8965254521739
17031832600,23,41.9148165956522,-87.6519600304348
17031833000,23,41.8834689478261,-87.6560379956522
17031840300,23,41.8319497652174,-87.6823539695652
17043846310,23,41.7426806826087,-88.0446503304348
17043846511,23,41.7292817478261,-88.2467433565217
17043846515,23,41.743479973913,-88.2411756739131
17043846604,23,41.9237129652174,-88.0081313695652
17089852203,23,41.9125242956522,-88.3381521521739
17093890301,23,41.6964227173913,-88.3613180391305
17097861402,23,42.3486660565217,-88.0984307434783
17197880122,23,41.6918149608696,-88.136714073913
17197880322,23,41.6927295565217,-88.2211093956522
17031030400,22,41.9872319545455,-87.67158465
17031040100,22,41.9775235545455,-87.6807144909091
17031040401,22,41.9718841636364,-87.6864123136364
17031063100,22,41.9384571090909,-87.64679945
17031161000,22,41.9503469227273,-87.7306146863636
17031231200,22,41.8998371954546,-87.7209561954546
17031650200,22,41.7822836727273,-87.7297934272728
17031710800,22,41.7480117590909,-87.6487354409091
17031802200,22,42.0718185136364,-87.7936425227273
17031803200,22,42.0960032772727,-87.9975982454545
17031804204,22,42.1161653090909,-88.1864281272727
17031804312,22,42.0562647409091,-88.2134246454545
17031805201,22,42.0611565954546,-87.8308633681818
17031805202,22,42.0592556681818,-87.8140692863637
17031805302,22,42.0485237090909,-87.8131625227273
17031806801,22,42.0560871318182,-87.7385006636364
17031810100,22,42.0305167227273,-87.6844553272727
17031810301,22,42.0229768727273,-87.6978505318182
17031817600,22,41.8691697681818,-87.8392072681818
17031819801,22,41.8130844045455,-87.8974731954546
17031823400,22,41.6636052272727,-87.6923380181819
17031823803,22,41.6985154590909,-87.8195414363636
17031832200,22,41.92078235,-87.6805857181818
17031839700,22,41.8332143045455,-87.6507472681818
17031841900,22,41.8688784590909,-87.6475782954546
17043841207,22,41.9193759,-88.0907689045455
17043842100,22,41.8685409227273,-88.0519737454546
17043845402,22,41.7796601227273,-87.9363103772727
17043846003,22,41.7979617318182,-88.0675099227273
17043846411,22,41.7896932409091,-88.2182812045454
17043846524,22,41.7366091909091,-88.1777847227273
17089851911,22,42.0302647,-88.3643948318182
17089852808,22,41.8357563454545,-88.3251807909091
17089854508,22,41.7398212409091,-88.3954755954546
17089854509,22,41.7650276772727,-88.4201212
17097860903,22,42.3945530954545,-88.1685042090909
17097861108,22,42.3518480681818,-88.0530554363637
17097864303,22,42.2211203636364,-88.1760364045455
17097864308,22,42.1681705590909,-88.1354823818182
17111870702,22,42.3589573590909,-88.2271123772727
17111871004,22,42.2319506,-88.6119590227273
17111871110,22,42.1887482136364,-88.4153145090909
17197880307,22,41.7164190454545,-88.1973154818182
17197880323,22,41.7120318545455,-88.2185681318182
17031040700,21,41.9672778285714,-87.6941083809524
17031242700,21,41.8974974380952,-87.6989216047619
17031243000,21,41.8936222238095,-87.6793774952381
17031620400,21,41.7893956714286,-87.7183582285715
17031700301,21,41.7460942095238,-87.7288493761905
17031730201,21,41.7280294190476,-87.6583979952381
17031801702,21,42.1256483190476,-87.8321284904762
17031803016,21,42.1209934714286,-87.987267947619
17031804404,21,42.0409621380952,-88.2475457666667
17031808002,21,42.0054712047619,-87.721047152381
17031812302,21,41.8970125761905,-87.8023542761905
17031813200,21,41.8695221809524,-87.7961497761905
17031818402,21,41.8521574619048,-87.8918073761905
17031819100,21,41.8168949619048,-87.8137383904762
17031819400,21,41.8095945333333,-87.8474717428572
17031826500,21,41.6307185666667,-87.6179555238095
17043840704,21,41.9381029,-87.9499675666667
17043840906,21,41.9392084190476,-88.0369277428572
17043841003,21,41.9864798190476,-88.0665947333333
17043843200,21,41.8947342952381,-87.9877200428571
17043844201,21,41.8672253904762,-88.0218526571429
17043845702,21,41.7723980238095,-88.0067704714286
17043846201,21,41.7345613476191,-88.1172468952381
17043846307,21,41.7686747714286,-88.0392848761905
17043846314,21,41.777195052381,-88.0512338571429
17043846518,21,41.749107652381,-88.2496187857143
17089850500,21,42.0903159095238,-88.279719752381
17089852001,21,41.9575063285714,-88.2992115095238
17093890106,21,41.6734367428571,-88.349803652381
17093890502,21,41.6719202666667,-88.5515887571429
17097863904,21,42.2609818571429,-87.9660158238095
17097864105,21,42.2783485380953,-88.0325047714286
17097864107,21,42.2574236809524,-88.030819652381
17097864519,21,42.1622965857143,-87.9570788142857
17111871115,21,42.1575279952381,-88.4147451761905
17111871209,21,42.1972285619048,-88.335803152381
17111871307,21,42.2116653952381,-88.2292457095238
17197883516,21,41.4884277095238,-87.8870156761905
17201004004,21,42.4809806952381,-89.0347069047619
17031010501,20,42.01000519,-87.664039605
17031030101,20,41.991312955,-87.656519495
17031030102,20,41.993299965,-87.656626295
17031040300,20,41.975724165,-87.701229155
17031060100,20,41.95774835,-87.666705755
17031130100,20,41.993455475,-87.72173364
17031170900,20,41.93683764,-87.8118816
17031191200,20,41.92036716,-87.758519975
17031221000,20,41.920462035,-87.715080815
17031222200,20,41.915813615,-87.68461845
17031230500,20,41.911506685,-87.731068085
17031231500,20,41.891432275,-87.71940509
17031242200,20,41.8999063,-87.67536126
17031250200,20,41.91221829,-87.750879465
17031251100,20,41.898808775,-87.751895675
17031560900,20,41.796888675,-87.79082643
17031640400,20,41.781718075,-87.787475585
17031700401,20,41.74475704,-87.712745045
17031802004,20,42.069115645,-87.856377855
17031803013,20,42.143330925,-87.972496025
17031804309,20,42.013256835,-88.1610815
17031805301,20,42.0455926,-87.8213234
17031807500,20,42.02649712,-87.729036285
17031811900,20,41.900457695,-87.81714511
17031812900,20,41.875969835,-87.79508681
17031813000,20,41.87617088,-87.7805996
17031814700,20,41.862232285,-87.796889755
17031815100,20,41.847384525,-87.78576381
17031820101,20,41.77464988,-87.898000255
17031820204,20,41.762223835,-87.89124845
17031820700,20,41.818591125,-87.792464805
17031820800,20,41.804878395,-87.760623335
17031823001,20,41.70684916,-87.783569055
17031824602,20,41.61713176,-87.737798465
17031830003,20,41.511678995,-87.764203075
17031831900,20,41.94516411,-87.66799385
17031836700,20,41.89211525,-87.70645735
17031843000,20,41.8677337,-87.72202178
17043840904,20,41.92737942,-88.070213055
17043841313,20,41.92418819,-88.225063255
17043842601,20,41.83294996,-88.123775615
17043843000,20,41.896324855,-87.956457745
17043844702,20,41.81341858,-87.943332295
17043846102,20,41.802447905,-88.10506868
17043846514,20,41.737616375,-88.219136045
17043846701,20,41.921347015,-87.981051865
17089852101,20,41.965052665,-88.36058676
17089853900,20,41.75826807,-88.34388698
17093890403,20,41.699905665,-88.38665972
17093890501,20,41.65857753,-88.504417475
17097861011,20,42.39618322,-88.08075698
17097863902,20,42.24855469,-87.963855315
17097864523,20,42.16034004,-87.928374975
17197880125,20,41.67422189,-88.135806615
17197880317,20,41.6548296,-88.175690165
17197883514,20,41.53886081,-87.817400375
17031010400,19,42.0033369157895,-87.6597573157895
17031030800,19,41.979617731579,-87.6650856210526
17031051400,19,41.9372853631579,-87.6812045947368
17031062800,19,41.9359572473684,-87.6618744526316
17031080100,19,41.9073733157895,-87.6268672947368
17031081100,19,41.9000916,-87.628966
17031190100,19,41.9359100736842,-87.7452827210526
17031220902,19,41.9226611157895,-87.7214996
17031230400,19,41.9116629052632,-87.7222858315789
17031240600,19,41.9127549105263,-87.6900773368421
17031240800,19,41.912192,-87.6992061526316
17031241500,19,41.9092497157895,-87.6712042684211
17031390700,19,41.8046834263158,-87.5872386789474
17031660500,19,41.7747578789474,-87.7081725631579
17031700302,19,41.7389705736842,-87.7312479736842
17031700501,19,41.7467586105263,-87.6878510894737
17031800300,19,42.114357831579,-87.7507291052632
17031801100,19,42.0741403368421,-87.7153581421053
17031801701,19,42.1255256263158,-87.8433413210526
17031804510,19,41.9986774052632,-88.1553858894737
17031815701,19,41.8367705157895,-87.8094146947369
17031820300,19,41.7904721473684,-87.8064669210526
17031820603,19,41.7533928894737,-87.8458812842105
17031823602,19,41.6559046157895,-87.7567030157895
17031824113,19,41.6206045684211,-87.9024894157895
17031836600,19,41.8996404473684,-87.7094554578947
17031843700,19,41.9442358263158,-87.6878348789474
17043841112,19,41.9604646263158,-88.1155116736842
17043841210,19,41.9206502421053,-88.1243395210526
17043843301,19,41.9014019578947,-88.0065577947369
17043844304,19,41.8562018263158,-88.0280486263158
17043844601,19,41.8449248315789,-87.9433051421053
17043845507,19,41.7605900473684,-87.9651100526316
17043846002,19,41.7983893210526,-88.0450677842105
17043846103,19,41.7808917894737,-88.123882731579
17043846603,19,41.9262202631579,-87.9960768421053
17089850202,19,42.1143991473684,-88.2484592105263
17089852201,19,41.9034617473684,-88.3204566526316
17089854900,19,42.014665668421,-88.3063210684211
17097861607,19,42.3457348421053,-87.9958432789474
17097864110,19,42.3173846263158,-88.0738880157895
17111870812,19,42.2679319684211,-88.2117881473684
17111870904,19,42.3142372631579,-88.4590741421053
17197880305,19,41.7030453631579,-88.177398631579
17197881009,19,41.5733536368421,-88.0167858894737
17007010603,18,42.3518118944445,-88.8739764
17031010300,18,42.0165210944445,-87.6651246611111
17031020701,18,41.98595795,-87.7032516444444
17031020902,18,41.9929599944445,-87.6783187277778
17031030706,18,41.9807107611111,-87.6556024333334
17031060400,18,41.9510521111111,-87.6673250611111
17031062000,18,41.942523,-87.6471794722222
17031070101,18,41.9300582555556,-87.6404318111111
17031220300,18,41.9281476777778,-87.6950335055556
17031221200,18,41.9215209444444,-87.7049275333333
17031291200,18,41.8624167333333,-87.7131540277778
17031580700,18,41.8183305388889,-87.6873303444444
17031620200,18,41.7948602222222,-87.7317416388889
17031650100,18,41.7816099833333,-87.7187041277778
17031710200,18,41.7550045611111,-87.64907425
17031710400,18,41.7542856055556,-87.6701241388889
17031730600,18,41.7109275722222,-87.6493689333333
17031800500,18,42.1006312,-87.7381872888889
17031801607,18,42.0921801888889,-87.8577760444444
17031802002,18,42.0733922111111,-87.8327228944444
17031802504,18,42.1342685055556,-87.9391116888889
17031803614,18,42.1355409944444,-88.0098065555556
17031804511,18,41.99236475,-88.1548712888889
17031813600,18,41.8538509222222,-87.7659523777778
17031820501,18,41.7520912277778,-87.8149905722222
17031830700,18,41.9643714833333,-87.6571835166667
17031834200,18,41.7548454722222,-87.5824850444444
17043840801,18,41.9504977166667,-87.9362396555556
17043841315,18,41.9811092833333,-88.1562264666667
17043841707,18,41.8997366111111,-88.0942719611111
17043842603,18,41.8669953333333,-88.1270642055556
17043844307,18,41.8652519333333,-87.9860444388889
17043845508,18,41.7694388944445,-87.9526057888889
17043845802,18,41.7463143444444,-87.9960570611111
17043845808,18,41.7168818555556,-88.0214915888889
17043846305,18,41.7578020222222,-88.0498312555556
17043846405,18,41.7914064277778,-88.1688783944445
17043846504,18,41.7744631666667,-88.1720354944445
17043846521,18,41.7582633277778,-88.1764565166667
17089851912,18,41.9924071666667,-88.3558910333334
17097863604,18,42.2878818555556,-87.9651162722222
17097864514,18,42.2038471388889,-87.9433165055556
17097864602,18,42.2278902,-87.8427750555556
17111870604,18,42.3583195722222,-88.2627251333333
17111870703,18,42.3960710833333,-88.2452288111111
17197880204,18,41.6452916944445,-88.1144222444445
17031031501,17,41.9670981588235,-87.6525679058824
17031081202,17,41.9021417058824,-87.6258803941177
17031140100,17,41.9710801588235,-87.7061952352941
17031170100,17,41.9553341176471,-87.7907345823529
17031190900,17,41.9278062117647,-87.7441977352941
17031200300,17,41.9232568235294,-87.7361999294118
17031243200,17,41.8937331882353,-87.6692877470588
17031252202,17,41.8762408352941,-87.744722082353
17031260500,17,41.8777159705882,-87.7377359058824
17031330200,17,41.8586461235294,-87.628588
17031430200,17,41.7705042647059,-87.5822555411765
17031431400,17,41.7596536411765,-87.5581151176471
17031560700,17,41.7961577764706,-87.7575154529412
17031650302,17,41.7747448058823,-87.7174682647059
17031650500,17,41.7682662117647,-87.7304745411765
17031801500,17,42.1378888882353,-87.8164222294118
17031802100,17,42.0697678705882,-87.8105676882353
17031802402,17,42.1439098705882,-87.9132547764706
17031804109,17,42.0794085,-88.0375603647059
17031804203,17,42.0930429941177,-88.1664704588236
17031804406,17,42.0214149705882,-88.2506356764706
17031808100,17,42.0106037117647,-87.7961220352941
17031812200,17,41.9053649764706,-87.7960425588235
17031812700,17,41.8826817823529,-87.7900273
17031814200,17,41.8383383294118,-87.7489504
17031816401,17,41.8949058941176,-87.8602162647059
17031819300,17,41.8169025117647,-87.8487673
17031819600,17,41.8048932117647,-87.8694841352941
17031820605,17,41.7366459,-87.8331746588235
17031821300,17,41.6544262705882,-87.6697895058823
17031821900,17,41.7107218411765,-87.7006958235294
17031822602,17,41.701064,-87.7521566352941
17031824105,17,41.6373278529412,-87.8350347117647
17031828505,17,41.5480144941177,-87.5392872058824
17031831000,17,41.9142640176471,-87.6774378117647
17031837100,17,41.8846539235294,-87.6974304705882
17031841500,17,41.8622820117647,-87.7078074529412
17031842300,17,41.8972932,-87.6544998588235
17031843900,17,41.7735067058824,-87.5765486058824
17043841113,17,41.9473076470588,-88.085984082353
17043841801,17,41.8781972235294,-88.1077088
17043842400,17,41.8637948882353,-88.0886615352941
17043843602,17,41.8808842176471,-88.0064952588235
17043845200,17,41.7969675,-87.9403916529412
17043845505,17,41.7594776411765,-87.9831149352941
17043846202,17,41.7738394235294,-88.1042887058824
17043846311,17,41.7337282176471,-88.0522029941177
17043846413,17,41.7968523588235,-88.1943320058823
17089851909,17,42.0454154941177,-88.3240455705882
17089852204,17,41.9122901882353,-88.3593561882353
17089852407,17,41.9264808705882,-88.3943052588235
17089852606,17,41.8695113470588,-88.3256570470588
17089852803,17,41.8510952588235,-88.2905926
17093890602,17,41.6045788235294,-88.4483877058824
17097861008,17,42.4185540647059,-88.0318963764706
17097863202,17,42.2836996588235,-87.8662092058824
17097864002,17,42.2541468823529,-87.9971042352941
17111870808,17,42.2510593764706,-88.3080063647059
17111870809,17,42.2683864,-88.2703368352941
17197880105,17,41.6964766470588,-88.1078551352941
17197880426,17,41.6136394470588,-88.148376182353
17197881105,17,41.5342454823529,-87.9426445176471
17007010400,16,42.24457308125,-88.83853136875
17031030703,16,41.97944403125,-87.6572409
17031040600,16,41.967235075,-87.6842514375
17031051300,16,41.9368880375,-87.6758684625
17031062600,16,41.9365020125,-87.67093720625
17031063400,16,41.93473146875,-87.64701343125
17031242400,16,41.89948314375,-87.68499220625
17031420300,16,41.783703275,-87.59931525625
17031560200,16,41.81038260625,-87.74791388125
17031570300,16,41.80402024375,-87.73005453125
17031640600,16,41.7757967125,-87.77112796875
17031660302,16,41.78334294375,-87.69989118125
17031660900,16,41.76790953125,-87.6884329625
17031700200,16,41.752084,-87.72339595
17031730500,16,41.7126277875,-87.63810885
17031800900,16,42.072551925,-87.753691725
17031801300,16,42.0749994875,-87.69905836875
17031803604,16,42.12786444375,-88.03972420625
17031813100,16,41.8683926625,-87.78089545625
17031817500,16,41.883634025,-87.84000556875
17031818100,16,41.853283925,-87.8730368625
17031820103,16,41.79204145,-87.86711979375
17031820902,16,41.75201650625,-87.75686611875
17031824505,16,41.60800706875,-87.765602275
17031825802,16,41.62658480625,-87.5626827625
17031826700,16,41.63589860625,-87.63293759375
17031826800,16,41.6304911,-87.670460175
17031829200,16,41.50744156875,-87.64740544375
17031840700,16,41.85326755625,-87.69480965
17043841110,16,41.9478396875,-88.072354425
17043841322,16,41.9455304,-88.1557075
17043841401,16,41.8831681375,-88.18592465
17043841603,16,41.843424375,-88.1821369875
17043841708,16,41.89308223125,-88.09678255
17043843302,16,41.89365584375,-88.0071238
17043845509,16,41.7817908375,-87.969885475
17043846308,16,41.7447256,-88.03513458125
17043846313,16,41.7653034875,-88.0837318625
17089851102,16,42.04181815,-88.3012571
17089851908,16,42.01588855625,-88.3273784875
17089852104,16,41.98308910625,-88.3053866625
17089852805,16,41.82341175625,-88.30776489375
17089854507,16,41.88384219375,-88.4503025875
17097860811,16,42.45782704375,-88.070963925
17097861106,16,42.35033324375,-88.0254284625
17097861301,16,42.37915335,-88.10406965
17097864305,16,42.2236297,-88.14166958125
17097864517,16,42.19050935625,-87.97040440625
17097864601,16,42.22033688125,-87.87009365
17097865200,16,42.2068021875,-87.813621375
17111870402,16,42.33430956875,-88.439215925
17111870404,16,42.350907275,-88.41704875
17111871208,16,42.19593668125,-88.34649778125
17197880107,16,41.70613876875,-88.07669605625
17197880202,16,41.6594736375,-88.0786634375
17197880315,16,41.6909632625,-88.153159775
17197880321,16,41.6605096625,-88.21485378125
17197880901,16,41.57281321875,-88.13228455625
17197881002,16,41.6216673125,-87.9595160625
17031010702,15,42.0086318866667,-87.6721950666667
17031070200,15,41.9289646333333,-87.64693502
17031071300,15,41.9219922666667,-87.6411619533333
17031191000,15,41.9193897133333,-87.7434866066667
17031380600,15,41.81985074,-87.62079576
17031411000,15,41.7933608933333,-87.5840922266667
17031580501,15,41.8198372733333,-87.7010881933333
17031630400,15,41.79754048,-87.6988498666667
17031640300,15,41.7814923733333,-87.7718203066667
17031690400,15,41.7690852533333,-87.6201904333334
17031750100,15,41.69526688,-87.6502501133333
17031800700,15,42.08329652,-87.7393695266667
17031803005,15,42.1297423066667,-87.9888328733334
17031803010,15,42.1503992666667,-87.9822443466667
17031803613,15,42.1415729333333,-88.01581248
17031813701,15,41.8546409666667,-87.7515550533333
17031814000,15,41.84482672,-87.7759149
17031814100,15,41.8478373466667,-87.7608910133333
17031819700,15,41.81087436,-87.87951382
17031823200,15,41.6785980466667,-87.7481250466667
17031823302,15,41.66659724,-87.7295734733334
17031824123,15,41.5898809,-87.80483222
17031825302,15,41.5836105666667,-87.7553977133333
17031825803,15,41.6196910866667,-87.56363446
17031830800,15,41.9643248533333,-87.6764804
17031835100,15,41.7897377466667,-87.68754172
17031842600,15,41.8148520333333,-87.6459784266667
17031842800,15,41.8100723733333,-87.6945883133334
17031844700,15,41.8535490466667,-87.7130886333334
17043841324,15,41.9213374133333,-88.1506097066667
17043841501,15,41.8851522,-88.2068182666667
17043841605,15,41.8462937533333,-88.2069605133333
17043842500,15,41.86421088,-88.1076715266667
17043842604,15,41.8530996533333,-88.1368795133333
17043844002,15,41.8840933666667,-87.9326133
17043844501,15,41.85978004,-87.9672096733333
17043845810,15,41.7499680133333,-87.9633113466667
17043846510,15,41.74966046,-88.2274900733333
17063000103,15,41.41325054,-88.2742535933333
17089850704,15,42.14173358,-88.4541030333334
17089851910,15,42.0588439933333,-88.3285574866667
17089852403,15,41.88086264,-88.5462005066667
17093890302,15,41.7017296266667,-88.3383965
17097861009,15,42.41282632,-88.0140591066667
17097864204,15,42.25703512,-88.1784490866667
17097864208,15,42.2709536466667,-88.1296303533333
17097865700,15,42.1693105,-87.79411502
17111870814,15,42.3020591266667,-88.3216517133333
17197880304,15,41.7177621,-88.1569138133333
17197880320,15,41.6454997933333,-88.21387436
17197881108,15,41.5354839333333,-88.0121112733333
17197883513,15,41.5318659933333,-87.8328362933333
17201003801,15,42.3794578,-89.0739355266667
17007010200,14,42.2549101785714,-88.8341479571429
17031020400,14,42.0086744,-87.6855682
17031030104,14,41.9971634642857,-87.6567280142857
17031030702,14,41.9809349071429,-87.6545368214286
17031040800,14,41.9633722785714,-87.6916811714286
17031050300,14,41.9580791714286,-87.6908235214286
17031062500,14,41.9409240428571,-87.6707375142857
17031081600,14,41.8909933357143,-87.6288812285714
17031231100,14,41.8988074357143,-87.7153373928571
17031240700,14,41.9120260928571,-87.6940054285714
17031243300,14,41.8938625571429,-87.6651053214286
17031260800,14,41.8772226857143,-87.7234334785714
17031280400,14,41.8839477928572,-87.6721437857143
17031283800,14,41.8625871642857,-87.6538199357143
17031292200,14,41.8566010928571,-87.7157303428571
17031292500,14,41.8543900357143,-87.7306785857143
17031431200,14,41.7558198,-87.5724786357143
17031491100,14,41.6987651214286,-87.6367253428572
17031530503,14,41.66179345,-87.6400193857143
17031630300,14,41.7977942714286,-87.7065613285714
17031630900,14,41.7889749285714,-87.7076397071429
17031640700,14,41.7766553071429,-87.7529483357143
17031803012,14,42.1427346785714,-87.9912806142857
17031804508,14,42.0064035285714,-88.1825243571429
17031807100,14,42.04507225,-87.7214710642857
17031812600,14,41.8832897785714,-87.7788703285714
17031813301,14,41.8632092928572,-87.7516082142857
17031818700,14,41.8322164571429,-87.8461262714286
17031820606,14,41.7369371571429,-87.8543939857143
17031822400,14,41.7194452,-87.79022505
17031823801,14,41.6635892857143,-87.8705020142857
17031823903,14,41.6591085357143,-87.8181992714286
17031824503,14,41.639964,-87.7666407428572
17031824800,14,41.6247136142857,-87.6834846928572
17031825304,14,41.5726728857143,-87.8022373428572
17031826401,14,41.6341475214286,-87.5992352428572
17031829902,14,41.5418995,-87.7130049357143
17031830201,14,41.4834889071429,-87.7091740928571
17031834400,14,41.77736515,-87.5961893571429
17031835000,14,41.7833558785714,-87.6877626714286
17031836800,14,41.8857074928571,-87.7107209642857
17031841200,14,41.8552384071429,-87.6821362357143
17043841320,14,41.9589301571429,-88.1485458285714
17043841902,14,41.8709056857143,-88.0949902357143
17043844402,14,41.8248823142857,-87.9874006642857
17043844802,14,41.80887195,-88.0214963285714
17043845502,14,41.7823765428571,-87.9516190571429
17043845703,14,41.7601140785714,-88.0245148857143
17043846203,14,41.7429340214286,-88.1139361142857
17043846206,14,41.7434291928571,-88.1346714071429
17043846409,14,41.7951945928571,-88.2515574428571
17089851101,14,42.0337298071429,-88.3025763714286
17089852408,14,41.9120699214286,-88.44301595
17093890108,14,41.6579068071429,-88.3654271928572
17093890404,14,41.7134436285714,-88.4076794571429
17097860806,14,42.4877378,-88.1098375428572
17097861010,14,42.4036791428571,-88.1161050642857
17097861012,14,42.4293104285714,-88.0858424571428
17097861201,14,42.3760049571429,-88.0821711285714
17097861505,14,42.39468815,-87.9407779785714
17097861604,14,42.3933292285714,-87.9918283642857
17097863701,14,42.2912916142857,-87.9436777142857
17097863702,14,42.2975474285714,-87.9036007928571
17097863801,14,42.2696575357143,-87.9413020714286
17097864106,14,42.2796046571429,-88.0128334071429
17097865802,14,42.1626715142857,-87.8206521714286
17111870403,14,42.3831842285714,-88.37478605
17111871304,14,42.2309084642857,-88.2590643714286
17197880109,14,41.7191284785714,-88.0579304857143
17197880119,14,41.7220260357143,-88.1361171428572
17197880124,14,41.6860923357143,-88.1162007928572
17197880316,14,41.6985783357143,-88.1681423642857
17197880318,14,41.6720325928571,-88.1946423571429
17197880408,14,41.6292192071429,-88.1533959
17197880432,14,41.5552165928571,-88.2469913214286
17197880502,14,41.6105237357143,-88.0353198
17197881001,14,41.6203427142857,-88.0072197
17031010503,13,42.0000936615385,-87.6628135461539
17031031800,13,41.9672769384616,-87.6701354769231
17031031900,13,41.9629594923077,-87.6700132692308
17031040900,13,41.9636287384615,-87.6831082
17031050600,13,41.9505743307692,-87.6772197461538
17031051000,13,41.9411118538462,-87.6854739769231
17031061500,13,41.9455356769231,-87.6618272538462
17031230200,13,41.9119076538462,-87.7102776538461
17031241000,13,41.9081552615385,-87.6947989846154
17031282700,13,41.8717453076923,-87.6880630923077
17031300900,13,41.8478802769231,-87.7027094384616
17031381200,13,41.8083027230769,-87.6144320230769
17031430400,13,41.7632955692308,-87.5901300384616
17031431302,13,41.7586420461538,-87.5639205076923
17031440300,13,41.7452176615385,-87.6199479538462
17031440600,13,41.7323107769231,-87.6179380923077
17031510300,13,41.7155799153846,-87.5716795230769
17031530100,13,41.6810195307692,-87.6189470076923
17031560800,13,41.7957919461538,-87.7742824615385
17031620100,13,41.7966656846154,-87.7190143769231
17031660400,13,41.7825503384615,-87.7072954307692
17031660800,13,41.7738016923077,-87.6928321153846
17031700402,13,41.7385350769231,-87.7144774538462
17031710500,13,41.7478817846154,-87.6672387153846
17031711000,13,41.7398021692308,-87.6483976153846
17031750200,13,41.6954214769231,-87.6689618307692
17031801200,13,42.0834635153846,-87.6991815
17031802003,13,42.0800816076923,-87.8456581384615
17031802607,13,42.0989562461538,-87.9321043
17031804314,13,42.0379905461539,-88.2023425
17031804405,13,42.035064,-88.2462742538462
17031808500,13,42.0454678923077,-87.7699568230769
17031808600,13,42.0613715692308,-87.7983675076923
17031809700,13,42.0383134615385,-87.6984620307692
17031812400,13,41.8968627846154,-87.7934550846154
17031813302,13,41.8637175153846,-87.7467287384616
17031815300,13,41.8387017615385,-87.7954581692308
17031815702,13,41.8271191846154,-87.8182223692308
17031819000,13,41.8239231230769,-87.8814759923077
17031820604,13,41.7429272538462,-87.8237367
17031821700,13,41.7214457307692,-87.7175006923077
17031821800,13,41.7176044615385,-87.7002197769231
17031824106,13,41.6128102307692,-87.8318980153846
17031824119,13,41.5722769307692,-87.9006175153846
17031826600,13,41.6333908153846,-87.6221279692308
17031828000,13,41.5719368846154,-87.5344645538462
17031829903,13,41.5476193923077,-87.7207831538462
17031830004,13,41.5157527692308,-87.7272857769231
17031830300,13,41.4837617384615,-87.6790405846154
17031831700,13,41.9493324923077,-87.7451698538462
17031834300,13,41.7461162615385,-87.5927849153846
17031836400,13,41.8202833230769,-87.6022761692308
17031837000,13,41.8789014230769,-87.6986456230769
17031840400,13,41.8332347923077,-87.6686582307693
17043841326,13,41.9145494384615,-88.1986847384616
17043841604,13,41.8261373307692,-88.2190486615385
17043841901,13,41.8798115692308,-88.0882572692308
17043842300,13,41.8664893923077,-88.0729083846154
17043842702,13,41.8370464,-88.0928719076923
17043844202,13,41.8692616,-87.9977989846154
17043844310,13,41.8421325076923,-88.0159480846154
17043844801,13,41.8073428153846,-88.0019272769231
17043845701,13,41.7733515538462,-88.0257358307692
17043845811,13,41.7449519307692,-87.9593678692308
17043846519,13,41.7614182538462,-88.1911017153846
17063000700,13,41.3005018153846,-88.2871867923077
17089850201,13,42.1269850769231,-88.2528253538461
17089854403,13,41.7355398230769,-88.2746847923077
17093890107,13,41.6773628846154,-88.3261693692308
17097860812,13,42.4770869538462,-88.0397408769231
17097864203,13,42.2914284923077,-88.1913514769231
17097864700,13,42.1825186153846,-87.8369562692308
17097864802,13,42.1707997,-87.8726421846154
17111870104,13,42.4655506,-88.277817
17111870603,13,42.3549302230769,-88.2939510692308
17111870807,13,42.2530474538462,-88.3343298230769
17197880106,13,41.6986803153846,-88.0925799692308
17197880116,13,41.7097073384615,-88.0595655230769
17197880118,13,41.7208096307692,-88.1136300538462
17197880309,13,41.6919572615385,-88.1940496230769
17197880414,13,41.5609228615385,-88.1687981153846
17197883212,13,41.4974235461538,-88.2244747076923
17197883519,13,41.5418993692308,-87.8960303846154
17201003705,13,42.2145582307692,-88.9824289615385
17201003901,13,42.4296634846154,-89.0571329461539
17007010300,12,42.2447192,-88.8490525416667
17007010502,12,42.3012248166667,-88.8710982583334
17031030103,12,41.9955511,-87.6577279333333
17031061800,12,41.9464044583333,-87.6471039833333
17031062200,12,41.9427017416667,-87.6564530166667
17031062700,12,41.936899225,-87.66631505
17031063301,12,41.9338318583333,-87.6426506833333
17031070500,12,41.9285594833333,-87.6606522916667
17031070700,12,41.9296093083333,-87.67270905
17031210800,12,41.93608345,-87.699009125
17031222700,12,41.9155671166667,-87.7103373666667
17031241300,12,41.9057996916667,-87.6810243916667
17031243400,12,41.8933084,-87.6599817666667
17031260900,12,41.8716171166667,-87.7227176166667
17031271400,12,41.8780363083333,-87.71370335
17031300700,12,41.8475553333333,-87.7118795833333
17031310900,12,41.855745675,-87.6752922416667
17031390300,12,41.8119596,-87.6039267166667
17031400800,12,41.782472775,-87.6199858916667
17031430101,12,41.7697204666667,-87.5738974833333
17031430102,12,41.768529875,-87.5690782666667
17031440102,12,41.74248925,-87.6026058
17031460302,12,41.7468571666667,-87.55756145
17031460400,12,41.744063425,-87.5638880416667
17031560300,12,41.8036970916667,-87.7480437416667
17031590600,12,41.8270174416667,-87.67238885
17031640800,12,41.7738928833333,-87.7392987083333
17031691100,12,41.7621101333333,-87.6299005583333
17031740300,12,41.6947272,-87.7112688333333
17031750500,12,41.6855636833333,-87.6756032666667
17031750600,12,41.6879511333333,-87.651964175
17031801901,12,42.0933784,-87.8023828583333
17031802403,12,42.1422276333333,-87.9533146916667
17031803014,12,42.11784235,-87.9318037416667
17031809000,12,42.0603261833333,-87.7198652416667
17031809100,12,42.0611861,-87.7037384083334
17031810302,12,42.0301059666667,-87.6944587416667
17031820104,12,41.7803490416667,-87.8742039416667
17031821101,12,41.7376600333333,-87.7631552083333
17031821200,12,41.6684699666667,-87.6758121083333
17031821600,12,41.7304728666667,-87.6973932916667
17031822102,12,41.7203237,-87.7327543333333
17031823304,12,41.6798105916667,-87.706750125
17031823702,12,41.7096901833333,-87.834143025
17031823704,12,41.725205175,-87.8418260583334
17031823705,12,41.72423935,-87.823852
17031824122,12,41.5815343583333,-87.8177763416667
17031824125,12,41.5871692166667,-87.839635675
17031824126,12,41.5683061166667,-87.8307806833333
17031825503,12,41.5686427916667,-87.6853987833334
17031825700,12,41.6369094416667,-87.55366435
17031827200,12,41.6159787666667,-87.623981125
17031828504,12,41.4834748166667,-87.5578671583333
17031829800,12,41.543599625,-87.6845946916667
17031830007,12,41.4813056833333,-87.7228937916667
17031832300,12,41.91970445,-87.6736105166667
17031843400,12,41.8503866583333,-87.7298360916666
17031843600,12,41.807519275,-87.6089080083334
17043841312,12,41.9060320666667,-88.2085482083333
17043841404,12,41.88614145,-88.15194595
17043841607,12,41.8233458083333,-88.19390115
17043841706,12,41.886586575,-88.0410501833333
17043842711,12,41.823919425,-88.0874561916667
17043844309,12,41.8529948166667,-88.0018232916667
17043844401,12,41.82724185,-88.0119901
17043844701,12,41.8098735916667,-87.9803514
17043844901,12,41.79882675,-88.0024263583333
17043845300,12,41.7991694333333,-87.9271818083333
17043845506,12,41.7702691583333,-87.98574135
17043845902,12,41.7584159416667,-87.932008225
17043846208,12,41.7598498,-88.127627225
17043846408,12,41.784756025,-88.2426586416667
17043846522,12,41.7528397916667,-88.1934113583333
17089851301,12,42.0360353333333,-88.2731338833334
17089852608,12,41.8916695666667,-88.3173647083333
17097861303,12,42.37547505,-88.102070975
17097861508,12,42.3793097083333,-87.9259794
17097861611,12,42.3687439166667,-87.985226975
17097863300,12,42.2762106416667,-87.8375731916667
17097863601,12,42.3154714333333,-87.934904825
17097864307,12,42.1739223333333,-88.16922555
17097864521,12,42.19043425,-87.9348679083333
17097865300,12,42.2085601666667,-87.8270339083334
17097865400,12,42.1878284583333,-87.81091415
17111870606,12,42.33795755,-88.2661371833333
17111870811,12,42.30262175,-88.2153036583333
17111870813,12,42.3015528916667,-88.30352995
17111870905,12,42.3055535666667,-88.4397627083333
17111871313,12,42.22166875,-88.2885911833333
17197880113,12,41.6923818416667,-88.0612140333333
17197880319,12,41.6723587583333,-88.2175643333333
17197880422,12,41.6012087166667,-88.2210876583333
17197880431,12,41.5727644,-88.2475018
17197880510,12,41.6173885833333,-88.1280702
17197880511,12,41.616201325,-88.1388175666667
17197881116,12,41.5066759,-87.923230625
17201003809,12,42.329391125,-89.01154345
17201004002,12,42.4564217833333,-89.0539460583333
17031020302,11,42.0086616454546,-87.6960454727273
17031030601,11,41.9887605909091,-87.6560220454546
17031050200,11,41.9580946636364,-87.6835717636364
17031050900,11,41.9447295181818,-87.6853866636364
17031062300,11,41.9420497181818,-87.6613543181818
17031062400,11,41.9416280363636,-87.6656081545455
17031070103,11,41.9270982545455,-87.6428470363636
17031071800,11,41.9151769,-87.6456265
17031222800,11,41.9156317818182,-87.7152498181818
17031230300,11,41.9118408272727,-87.7148054909091
17031242800,11,41.8937919818182,-87.689419
17031260300,11,41.8842994818182,-87.7326692090909
17031260400,11,41.8827293363636,-87.737566
17031301803,11,41.8383230636364,-87.7273180636364
17031310600,11,41.8568432,-87.6572898454545
17031340400,11,41.8414633636364,-87.6329412272727
17031410500,11,41.7990691272727,-87.6044697636364
17031430500,11,41.7641620363636,-87.5808764181818
17031440202,11,41.7420419272727,-87.6084204363636
17031490200,11,41.7259865818182,-87.6187486
17031490902,11,41.7036114818182,-87.6166137090909
17031510100,11,41.7195670727273,-87.5520422090909
17031530200,11,41.6805972909091,-87.6319303363637
17031530501,11,41.6735625727273,-87.6302347272728
17031561100,11,41.7887351181818,-87.7672787090909
17031570500,11,41.7984098181818,-87.7320802636364
17031580100,11,41.8272247727273,-87.6898743363636
17031600600,11,41.8422080818182,-87.6551592454546
17031611400,11,41.8047776,-87.6721341
17031661000,11,41.7611175909091,-87.6859485636364
17031671600,11,41.7692786818182,-87.6608467
17031672000,11,41.7613019545455,-87.6703821272727
17031691000,11,41.7625246727273,-87.6192844545455
17031710700,11,41.7472728090909,-87.6565514909091
17031711200,11,41.7406832363636,-87.6675254
17031720100,11,41.7240866454545,-87.6745263909091
17031800600,11,42.0882443454545,-87.7149918454545
17031808900,11,42.0665588909091,-87.7189486545455
17031810200,11,42.0233448818182,-87.6816282363636
17031813702,11,41.8548798636364,-87.7471416818182
17031813801,11,41.8509707818182,-87.7444430636364
17031820400,11,41.7796854818182,-87.8101942090909
17031820502,11,41.7521915818182,-87.8052225909091
17031822500,11,41.7188711545454,-87.7585619090909
17031822601,11,41.7092319545455,-87.7551515363636
17031823101,11,41.6891356545455,-87.7939254
17031824005,11,41.6543643454545,-88.0098296545455
17031830400,11,41.4749696363636,-87.6947373818182
17031830500,11,41.8354337454546,-87.7225648
17031831400,11,41.8697546545455,-87.7614769545455
17031832500,11,41.9227155818182,-87.6629156
17031837300,11,41.871941,-87.7048469181818
17031842400,11,41.7470469545455,-87.6309682363636
17031844600,11,41.8133290818182,-87.6250009090909
17043841403,11,41.8623890363636,-88.1582635636364
17043841704,11,41.8922698545455,-88.1264588272727
17043841802,11,41.8812934454545,-88.1351058818182
17043842605,11,41.8574577909091,-88.1209335636364
17043842708,11,41.8435461272727,-88.0505646363637
17043843800,11,41.8837938363636,-87.9689411363636
17043846004,11,41.7942889090909,-88.0850809818182
17043846205,11,41.7698761727273,-88.1143445181818
17043846209,11,41.7663630909091,-88.1401970727273
17043846410,11,41.7859194,-88.2098198636364
17089852004,11,41.9296266,-88.2710232181818
17089852905,11,41.7760444909091,-88.3213929818182
17093890201,11,41.7154845272727,-88.3247341818182
17097860907,11,42.3418314,-88.1870208454546
17097861404,11,42.3547871363636,-88.0779219272728
17097861506,11,42.4052380545455,-87.9144415
17097861609,11,42.3803992727273,-87.9835414272728
17097861902,11,42.3821348636364,-87.8739704545455
17097863903,11,42.2751568818182,-87.9620510727273
17097864510,11,42.2315607454546,-87.9782813909091
17097864512,11,42.2081977363636,-87.9698539454546
17097864903,11,42.1603930545455,-87.8591644363636
17111870903,11,42.3224359909091,-88.4387814363636
17197880115,11,41.6943909818182,-88.0760084090909
17197880117,11,41.7124992090909,-88.0466038454546
17197880412,11,41.5599317,-88.1519199909091
17197880418,11,41.5578047545455,-88.2118711
17197880423,11,41.6215033454545,-88.2135203181818
17197880424,11,41.618368,-88.2305087181818
17197880428,11,41.5885522909091,-88.1499828090909
17197880509,11,41.6360572363636,-88.0916491363636
17197881112,11,41.4824428636364,-87.9759349272727
17197883504,11,41.4943110818182,-87.8494003363636
17031071100,10,41.92163826,-87.65082688
17031081401,10,41.8947979,-87.6199037
17031243100,10,41.89352901,-87.67451395
17031251600,10,41.89201573,-87.75176372
17031260200,10,41.88318553,-87.72844591
17031260700,10,41.87776544,-87.72802216
17031261000,10,41.87192145,-87.72989105
17031290900,10,41.86282934,-87.72975123
17031300800,10,41.84881305,-87.70789373
17031301801,10,41.84147138,-87.73277643
17031310300,10,41.85653063,-87.64921358
17031390400,10,41.80514514,-87.60343
17031491000,10,41.69960364,-87.62661813
17031500100,10,41.71437954,-87.59863832
17031520300,10,41.70218803,-87.53873712
17031530300,10,41.68182491,-87.65088741
17031530400,10,41.67198452,-87.65273919
17031540101,10,41.65347768,-87.6080309
17031590700,10,41.82647776,-87.6679165
17031600700,10,41.83999416,-87.65934321
17031611500,10,41.80450471,-87.6793687
17031630500,10,41.79834936,-87.68986899
17031660301,10,41.77991587,-87.69844182
17031680900,10,41.77617985,-87.63730826
17031690300,10,41.76793455,-87.6297115
17031711400,10,41.7341258,-87.6544208
17031740200,10,41.70443534,-87.71168781
17031803615,10,42.13213508,-88.07685157
17031809300,10,42.05649228,-87.68552194
17031820202,10,41.77076995,-87.85818895
17031822000,10,41.73161111,-87.73164185
17031822701,10,41.71299948,-87.72978068
17031822802,10,41.69768525,-87.72922757
17031823500,10,41.66709405,-87.68321647
17031824003,10,41.66275215,-87.98437139
17031824116,10,41.6221375,-87.86682707
17031824508,10,41.61278597,-87.79334983
17031828503,10,41.49738902,-87.56756486
17031828508,10,41.52722248,-87.5491631
17031828601,10,41.55124671,-87.66043102
17031828702,10,41.54098417,-87.59509986
17031829302,10,41.50352534,-87.6632256
17031829500,10,41.485484,-87.639483
17031831300,10,41.90773452,-87.74591155
17031834000,10,41.72624553,-87.63077444
17031835800,10,41.81261152,-87.61898599
17031838700,10,41.86393215,-87.71998701
17031843100,10,41.85996272,-87.70438383
17043844902,10,41.79679974,-88.02374164
17043846513,10,41.72982159,-88.22668769
17089850400,10,42.10132543,-88.26361017
17089853007,10,41.77677085,-88.34408274
17093890601,10,41.62850602,-88.46091444
17097860905,10,42.38055842,-88.14234678
17097861107,10,42.36397424,-88.04782569
17097863400,10,42.259015,-87.8365933
17097863500,10,42.25716518,-87.86287234
17097863603,10,42.29976888,-87.98106542
17097864206,10,42.25512685,-88.13637027
17097864801,10,42.18142848,-87.8678118
17097865000,10,42.2329934,-87.82369167
17111870501,10,42.35466244,-88.3323281
17111870906,10,42.26620586,-88.39903034
17197880326,10,41.70742034,-88.24567357
17197880430,10,41.55854497,-88.23360462
17201000502,10,42.25910286,-89.01669339
17201003706,10,42.20835274,-89.05134101
17201003903,10,42.43436373,-88.96611581
17031030900,9,41.9793878888889,-87.6716452888889
17031060300,9,41.9511841777778,-87.6714552777778
17031070400,9,41.9291301,-87.6568205333333
17031081900,9,41.8968037333333,-87.6420014333333
17031090300,9,41.9994051222222,-87.8185224222222
17031222500,9,41.9159671555556,-87.7000753222222
17031222600,9,41.9150647111111,-87.7043121
17031230100,9,41.9124461111111,-87.7040170444444
17031230800,9,41.9067584111111,-87.7154575111111
17031260600,9,41.8781015,-87.7333461222222
17031270500,9,41.8717660333333,-87.7178903111111
17031280800,9,41.8777647,-87.6888036222222
17031283100,9,41.8691306777778,-87.6641230777778
17031301701,9,41.8423359,-87.7208702777778
17031301702,9,41.8388852333333,-87.7208449333334
17031350100,9,41.8421549888889,-87.6160747777778
17031420700,9,41.7758283333333,-87.6109282555556
17031460100,9,41.7498575777778,-87.5496271444445
17031510200,9,41.7171806666667,-87.5617439888889
17031520500,9,41.6908623888889,-87.5304870888889
17031600900,9,41.8369338555556,-87.6538524888889
17031690900,9,41.7622427666667,-87.6091118444445
17031691300,9,41.7549976333333,-87.6190044888889
17031691500,9,41.7551947111111,-87.6023816777778
17031700100,9,41.7534173444444,-87.7081224888889
17031720300,9,41.7129066777778,-87.6769076444444
17031800800,9,42.0946052555556,-87.7624186888889
17031801400,9,42.0693145888889,-87.7658718111111
17031809900,9,42.0366534111111,-87.6767441666667
17031814500,9,41.8278943333333,-87.7741135222222
17031820000,9,41.8065283777778,-87.9137189444444
17031820203,9,41.7322609666667,-87.9009164222222
17031822101,9,41.7255843888889,-87.7462721666667
17031822301,9,41.7303642222222,-87.7705077222222
17031822801,9,41.6942040444444,-87.7372073555556
17031823806,9,41.6887865333333,-87.8055710444444
17031824004,9,41.6730045222222,-87.9629814
17031824006,9,41.6516361555556,-87.9644076444445
17031824107,9,41.6069914777778,-87.8095979333333
17031824128,9,41.5723931555556,-87.8790893111111
17031824702,9,41.6248740555556,-87.705059
17031825303,9,41.5802533555556,-87.7909891111111
17031825501,9,41.5789765888889,-87.7103481666667
17031826303,9,41.6115725111111,-87.5880118444445
17031826402,9,41.6284100333333,-87.5889505111111
17031827100,9,41.6181139777778,-87.6469345444445
17031827600,9,41.5890029,-87.659712
17031827801,9,41.5997736444444,-87.6066770222222
17031828202,9,41.5596589333333,-87.5590746555556
17031828402,9,41.5625988222222,-87.6442096111111
17031830005,9,41.5188994777778,-87.6913299555556
17031830008,9,41.4791377555556,-87.7411106333334
17031830100,9,41.5012245,-87.6854597777778
17043840911,9,41.9215037444444,-88.0715808666667
17043844308,9,41.8436489666667,-88.0056668666667
17043845510,9,41.7811156555556,-87.9799490444445
17043846106,9,41.7987944666667,-88.1326945555556
17043846523,9,41.7557328111111,-88.1557337777778
17063000102,9,41.4386260666667,-88.2854454222222
17089852406,9,41.9661875444445,-88.4300573777778
17089854506,9,41.8183206111111,-88.4027093444445
17089854600,9,42.0400581111111,-88.2806090333333
17097861007,9,42.4334669222222,-88.0331090888889
17097861014,9,42.3942995222222,-88.0502014111111
17097861509,9,42.3597908111111,-87.9161807
17097861510,9,42.3599115555556,-87.9023563444445
17097861603,9,42.3453497888889,-87.9471809
17097863100,9,42.3218043,-87.8508162111111
17099963500,9,41.3252268111111,-88.8406096555555
17103000400,9,41.8667182888889,-89.4814542111111
17111870502,9,42.3847781111111,-88.3456861111111
17111870605,9,42.3353667333333,-88.2993333777778
17111870704,9,42.4038570222222,-88.2111932222222
17111870810,9,42.2674033111111,-88.2420925111111
17111871003,9,42.2691695,-88.6125342666666
17197880203,9,41.6480824777778,-88.0879214777778
17197880303,9,41.7172848555556,-88.1772234222222
17197880416,9,41.5586294444445,-88.1939109
17197883211,9,41.5031435888889,-88.1708316666667
17197883902,9,41.3574210777778,-87.6138021
17197884003,9,41.2734958444444,-88.2214231222222
17201000103,9,42.3306480555556,-89.052374
17201000514,9,42.2559007666667,-88.9642019333333
17201004200,9,42.2681788444445,-89.2317837888889
17019001204,8,40.0748767875,-88.288205275
17031050100,8,41.9584053875,-87.6767178
17031051100,8,41.9411787625,-87.6803822125
17031060200,8,41.9567713875,-87.6704788125
17031070600,8,41.9290959375,-87.6653557625
17031130200,8,41.9822466125,-87.7336418625
17031242500,8,41.8998212375,-87.6895315625
17031252101,8,41.8787146,-87.77043275
17031271500,8,41.8717355625,-87.7126202625
17031283200,8,41.8695467875,-87.6588587875
17031310700,8,41.855860525,-87.6650226375
17031351000,8,41.83303765,-87.6122888625
17031380100,8,41.820220425,-87.6116957
17031380200,8,41.820186275,-87.614971675
17031410700,8,41.798892125,-87.5940560875
17031411100,8,41.791679175,-87.5903196375
17031420600,8,41.7833262,-87.6129351375
17031440101,8,41.7483475125,-87.601992225
17031440201,8,41.7481973,-87.6112753
17031440700,8,41.7342109,-87.6095041
17031450300,8,41.74099025,-87.5805344375
17031460200,8,41.7413372875,-87.5467733
17031460301,8,41.738945175,-87.5562027375
17031490800,8,41.7117222375,-87.6212963875
17031520400,8,41.703991475,-87.5298318
17031561000,8,41.788575575,-87.7927674375
17031580502,8,41.813850975,-87.6981268
17031610300,8,41.8144287125,-87.671472575
17031612000,8,41.7970251625,-87.653050725
17031681100,8,41.7692302,-87.6510786
17031691200,8,41.7539286625,-87.6314751875
17031691400,8,41.753829175,-87.6112416875
17031720700,8,41.7028809,-87.6670964625
17031740100,8,41.6931146,-87.69832
17031740400,8,41.686939175,-87.712508475
17031750400,8,41.6837908875,-87.6845166375
17031808800,8,42.0637993625,-87.6861303875
17031821001,8,41.742264575,-87.78989355
17031821102,8,41.7428443375,-87.749704175
17031821402,8,41.6629187625,-87.651330525
17031822702,8,41.705347175,-87.728172125
17031822900,8,41.725772275,-87.7944402375
17031823002,8,41.698302675,-87.7677171125
17031823904,8,41.6554581875,-87.80590945
17031824121,8,41.5894705375,-87.82766265
17031824300,8,41.6399949125,-87.6992089625
17031824601,8,41.6299301625,-87.7417034875
17031825000,8,41.6039306125,-87.747851075
17031825400,8,41.566644125,-87.782385525
17031825504,8,41.564705375,-87.7074204625
17031825600,8,41.5956342125,-87.694076775
17031825801,8,41.63060695,-87.5699522625
17031826202,8,41.5939681625,-87.537394875
17031827500,8,41.5992526375,-87.6439918125
17031827802,8,41.5988066875,-87.593587275
17031828401,8,41.566279425,-87.6605925
17031828602,8,41.5499713875,-87.6443444125
17031834600,8,41.786841775,-87.63277925
17031836900,8,41.8821561375,-87.706315025
17031837800,8,41.88299685,-87.6836632625
17031838100,8,41.8803082875,-87.6691388625
17031838800,8,41.701198625,-87.56166535
17031843200,8,41.8510836875,-87.675168575
17037000401,8,42.00438045,-88.6633112625
17043845901,8,41.7282338375,-87.922998225
17063000400,8,41.3607632875,-88.44396375
17089850706,8,42.1332358125,-88.5234316125
17089852300,8,41.9102119375,-88.308021425
17089852404,8,41.9494835,-88.39270395
17089853005,8,41.7717194,-88.3686348625
17089854001,8,41.7558995625,-88.36084935
17091010701,8,41.1715614,-87.8341630625
17097860105,8,42.458695975,-87.8691099125
17097860500,8,42.4417261875,-87.8385739625
17097860600,8,42.42861,-87.83058345
17097860807,8,42.426357325,-88.18058685
17097860813,8,42.4879822875,-88.0842526625
17097861901,8,42.397882475,-87.8732115125
17097863004,8,42.302951975,-87.8623892
17097863201,8,42.32281265,-87.8673646
17111870105,8,42.4378879,-88.21771125
17197880114,8,41.686436725,-88.0835027625
17197880123,8,41.7055980625,-88.124684725
17197880411,8,41.6206181125,-88.1858166125
17197880503,8,41.6301228875,-88.1353097875
17197880601,8,41.591072375,-88.0377800875
17197881006,8,41.6363924875,-87.91834965
17197881010,8,41.5826400375,-87.980778925
17197881109,8,41.47906075,-87.993207
17197883206,8,41.5294493125,-88.149745225
17197883306,8,41.4037330875,-88.24007835
17197883522,8,41.533639325,-87.8592087125
17197883803,8,41.4636979375,-87.66358255
17197980100,8,41.5787912,-88.0934822
17201000101,8,42.35250405,-89.0582033375
17201000501,8,42.2474074375,-89.0171692625
17201000516,8,42.305133475,-89.01318815
17201001500,8,42.258846675,-89.045809225
17201003810,8,42.330838425,-88.9831972375
17007010102,7,42.2633863857143,-88.8571955142857
17019010601,7,40.2069441285714,-88.3985191857143
17019010603,7,40.1867182571429,-88.3838467
17031010202,7,42.016244,-87.6721624428572
17031010502,7,42.0038135142857,-87.6621444714286
17031071000,7,41.9229029428572,-87.6564287142857
17031071700,7,41.9131423714286,-87.6411320714286
17031241200,7,41.9081428142857,-87.6844803857143
17031242900,7,41.8926064285714,-87.6842344571429
17031251700,7,41.8919221857143,-87.7455598428571
17031271200,7,41.8781316,-87.7033245
17031282800,7,41.8700062857143,-87.6846223285715
17031301200,7,41.8498891714286,-87.6926531428572
17031301802,7,41.8438960714286,-87.7284647142857
17031320400,7,41.8780591142857,-87.6261713
17031340300,7,41.8424955428571,-87.6354101714286
17031340500,7,41.8359155571429,-87.6337517
17031351100,7,41.8289583857143,-87.6153463571429
17031400400,7,41.7904920142857,-87.6176599714286
17031400500,7,41.7904154714286,-87.6226436857143
17031420100,7,41.7823524857143,-87.5892090142857
17031420400,7,41.7834169428571,-87.6036991285714
17031420500,7,41.7825752142857,-87.6083211142857
17031430600,7,41.7639793,-87.5715483857143
17031440900,7,41.7306106857143,-87.6097022857143
17031460800,7,41.7357094285714,-87.5496656
17031490700,7,41.7106162714286,-87.6286837428572
17031491400,7,41.6896939571429,-87.6158633428572
17031520200,7,41.7151659142857,-87.5378207142857
17031580200,7,41.8254568,-87.6992755714286
17031611300,7,41.8048714428571,-87.6679893714286
17031611800,7,41.7959946,-87.6673319571429
17031612100,7,41.7971589428571,-87.6467666
17031630600,7,41.8027926571429,-87.6890196857143
17031640500,7,41.7762726714286,-87.7918848428571
17031680500,7,41.7911110857143,-87.6528437714286
17031681000,7,41.7757419857143,-87.6488874571429
17031681200,7,41.7687760857143,-87.6403459285714
17031700502,7,41.7384303571429,-87.6946501285715
17031711500,7,41.7315463142857,-87.6392782142857
17031720200,7,41.7140723571429,-87.6635825857143
17031720500,7,41.7039336,-87.6875347714286
17031730100,7,41.7258782285714,-87.6377494142857
17031800100,7,42.1334326,-87.7511151428572
17031800400,7,42.1039442857143,-87.7276808857143
17031802506,7,42.1346054428571,-87.9093156142857
17031809800,7,42.0372163428572,-87.6850585142857
17031815800,7,41.8277863857143,-87.8370890285714
17031822200,7,41.7273953428571,-87.7584834714286
17031823102,7,41.6884446714286,-87.7848968142857
17031824114,7,41.6156805714286,-87.8749375142857
17031824701,7,41.6281034428571,-87.7169853285714
17031825900,7,41.6212743142857,-87.5397497714286
17031826100,7,41.6086902142857,-87.5333621
17031826901,7,41.6192992428571,-87.6651934
17031827902,7,41.5812171,-87.5347913571429
17031828201,7,41.5707612714286,-87.5579195285714
17031829904,7,41.5445978,-87.7479537142857
17031834800,7,41.7841642285714,-87.6450868428571
17031836200,7,41.7932292285714,-87.5991585571429
17031839200,7,41.8428892,-87.6216136857143
17031839900,7,41.8293894428571,-87.6442284142858
17031840000,7,41.8329764857143,-87.6388861142857
17031842900,7,41.8628875714286,-87.6619482714286
17043845401,7,41.7809786,-87.9239811
17043846507,7,41.7689540428572,-88.2520093142857
17089851302,7,42.0455337571429,-88.2779866285714
17089852903,7,41.7885630285714,-88.2745995714286
17089852906,7,41.7986028857143,-88.2979488
17089853200,7,41.7662964,-88.3201853142857
17089854002,7,41.7303363428572,-88.3459194
17089854401,7,41.7298845428571,-88.3023199714286
17091012300,7,41.1168577714286,-87.8589328571429
17097861304,7,42.3676275,-88.0986818857143
17097862000,7,42.3685054714286,-87.8540937571429
17097862501,7,42.3545503571429,-87.8528479285714
17097862603,7,42.3630933142857,-87.8649237857143
17097862604,7,42.3543900571429,-87.8743403571429
17097863003,7,42.3184451285714,-87.8356650571429
17097864515,7,42.1676345428571,-87.9918996714286
17097865502,7,42.1835803714286,-87.7912286
17097865801,7,42.1646929571429,-87.8138038285714
17103000800,7,41.7201473428572,-89.3244433428572
17111870106,7,42.4631932285714,-88.2303615142857
17119403002,7,38.7954435,-89.9438386142857
17177001000,7,42.2889743571429,-89.661275
17197880325,7,41.7070693857143,-88.2562278
17197880508,7,41.6319802142857,-88.0986462857143
17197881007,7,41.5921649857143,-87.9324478
17197881011,7,41.6227925571429,-87.9219620857143
17197881113,7,41.4834740571429,-87.9376113285714
17197881800,7,41.5386371428572,-88.0938909428572
17197883100,7,41.4926003428571,-88.0697745142857
17197883217,7,41.5462319714286,-88.2089221571429
17197883510,7,41.4425120142857,-87.9623095857143
17197883517,7,41.5290466285714,-87.8959219
17197883606,7,41.4335813285714,-87.6871753285714
17201003400,7,42.2924793571429,-89.0915814428571
17201003806,7,42.3940322714286,-88.9906569
17201003904,7,42.4220144,-89.0080504571429
17007010501,6,42.3083164666667,-88.9233717666667
17019001301,6,40.09077375,-88.2617124166667
17019010400,6,40.28493715,-88.1080608166667
17027900602,6,38.5363231666667,-89.69420095
17031061100,6,41.9494775833333,-87.6571227166667
17031240300,6,41.91234085,-87.6749450333333
17031240900,6,41.9011205666667,-87.69869515
17031271300,6,41.8786264166667,-87.7095499333333
17031292400,6,41.85398385,-87.7216538833333
17031310800,6,41.8555695666667,-87.6682500333333
17031390200,6,41.8123446166667,-87.5990960333333
17031410800,6,41.79674265,-87.59025125
17031430300,6,41.7704304166667,-87.5901074666667
17031430900,6,41.7608000666667,-87.5803852666667
17031431301,6,41.7537216666667,-87.5615132833333
17031440800,6,41.7340826,-87.6035736166667
17031480100,6,41.7357293333333,-87.571949
17031480500,6,41.7280114166667,-87.56058145
17031490901,6,41.6963530166667,-87.6171428666667
17031500300,6,41.68976265,-87.6073178833333
17031520100,6,41.7153260166667,-87.5338334333333
17031530502,6,41.6685006666667,-87.6267600833334
17031550200,6,41.6579916666667,-87.5537595333333
17031560100,6,41.8112936166667,-87.7410547333333
17031600400,6,41.84190535,-87.6438916166667
17031671400,6,41.7730227833333,-87.6759628833334
17031671500,6,41.7678661833333,-87.6709734833333
17031711100,6,41.7398349333333,-87.6603844833334
17031809402,6,42.0493862,-87.6816677166667
17031809600,6,42.0450128666667,-87.6970329166667
17031810000,6,42.0322189666667,-87.67392115
17031814300,6,41.8363248,-87.7575535
17031819900,6,41.8071204166667,-87.9069727
17031823303,6,41.6812571833333,-87.7288898
17031823901,6,41.6729692333333,-87.83126185
17031824124,6,41.5946988333333,-87.8434047666667
17031824129,6,41.57743435,-87.8759200666667
17031824400,6,41.64348895,-87.7233396
17031825200,6,41.5929430333333,-87.7265876333333
17031826301,6,41.6152651333333,-87.601722
17031827901,6,41.58356905,-87.5705640666667
17031828300,6,41.5692944,-87.6118209
17031829301,6,41.5205328,-87.6652091833333
17031829700,6,41.4998141,-87.5894200666667
17031833300,6,41.8724141,-87.6540326333333
17031835200,6,41.7983410333333,-87.7445468666667
17031836000,6,41.81385835,-87.61116115
17031838000,6,41.87750765,-87.6806556333334
17031838600,6,41.8674693333333,-87.7015798333333
17031840100,6,41.840785,-87.6395526166667
17031840200,6,41.84393745,-87.65095505
17031841800,6,41.7635740333333,-87.5981526833333
17031842500,6,41.7751570666667,-87.6204493
17031843300,6,41.8637641,-87.6931189166667
17037000200,6,42.0900817166667,-88.83590585
17037000500,6,41.99474965,-88.7044165833333
17037001400,6,41.9157759,-88.7691981
17043841504,6,41.8834052,-88.2015744166667
17043845704,6,41.75641835,-88.005062
17063000200,6,41.3811286,-88.4330504666667
17063000500,6,41.3387844,-88.4180915833333
17089852405,6,41.9438829333333,-88.4446924666667
17089852607,6,41.8898952333333,-88.3308601333333
17089852907,6,41.7803265666667,-88.2916843
17089853001,6,41.7958890333333,-88.3611672166667
17089854301,6,41.7474806666667,-88.3038071
17091010900,6,41.19356695,-87.5966501
17097860104,6,42.47229925,-87.8342815
17097860809,6,42.4584872833333,-88.1169657333333
17097861013,6,42.4075406,-88.0547148833334
17097861610,6,42.3591634166667,-87.9725308
17097861701,6,42.4016237666667,-87.8276014166667
17097861702,6,42.3922887,-87.8420320833333
17097862502,6,42.3381120666667,-87.8516022
17097864306,6,42.1968905,-88.14181915
17097864904,6,42.16030455,-87.8382768166667
17099961701,6,41.6167828,-88.6668856666667
17099962600,6,41.3649701666667,-88.8395515833333
17099964100,6,41.1471639333333,-88.9490820666667
17111870907,6,42.3021051833333,-88.3962556666667
17113005103,6,40.5121728,-88.9131324166667
17179021701,6,40.5343188333333,-89.35107495
17197880111,6,41.7021216833333,-88.0583583333333
17197880427,6,41.5765011333333,-88.1614311166667
17197880602,6,41.5922117833333,-88.0492777833333
17197880905,6,41.5549939666667,-88.0971935
17197882300,6,41.52291915,-88.0349460333333
17197883213,6,41.5145395333333,-88.2157932666667
17197883303,6,41.43318495,-88.24097365
17197883511,6,41.5266926833333,-87.7990299333333
17197883602,6,41.4170081166667,-87.7520388
17197883809,6,41.4178336,-87.6483325833333
17201000105,6,42.3494480833333,-89.0420537333333
17201000300,6,42.3104334333333,-89.0550661
17201000700,6,42.2778601833333,-89.0682908833333
17201001700,6,42.2470733,-89.0515639166667
17201003602,6,42.30586725,-89.1045674833333
17201003707,6,42.20552405,-89.02119395
17201003710,6,42.23437845,-88.9913638833333
17201003805,6,42.3854664333333,-89.0222476333334
17201004100,6,42.4365532166667,-89.3266299666667
17007010601,5,42.43524256,-88.77790442
17019001201,5,40.10809562,-88.29355642
17019001400,5,40.06793872,-88.24291934
17019005800,5,40.10664936,-88.21445086
17019010100,5,40.31712562,-88.14510854
17019010604,5,40.14820602,-88.26845864
17031030300,5,41.9928802,-87.6733789
17031050700,5,41.94420664,-87.67592438
17031051200,5,41.94146082,-87.67678542
17031081201,5,41.89936872,-87.62648972
17031251000,5,41.89780236,-87.74740128
17031280900,5,41.87713716,-87.68503738
17031291600,5,41.85682572,-87.69456502
17031300500,5,41.84790204,-87.7211151
17031310200,5,41.8575766,-87.6439947
17031350400,5,41.84061842,-87.6277863
17031360200,5,41.8268936,-87.61014976
17031381800,5,41.80470536,-87.6189426
17031410100,5,41.80128852,-87.58709462
17031410600,5,41.79841722,-87.59792546
17031420200,5,41.78296512,-87.5936438
17031421200,5,41.7704255,-87.60793336
17031430800,5,41.76038458,-87.56986302
17031461000,5,41.72860082,-87.54513296
17031470100,5,41.727505,-87.59814964
17031491300,5,41.68922402,-87.62800224
17031530600,5,41.67338624,-87.61951214
17031610400,5,41.81133936,-87.66794076
17031611700,5,41.79681812,-87.6712843
17031670100,5,41.79214518,-87.65779792
17031670300,5,41.79110092,-87.66627132
17031671800,5,41.76334592,-87.65581054
17031681400,5,41.76098112,-87.64953624
17031730202,5,41.72627888,-87.65227976
17031730700,5,41.70264192,-87.64703828
17031813802,5,41.84729586,-87.7542806
17031821401,5,41.6672161,-87.65623702
17031822302,5,41.71928854,-87.7755325
17031823603,5,41.65012466,-87.69818936
17031823605,5,41.6657791,-87.76479662
17031824115,5,41.62296926,-87.83789218
17031824127,5,41.57014852,-87.84168446
17031824507,5,41.59314788,-87.78461682
17031824509,5,41.61934118,-87.76712552
17031825505,5,41.56415058,-87.72232146
17031826000,5,41.61929652,-87.52782952
17031826304,5,41.6188762,-87.58447266
17031828507,5,41.5087356,-87.53190084
17031828801,5,41.53407074,-87.65465502
17031830006,5,41.49974316,-87.7195489
17031834900,5,41.76739128,-87.6560576
17031836100,5,41.80047784,-87.61871222
17031836300,5,41.80153824,-87.60088946
17031836500,5,41.8285064,-87.60663762
17031837400,5,41.8770601,-87.6944338
17031839600,5,41.82726664,-87.6184281
17031840800,5,41.84094696,-87.70698088
17031841300,5,41.84871618,-87.68397126
17031842000,5,41.83486354,-87.62470914
17031843500,5,41.84041972,-87.69871704
17037001002,5,41.93998758,-88.77831502
17037002000,5,41.65098526,-88.61592496
17075950500,5,40.76903664,-87.67175244
17085020200,5,42.5024832,-90.62706818
17089852904,5,41.76371792,-88.27490636
17089853401,5,41.75883324,-88.29419036
17089853500,5,41.7622833,-88.28765838
17089853602,5,41.751366,-88.2963639
17089854100,5,41.74615528,-88.32053766
17091010204,5,41.251648,-87.8267881
17091010400,5,41.15231256,-87.95584168
17093890202,5,41.71551624,-88.33876228
17097860805,5,42.4870136,-88.13919714
17097860808,5,42.43466492,-88.14492114
17097860908,5,42.38332546,-88.1776788
17097862401,5,42.36507702,-87.8418782
17097865600,5,42.16221454,-87.77469922
17099961900,5,41.56403916,-89.12983666
17099962100,5,41.36903148,-89.09461888
17103000500,5,41.84893556,-89.49467276
17105960500,5,40.88467514,-88.6419014
17115002500,5,39.7805222,-88.84241198
17119400802,5,38.71480882,-90.11477726
17133600401,5,38.34083976,-90.15117212
17143004600,5,40.64058788,-89.66871438
17143004902,5,40.66930806,-89.80289576
17161024103,5,41.3684555,-90.7123333
17163503414,5,38.57954128,-89.94377426
17163503908,5,38.52859892,-89.89781912
17179021500,5,40.63836116,-89.50613736
17197880112,5,41.70275312,-88.0433375
17197880425,5,41.61527434,-88.1596108
17197880701,5,41.57714204,-88.04895182
17197880702,5,41.56434054,-88.06426066
17197880903,5,41.55500292,-88.11291636
17197881012,5,41.60825368,-87.93370434
17197881500,5,41.5421676,-88.11653868
17197881700,5,41.53389664,-88.11066826
17197881900,5,41.53138954,-88.08681714
17197882500,5,41.51632002,-88.0803047
17197882701,5,41.52443342,-88.10462172
17197882801,5,41.52684578,-88.12263044
17197882802,5,41.52024444,-88.13710622
17197883000,5,41.50780362,-88.06429272
17197883216,5,41.53223032,-88.20656196
17197883307,5,41.41595684,-88.08469894
17197883507,5,41.43825388,-87.8284103
17197883509,5,41.42582032,-87.99454432
17197883521,5,41.53846764,-87.8752901
17197883603,5,41.46002072,-87.68304886
17197883700,5,41.46667628,-87.6377591
17197883810,5,41.46361186,-87.60147648
17197883811,5,41.43986076,-87.6273469
17197884101,5,41.60418188,-88.12486276
17201000104,5,42.332837,-89.03989604
17201000512,5,42.2872155,-88.9716336
17201002200,5,42.25816018,-89.12133088
17201003808,5,42.34071086,-89.02436346
17201004300,5,42.29528126,-89.35036788
17007010604,4,42.352043175,-88.862546425
17019000301,4,40.1112759,-88.233758275
17019000700,4,40.127995275,-88.25228275
17019000800,4,40.14604765,-88.2464874
17019001000,4,40.11751925,-88.271505375
17019005401,4,40.125567175,-88.19832415
17019005601,4,40.101898525,-88.194127125
17019010800,4,40.00334705,-88.046746
17019010902,4,40.008442625,-88.31043525
17027900300,4,38.614184875,-89.4885188
17027900500,4,38.5424372,-89.200019575
17031030603,4,41.98639705,-87.6579759
17031301100,4,41.845778,-87.69743125
17031351400,4,41.826525925,-87.62246005
17031390100,4,41.812642375,-87.595557775
17031390500,4,41.80695645,-87.5998247
17031400300,4,41.7967191,-87.62069335
17031411200,4,41.792496725,-87.593896
17031480200,4,41.735389775,-87.588852325
17031480300,4,41.731296075,-87.5881571
17031490500,4,41.71815385,-87.6158655
17031520600,4,41.6913556,-87.5389009
17031540102,4,41.6595023,-87.6061282
17031570100,4,41.8102684,-87.7198535
17031580600,4,41.81794075,-87.691601675
17031612200,4,41.803862625,-87.653296375
17031640100,4,41.781230175,-87.74028795
17031670200,4,41.7907891,-87.661011275
17031670400,4,41.7890671,-87.67105225
17031670700,4,41.782779175,-87.667935125
17031671900,4,41.7620501,-87.661025925
17031711300,4,41.73418635,-87.66697635
17031730300,4,41.727414975,-87.664828625
17031730400,4,41.7182518,-87.65362775
17031802610,4,42.099081775,-87.89559375
17031809401,4,42.043363475,-87.679724575
17031809500,4,42.044693325,-87.68774275
17031824900,4,41.608133775,-87.699939375
17031826201,4,41.602223175,-87.566614725
17031827300,4,41.609323775,-87.6505657
17031827400,4,41.60467905,-87.661376225
17031828100,4,41.5602734,-87.5291027
17031828900,4,41.51756375,-87.632894025
17031830001,4,41.494223025,-87.773085575
17031830202,4,41.4880631,-87.700200725
17031832900,4,41.8723781,-87.662020075
17031833900,4,41.732443975,-87.549543675
17031834500,4,41.78635385,-87.620635725
17031841700,4,41.853611925,-87.704669275
17037000100,4,42.0925327,-88.696618025
17037000300,4,41.91675715,-88.86020235
17037000402,4,42.024944075,-88.6718312
17037000600,4,41.979744075,-88.68142255
17037000700,4,41.975531375,-88.699765075
17037001800,4,41.759312025,-88.853610325
17043841503,4,41.869409325,-88.200598925
17043841606,4,41.815678975,-88.168347575
17043846105,4,41.786618575,-88.140939375
17063000600,4,41.23152835,-88.491268675
17089850703,4,42.028839125,-88.513848575
17089851500,4,42.024729,-88.276899975
17089853004,4,41.80367105,-88.340749675
17089854402,4,41.74665165,-88.276042525
17091010500,4,41.154328425,-87.890887575
17091010601,4,41.182424575,-87.88019905
17091011200,4,41.078426225,-87.7578402
17091012100,4,41.12046115,-87.885820225
17097860103,4,42.484139025,-87.83670015
17097860301,4,42.45812035,-87.850102625
17097861105,4,42.338035075,-88.042810225
17097861202,4,42.37438295,-88.056532275
17097861507,4,42.379180925,-87.889553225
17097861608,4,42.348624725,-87.982119325
17097861803,4,42.40550115,-87.854123875
17097862200,4,42.36743765,-87.833123775
17097862300,4,42.3468505,-87.8347391
17097862605,4,42.343311275,-87.869282325
17097862800,4,42.33048615,-87.85975945
17097862901,4,42.334514025,-87.839461925
17097866100,4,42.3829632,-87.853297975
17099962400,4,41.334883425,-88.668867275
17099963400,4,41.296937375,-89.0605741
17103000900,4,41.67015505,-89.103807925
17105960200,4,40.972908625,-88.2961767
17111870103,4,42.454171075,-88.421233375
17113000109,4,40.52828205,-88.969626375
17113000506,4,40.5108859,-88.93445975
17113001108,4,40.4605802,-88.9323202
17113005700,4,40.68041835,-88.697053225
17119400102,4,38.70838665,-90.12993165
17119401300,4,38.87996275,-90.103819925
17119402721,4,38.939132975,-90.21439865
17119403403,4,38.675115525,-90.006258025
17133600501,4,38.3178378,-90.174068575
17141960700,4,42.13359055,-89.31017525
17141961302,4,42.180162125,-89.196944375
17141961500,4,41.99099715,-89.5836772
17143002400,4,40.72556485,-89.586753025
17143002701,4,40.718568625,-89.63846135
17143003200,4,40.769986025,-89.60848035
17143003602,4,40.91907145,-89.4909613
17143004500,4,40.69486555,-89.6850741
17163503322,4,38.558209675,-90.003737325
17163503404,4,38.615017425,-89.966009075
17163503413,4,38.58184225,-89.972781775
17163504001,4,38.351687325,-89.891368275
17163504002,4,38.249480275,-89.770056975
17163504354,4,38.584816825,-89.922011775
17163504357,4,38.50282465,-89.799332025
17167003604,4,39.769878275,-89.726606125
17177000800,4,42.29766685,-89.6274976
17177000900,4,42.3058364,-89.645680225
17177001200,4,42.288711875,-89.6233365
17177001300,4,42.28532945,-89.61590905
17179021702,4,40.51821885,-89.53446985
17179022000,4,40.450786475,-89.389384675
17197881005,4,41.627678375,-87.942447425
17197881115,4,41.502552175,-87.938395675
17197881604,4,41.5488127,-88.138033925
17197882000,4,41.5243093,-88.0805736
17197882400,4,41.521450725,-88.058766325
17197882602,4,41.518344825,-88.09846905
17197883208,4,41.543425975,-88.146229075
17197883214,4,41.545664875,-88.189111025
17197883304,4,41.332092,-88.045918475
17197883806,4,41.435851875,-87.5394693
17197883904,4,41.3397394,-87.825810875
17197884103,4,41.572807375,-88.1020668
17201000513,4,42.251660325,-88.991419875
17201001400,4,42.2585048,-89.06291145
17201001600,4,42.24444945,-89.0343091
17201002302,4,42.272644825,-89.164623375
17201002500,4,42.2756733,-89.11744245
17201003500,4,42.292404475,-89.0688195
17201003711,4,42.202559825,-89.139187325
17203030601,4,40.711130825,-89.277675175
17203030602,4,40.660500975,-89.21188405
17007010101,3,42.2677808,-88.8458648333334
17011965200,3,41.3235630333333,-89.1925688
17015960100,3,42.1437134666667,-89.8663263666667
17019000401,3,40.1077106333333,-88.2338676666667
17019000402,3,40.1067203,-88.2392940333333
17019000902,3,40.126969,-88.2993072
17019001203,3,40.0907167666667,-88.2872192
17019005300,3,40.119358,-88.2210855333334
17019005402,3,40.1358235333333,-88.1778986666667
17019005602,3,40.0889747,-88.1756461666667
17019005701,3,40.0900426666667,-88.2008310333333
17019010500,3,40.3337859666667,-88.3319899666667
17019010901,3,40.0170531333333,-88.2510037333333
17027900100,3,38.5977389,-89.6407214333333
17031071200,3,41.9248981333333,-87.6463109666667
17031071600,3,41.9167036666667,-87.6419014333333
17031222900,3,41.9156708333333,-87.7189656666667
17031240200,3,41.9120729666667,-87.6697948
17031301600,3,41.8425017,-87.7129096666667
17031310400,3,41.8562356333333,-87.6523437
17031310500,3,41.8570734333333,-87.6543641333333
17031351500,3,41.8292723,-87.6271260333333
17031381900,3,41.8030631333333,-87.6141233333333
17031390600,3,41.8029293666667,-87.5942839333333
17031410200,3,41.8016782,-87.5935909
17031410900,3,41.7967748,-87.5850106
17031420800,3,41.7755191,-87.6028789333333
17031491200,3,41.6896447333333,-87.6347430333333
17031500200,3,41.7025869,-87.6046264666667
17031560400,3,41.8043193,-87.7397025666667
17031570200,3,41.8112557,-87.7274594666667
17031570400,3,41.8056956333333,-87.7186939666667
17031580300,3,41.8237164,-87.7099751
17031590500,3,41.8289146333333,-87.6818208333333
17031610800,3,41.8117624333333,-87.6388743333333
17031670500,3,41.7916761333333,-87.6750453
17031670600,3,41.7844648,-87.6713128666667
17031670800,3,41.7839759666667,-87.662201
17031671300,3,41.7736791666667,-87.6724485
17031710100,3,41.7545957333333,-87.6422222666667
17031710900,3,41.7447578333333,-87.6406242
17031808702,3,42.0522914,-87.6793957333333
17031821500,3,41.6451005333333,-87.6220224666667
17031823805,3,41.6886592333333,-87.8225065333333
17031827000,3,41.6258285666667,-87.6479156333333
17031827804,3,41.5880039,-87.5915787666667
17031827805,3,41.5837381666667,-87.5969901333333
17031828701,3,41.5473041666667,-87.6314641666667
17031829402,3,41.4890006666667,-87.6685870666667
17031834700,3,41.7909868,-87.6433495333333
17031843800,3,41.8046494,-87.6434942666667
17033880600,3,38.9010761,-87.6573345
17037001003,3,41.9439273666667,-88.7700929
17037001004,3,41.9644726,-88.7640618
17037001700,3,41.8024112,-88.6441857
17049950300,3,39.0607749666667,-88.7458464
17057953600,3,40.5669865333333,-90.0160875333333
17063000300,3,41.3655088666667,-88.4183687
17063000900,3,41.205589,-88.256861
17067954300,3,40.2393772,-90.9605612
17089853006,3,41.7742850666667,-88.3547762
17089853008,3,41.788255,-88.3363495333333
17089853100,3,41.7670616666667,-88.3356223
17089853300,3,41.7735349333333,-88.2988595666667
17089854200,3,41.7428547666667,-88.3158484
17089854700,3,41.7520921,-88.3257726333333
17091010203,3,41.2416203333333,-87.8420340666667
17091010602,3,41.1790522666667,-87.8647171333333
17091012200,3,41.1092740333333,-87.8766250333333
17091012600,3,41.0501135,-88.0580156
17095001600,3,40.7952539,-90.1225726666667
17097860200,3,42.4537026,-87.8233007
17097860400,3,42.4345106,-87.8510565333333
17097861403,3,42.3567118,-88.0925740333333
17097861804,3,42.3854544666667,-87.8622994333334
17097862700,3,42.3454441666667,-87.8379698666667
17097862902,3,42.3301919333333,-87.8479444333333
17097865501,3,42.2013206,-87.8032625
17099962000,3,41.5431261666667,-89.1151048
17099962300,3,41.5055336333333,-88.6783926
17099963700,3,41.2272610666667,-88.6522924333333
17099963900,3,41.1403643,-88.8413157666667
17111870302,3,42.4229139666667,-88.6030692
17113000107,3,40.5154743333333,-88.9903856
17113001403,3,40.4831519,-89.0123358
17113001404,3,40.4627260666667,-89.0157824
17113005102,3,40.641876,-88.9154691
17113005104,3,40.4948635666667,-88.9113555
17113005402,3,40.3073211,-88.9861974333333
17115001200,3,39.8366149666667,-88.9280188333333
17115002402,3,39.8130768333333,-88.9077331
17115002902,3,39.8994226333333,-88.9637689666667
17115003000,3,40.0201663333333,-88.9063897
17117956400,3,39.2846124666667,-89.8802871333333
17119400903,3,38.7097776333333,-90.0664294666667
17119401200,3,38.8556063666667,-90.0826834
17119401500,3,38.8885579,-90.135067
17119402701,3,38.9716293,-90.1733873333333
17119403001,3,38.800408,-89.9668723333334
17119403531,3,38.7312063,-89.8824495666667
17131040400,3,41.1875593,-90.5439915666667
17141960800,3,42.1158173666667,-89.5477366333333
17141960900,3,42.0387852666667,-89.3968604
17141961001,3,42.0876911,-89.0512964333333
17141961200,3,41.9499942666667,-89.0734840666667
17141961301,3,41.9209694,-89.2925811333333
17143002702,3,40.7291256333333,-89.6317041333333
17143003000,3,40.7529753,-89.6280222
17143003104,3,40.7743367666667,-89.6398225
17143003900,3,40.8432786,-89.6609069333334
17143004801,3,40.6718359333333,-89.6940934666667
17147954600,3,40.0267389,-88.5753848666667
17147954800,3,39.9391338333333,-88.6886624666667
17161020600,3,41.5229578666667,-90.4283995333333
17161022800,3,41.5029739,-90.5484906666667
17163503323,3,38.5518348,-89.9711072
17163503907,3,38.5635796333333,-89.9069442666667
17167000900,3,39.8122608666667,-89.64832
17167002001,3,39.7787015333333,-89.6925977333333
17167002801,3,39.7688087333333,-89.6716913
17167003000,3,39.7292770333333,-89.6366596333333
17167003100,3,39.7257414666667,-89.6008404
17167003602,3,39.7919723,-89.7252054
17177000200,3,42.4208449,-89.6502226666667
17179020302,3,40.6596345333333,-89.5762765666667
17179021000,3,40.5606403,-89.6452269666667
17179021102,3,40.5553741,-89.6173843333334
17179021900,3,40.4017605666667,-89.5344924333334
17179022200,3,40.6991953666667,-89.4342834333333
17179022300,3,40.7148810333333,-89.4302616
17181950400,3,37.4582182666667,-89.2437426666667
17183010200,3,40.4648559333333,-87.6785749666667
17197880417,3,41.5731736666667,-88.1873191333333
17197881201,3,41.5475511333333,-88.0535790333333
17197881301,3,41.5412284666667,-88.0662252666667
17197881401,3,41.5475758666667,-88.0936519
17197881402,3,41.5502726,-88.1113601
17197882200,3,41.5318830333333,-88.0487018333333
17197882601,3,41.5164991333333,-88.1045647
17197882900,3,41.5092258333333,-88.1091467333333
17197883218,3,41.5443644333333,-88.2408252333334
17197883401,3,41.2959515666667,-88.1494589333333
17197883402,3,41.3204161,-88.167871
17197883605,3,41.4425427666667,-87.6827283333333
17197883804,3,41.4517688666667,-87.6473354666667
17197884004,3,41.261061,-88.2266222
17197884006,3,41.2710338333333,-88.0884911
17201000200,3,42.3192844333333,-89.0599648666667
17201000402,3,42.2874366333333,-89.0404458
17201000600,3,42.2733567666667,-89.043844
17201001300,3,42.2609249333333,-89.0770784
17201002000,3,42.2287907333333,-89.0773938
17201003000,3,42.2871837333333,-89.0726486666667
17201003601,3,42.3008991333333,-89.1336329
17201003606,3,42.3071496,-89.0830957666667
17201004003,3,42.4750725333333,-89.0739125
17203030400,3,40.7998348666667,-89.3813453666667
17001000100,2,39.9514445,-91.36817695
17001000202,2,39.9404083,-91.3810148
17001001100,2,39.92296225,-91.34466955
17011965500,2,41.327176,-89.5451397
17015960200,2,42.1025931,-90.03914945
17015960300,2,42.0865914,-90.1348222
17015960600,2,41.96591025,-90.1053918
17019000200,2,40.12136805,-88.23331675
17019000302,2,40.114194,-88.23126435
17019000500,2,40.1074521,-88.25298645
17019000901,2,40.1310712,-88.26714745
17019001100,2,40.10507745,-88.26464045
17019001205,2,40.1042334,-88.32077355
17019006000,2,40.0993456,-88.22078535
17019010300,2,40.3004354,-88.13166335
17019010702,2,40.1414235,-87.9953888
17021958700,2,39.5160308,-89.2155671
17021958900,2,39.3904064,-89.08911665
17021959000,2,39.48057775,-89.3507219
17023060100,2,39.4384557,-87.7614408
17027900403,2,38.60657415,-89.342803
17031260100,2,41.88391985,-87.7224288
17031381400,2,41.80749035,-87.6211653
17031430700,2,41.76507685,-87.56533
17031580800,2,41.8102162,-87.6871286
17031611200,2,41.80608915,-87.66143415
17031660700,2,41.77412855,-87.6821664
17031670900,2,41.7806816,-87.6573451
17031671100,2,41.77679205,-87.6607984
17031680600,2,41.7821458,-87.65168155
17031710600,2,41.7476817,-87.6594253
17031826902,2,41.61521765,-87.66504405
17031829000,2,41.50750125,-87.62354485
17031829401,2,41.49779135,-87.656649
17031829600,2,41.47506105,-87.6305357
17031835500,2,41.81213865,-87.63303995
17031835600,2,41.7965006,-87.63306125
17031838200,2,41.87022745,-87.681044
17031839500,2,41.8326412,-87.61909455
17037000800,2,41.9401574,-88.7085438
17037000900,2,41.94951875,-88.7552945
17037002100,2,41.6379582,-88.61713615
17037002200,2,41.9359003,-88.7730804
17039971400,2,40.2560237,-88.65616055
17039971600,2,40.1322798,-88.97292015
17039971700,2,40.1554169,-88.96250055
17039971800,2,40.1464196,-88.9487666
17041952100,2,39.8066097,-88.2167413
17051950800,2,38.9669887,-89.12229365
17053961900,2,40.5049562,-88.27736315
17057953200,2,40.49220035,-90.1951846
17063000800,2,41.28310945,-88.27734305
17073030800,2,41.2524977,-89.8957146
17075950100,2,40.88393895,-87.61415625
17075950300,2,40.78075045,-87.8081767
17083010401,2,39.1157003,-90.33043565
17085020101,2,42.4455882,-90.30908625
17091011000,2,41.0898522,-87.57211945
17091011400,2,41.1158365,-87.82668755
17091011500,2,41.1222656,-87.8395048
17091011700,2,41.1290697,-87.8730899
17091011800,2,41.1376614,-87.8713427
17091012400,2,41.1119869,-87.84662215
17095000400,2,40.9919879,-90.3748309
17095000500,2,40.9494126,-90.3881881
17097860106,2,42.4689822,-87.88173885
17097860302,2,42.45437275,-87.8421265
17097862100,2,42.37781825,-87.8404702
17099961800,2,41.58570365,-88.91864935
17099963200,2,41.325739,-89.1356964
17099963300,2,41.32975625,-89.09570425
17099964300,2,41.11935985,-88.8227531
17101881100,2,38.72618255,-87.6885373
17103000200,2,41.8422269,-89.30400305
17103000300,2,41.83936445,-89.48083745
17105960800,2,40.8213993,-88.6961251
17107953000,2,40.30573525,-89.4447002
17113000105,2,40.55567235,-88.94752545
17113000108,2,40.5321438,-88.9946233
17113000200,2,40.5114453,-88.9883993
17113000301,2,40.50593605,-89.0063115
17113000507,2,40.5287558,-88.9330026
17113001106,2,40.4956276,-88.9489641
17113001301,2,40.4870735,-88.9807996
17113001600,2,40.4807993,-88.99346595
17113001800,2,40.47843005,-88.97054925
17113002101,2,40.44653045,-89.0001683
17113005401,2,40.47105885,-88.8994215
17113005502,2,40.3204703,-88.6702888
17113005800,2,40.4671758,-88.97002745
17113005900,2,40.4731719,-89.0004184
17113006000,2,40.41278305,-89.1750931
17115000400,2,39.8349436,-88.9672123
17115001500,2,39.84207345,-89.00124455
17115001600,2,39.84248425,-88.9799232
17115001802,2,39.86486725,-88.98236315
17115001900,2,39.86308025,-88.970725
17115002200,2,39.915676,-88.8966988
17115002800,2,39.9297469,-89.07822015
17115002904,2,39.88319895,-88.9850164
17115002905,2,39.8941589,-88.9267462
17119400801,2,38.7276781,-90.118247
17119400904,2,38.73560805,-90.1173968
17119401701,2,38.91831865,-90.08104355
17119401800,2,38.8867123,-90.0711179
17119401905,2,38.7892968,-90.08354135
17119402000,2,38.9134929,-90.1478196
17119402801,2,38.96002255,-90.1176633
17119402804,2,38.9603507,-90.00774175
17119402900,2,38.81837285,-89.95731485
17119403121,2,38.759449,-89.9986954
17119403122,2,38.7754361,-89.94113615
17119403601,2,38.75936275,-89.68529745
17119403604,2,38.73208545,-89.66390955
17119403702,2,38.74826545,-89.6977318
17119403801,2,38.8948197,-89.8473698
17119403802,2,38.8909865,-89.74900125
17121952400,2,38.52230605,-89.11110925
17127970400,2,37.14686765,-88.7210288
17131040100,2,41.31087235,-90.50518045
17133600104,2,38.46669115,-90.2149324
17133600402,2,38.3380131,-90.2208141
17141961002,2,42.09296635,-89.1039144
17141961100,2,41.93175195,-89.00735095
17141961400,2,42.01278955,-89.3305138
17141961700,2,42.12732725,-89.2576716
17143000200,2,40.67415805,-89.63682795
17143001800,2,40.7024398,-89.6032026
17143002100,2,40.712807,-89.60249665
17143002500,2,40.7158629,-89.5782632
17143003101,2,40.76351305,-89.6528946
17143003300,2,40.76507725,-89.59221645
17143003402,2,40.83554785,-89.61601065
17143003404,2,40.8277679,-89.6194139
17143003700,2,40.8753665,-89.56550685
17143004102,2,40.722832,-89.6705731
17147954500,2,40.2281011,-88.5135123
17147954700,2,39.8625491,-88.58012195
17151971200,2,37.485352,-88.6165949
17157950900,2,38.0947036,-90.08867945
17161020800,2,41.50708855,-90.4508144
17161023000,2,41.4789675,-90.5394581
17161023200,2,41.48499855,-90.57020475
17161023300,2,41.49447805,-90.5626642
17163500500,2,38.62961395,-90.10493925
17163503101,2,38.5014351,-90.17484935
17163503102,2,38.53392125,-90.2000763
17163503211,2,38.5627902,-90.0588293
17163503324,2,38.55682165,-89.93821295
17163503415,2,38.5897056,-90.0119374
17163503905,2,38.4289087,-89.91238975
17163504352,2,38.5792397,-89.90052785
17163504355,2,38.6226363,-89.91600815
17163504359,2,38.61323555,-89.7833489
17167000504,2,39.82439225,-89.61598215
17167001200,2,39.79600185,-89.6657413
17167002002,2,39.76790305,-89.70496225
17167002100,2,39.78152485,-89.6731133
17167002400,2,39.7807307,-89.62155375
17167002802,2,39.7612892,-89.6794919
17167003201,2,39.6842776,-89.6896129
17167003202,2,39.68770555,-89.7160922
17167003203,2,39.66860415,-89.6922268
17167003500,2,39.7632765,-89.9076468
17171970700,2,39.58579345,-90.4526637
17173959500,2,39.27267685,-88.6340967
17173959600,2,39.2709726,-88.9781227
17177000100,2,42.39008395,-89.43680915
17177001100,2,42.2770731,-89.6387685
17179020100,2,40.6689335,-89.5624406
17179020301,2,40.6475218,-89.528234
17179020400,2,40.64587965,-89.6020707
17179020800,2,40.5733159,-89.64215055
17179021101,2,40.5747057,-89.62209435
17179021203,2,40.688984,-89.51138395
17179021606,2,40.60001445,-89.45589545
17179022400,2,40.69062275,-89.4889793
17183000400,2,40.14239555,-87.60340665
17183000500,2,40.15361955,-87.61371635
17183000700,2,40.15492645,-87.63874525
17183001300,2,40.1906691,-87.6614502
17183010300,2,40.30177665,-87.6838435
17183010900,2,39.91741905,-87.8383838
17183011000,2,39.97878,-87.63422485
17185957500,2,38.40869445,-87.77302835
17187870500,2,40.9093384,-90.64732235
17191955000,2,38.4691877,-88.651453
17191955300,2,38.358649,-88.6325054
17195000300,2,41.8008059,-89.97658165
17195001000,2,41.79397765,-89.72188695
17195001300,2,41.80634815,-89.6686128
17197881601,2,41.5331191,-88.13972265
17197882100,2,41.53144985,-88.0673998
17197883209,2,41.5458033,-88.177215
17197883210,2,41.52276235,-88.1546886
17197883305,2,41.4377539,-88.20012855
17197883903,2,41.3677448,-87.6991986
17199020900,2,37.7481235,-88.9168565
17199021200,2,37.72071955,-88.9367369
17201000401,2,42.2790986,-89.04840575
17201000403,2,42.2996574,-89.0353194
17201000800,2,42.2692417,-89.07730525
17201001800,2,42.2471508,-89.08082165
17201001900,2,42.22669885,-89.0591948
17201002100,2,42.2278034,-89.0930621
17201002301,2,42.2806927,-89.14073815
17201002400,2,42.2736344,-89.13783895
17201003100,2,42.2856001,-89.0913779
17201003300,2,42.29351025,-89.1043668
17201003604,2,42.3030062,-89.0921708
17201003605,2,42.3203064,-89.0869578
17203030100,2,40.86889985,-89.38795645
17203030300,2,40.79865705,-89.2011216
17001000600,1,39.9362603,-91.3943905
17001010100,1,40.0718109,-91.3816561
17001010500,1,39.9709484,-91.380979
17001010600,1,39.9072664,-91.4035292
17005951300,1,38.8932897,-89.4060187
17009970400,1,39.9175931,-90.6598139
17009970500,1,39.9635175,-90.7522816
17011964700,1,41.5078241,-89.1927927
17011964800,1,41.5538479,-89.5992641
17011964900,1,41.3842329,-89.4679072
17011965100,1,41.3328009,-89.2007791
17011965600,1,41.3545264,-89.7350916
17015960400,1,42.0978621,-89.9758932
17017960300,1,40.0201563,-90.3974103
17019001206,1,40.0951836,-88.3037411
17019005500,1,40.1065804,-88.2067271
17019005702,1,40.0769266,-88.188138
17019005901,1,40.1036465,-88.2209629
17019010204,1,40.3093538,-88.1661378
17019010701,1,40.1179062,-88.0468833
17019011001,1,40.12068,-88.2493166
17019011002,1,40.1148351,-88.256051
17021958400,1,39.5498156,-89.3105088
17021958800,1,39.3870851,-89.0812754
17023060200,1,39.402004,-87.6966229
17025972000,1,38.6811536,-88.3799125
17027900200,1,38.674747,-89.5209581
17027900401,1,38.6327005,-89.2175236
17029000400,1,39.4885046,-88.3649527
17029000600,1,39.4719709,-88.2377772
17029000800,1,39.4780188,-88.1816361
17029000900,1,39.476253,-88.1623462
17029001100,1,39.466695,-88.3666046
17031050800,1,41.9443072,-87.6830305
17031060500,1,41.9517588,-87.6638381
17031063303,1,41.9361146,-87.6376458
17031300600,1,41.8471228,-87.7151713
17031340600,1,41.8281718,-87.6320443
17031381500,1,41.8101799,-87.6236713
17031611900,1,41.7952619,-87.6606734
17031671200,1,41.7748788,-87.6674687
17031681300,1,41.7606665,-87.6434123
17031690500,1,41.7684384,-87.6150278
17031710300,1,41.7549104,-87.6631732
17031720600,1,41.7018324,-87.6799457
17031750300,1,41.6962923,-87.6871443
17031823604,1,41.6634391,-87.7960438
17031827700,1,41.5835463,-87.6718306
17031829100,1,41.4936657,-87.6270222
17031839800,1,41.8369494,-87.644731
17031841000,1,41.8464693,-87.6249033
17031980000,1,41.9509279,-87.8978661
17031980100,1,41.7883005,-87.7411899
17035972500,1,39.3702319,-88.2967574
17037001300,1,41.9273783,-88.7488074
17037001500,1,41.9204597,-88.747239
17037001900,1,41.6332921,-88.6775064
17039971500,1,40.120831,-88.8120634
17041952000,1,39.7961146,-87.9835617
17043844502,1,41.8225234,-87.9608874
17045070300,1,39.6130573,-87.6920306
17045070400,1,39.6117146,-87.7008719
17047956900,1,38.5660604,-88.0645756
17049950100,1,39.1349137,-88.4736223
17049950500,1,38.9985276,-88.4815982
17053961600,1,40.7842884,-88.2124339
17053962000,1,40.4655642,-88.3729818
17055041100,1,37.8683279,-88.9373293
17057952800,1,40.6979511,-90.0047941
17057953800,1,40.4111644,-90.1695917
17061973600,1,39.3405241,-90.2079191
17065973200,1,37.9141135,-88.608756
17067953800,1,40.4103995,-91.1296976
17067953900,1,40.634101,-91.1725302
17067954000,1,40.5173961,-91.3420919
17071973300,1,40.9368109,-90.9358093
17071973400,1,40.873384,-90.8772967
17073030201,1,41.4048214,-90.3541762
17073030301,1,41.4411534,-90.1549223
17073030400,1,41.4870076,-89.9625037
17073030500,1,41.3610879,-90.1540339
17073030600,1,41.2485602,-89.9284198
17073031000,1,41.1741465,-89.9393084
17073031100,1,41.1789464,-90.0351716
17073031200,1,41.194431,-90.3827338
17075950200,1,40.9961575,-87.9160675
17075950400,1,40.7769913,-87.7156743
17075950600,1,40.7169602,-88.0070827
17075950700,1,40.7071151,-88.0521069
17075950800,1,40.6684638,-87.8325795
17075950900,1,40.6251807,-87.6250484
17077010100,1,37.8924571,-89.5177774
17077010400,1,37.8181927,-89.3042006
17077010602,1,37.7552745,-89.351168
17077010700,1,37.7759049,-89.309574
17077011002,1,37.7243965,-89.2389054
17077011200,1,37.7238284,-89.2109181
17077011600,1,37.6621176,-89.1712833
17077011701,1,37.6809534,-89.215102
17081050400,1,38.1912457,-88.8448565
17081050600,1,38.3178857,-88.9184273
17081051100,1,38.3008399,-88.91018
17083010200,1,39.006934,-90.2183083
17085020102,1,42.4884676,-89.9950282
17087980000,1,37.4000359,-88.7729536
17089853402,1,41.7574094,-88.306235
17089853601,1,41.7536398,-88.3078376
17089854302,1,41.7411478,-88.3060051
17091010201,1,41.2515361,-87.8600208
17091010300,1,41.0929658,-88.1790474
17091010702,1,41.1398264,-87.8583089
17091011100,1,41.0438952,-87.7342328
17091011900,1,41.1473563,-87.8689705
17091012500,1,41.0646217,-87.8866556
17095000100,1,41.131596,-90.2722518
17095000200,1,40.9796784,-90.2785251
17095000600,1,40.9599571,-90.3701001
17095000800,1,40.9491801,-90.3671293
17095000900,1,40.9394691,-90.3823042
17095001000,1,40.9406502,-90.3525981
17095001100,1,40.9329302,-90.3374787
17095001300,1,40.920081,-90.3155782
17097862402,1,42.355994,-87.8346507
17099961702,1,41.5401548,-88.7983102
17099962500,1,41.3659525,-88.7222068
17099962800,1,41.3442894,-88.8590862
17099962900,1,41.3351765,-89.0972447
17099963000,1,41.3392578,-89.1230921
17099963600,1,41.3378682,-88.8354716
17099964000,1,41.3011052,-88.7166767
17103000100,1,41.7831834,-88.9720661
17103000700,1,41.7165524,-89.557255
17105960300,1,41.09859,-88.8248891
17105960700,1,40.8764422,-88.6418951
17107952900,1,40.1492374,-89.3485133
17107953200,1,40.1378961,-89.3440248
17107953300,1,40.1370788,-89.3513809
17107953400,1,40.1488236,-89.368576
17107953500,1,39.9794773,-89.3709113
17109010100,1,40.5516186,-90.5046843
17109010200,1,40.5520821,-90.8313697
17109010300,1,40.4209133,-90.6952434
17109010401,1,40.478362,-90.678535
17109010700,1,40.45688,-90.6588972
17109010900,1,40.4431894,-90.6974934
17109011000,1,40.3952497,-90.5073124
17113000106,1,40.5135874,-88.9836019
17113000302,1,40.5059677,-89.014932
17113000400,1,40.5015105,-88.9935862
17113000502,1,40.5038496,-88.9695349
17113001103,1,40.4770953,-88.9335864
17113001105,1,40.4929386,-88.9367097
17113001107,1,40.4691228,-88.9375856
17113001200,1,40.4939519,-88.9701539
17113001402,1,40.4322897,-89.0344673
17113001500,1,40.4807233,-89.0007454
17113001700,1,40.4784649,-88.9836425
17113005202,1,40.5307286,-89.1786026
17113005602,1,40.4471807,-88.6298715
17115000300,1,39.8266352,-88.9420087
17115001000,1,39.857977,-88.9193805
17115001400,1,39.8181498,-88.9555461
17115001700,1,39.8526866,-89.0141613
17115002002,1,39.8639878,-88.9519443
17115002401,1,39.8325023,-88.8856643
17115002601,1,39.816405,-88.9185634
17115002901,1,39.9123529,-88.9632794
17115003100,1,39.8492344,-88.954857
17117956000,1,39.5020056,-89.7653022
17117956100,1,39.5202645,-89.729252
17117956700,1,39.0433265,-89.9557929
17117957000,1,39.0925623,-89.7981207
17119400200,1,38.7036704,-90.1720565
17119400600,1,38.6770814,-90.1571937
17119400951,1,38.7185133,-90.0989351
17119400952,1,38.7321761,-90.0816413
17119401101,1,38.871714,-90.0992819
17119401400,1,38.8927003,-90.1317067
17119401722,1,38.9025278,-90.0411019
17119401901,1,38.8868726,-90.0449385
17119402100,1,38.9092054,-90.1684629
17119402300,1,38.9000778,-90.1991751
17119402500,1,38.8916212,-90.1675176
17119402600,1,38.892159,-90.1527279
17119402722,1,38.9377978,-90.2615239
17119402803,1,38.8561925,-89.9532904
17119402805,1,38.9027979,-90.0286428
17119403101,1,38.7802107,-89.9875297
17119403401,1,38.6862703,-90.0015252
17119403404,1,38.6605543,-89.988606
17119403532,1,38.7102758,-89.8859423
17119403534,1,38.7281203,-89.9939427
17119403603,1,38.7473983,-89.6447597
17121952300,1,38.5161877,-89.0614001
17121952600,1,38.5309085,-89.1410909
17123961200,1,41.118296,-89.3579153
17123961500,1,41.0024316,-89.1427806
17125956300,1,40.4141655,-89.7861705
17125956700,1,40.3046207,-89.6077953
17125956800,1,40.2020268,-89.7043053
17129010200,1,40.0160474,-89.851199
17129010300,1,39.9624103,-89.8198596
17131040200,1,41.1980236,-90.8794969
17131040300,1,41.1932553,-90.7581427
17133600102,1,38.4092412,-90.1855941
17133600103,1,38.4487217,-90.2017935
17133600502,1,38.1408997,-90.077643
17135957300,1,39.2805023,-89.3025082
17135957700,1,39.1801032,-89.6445583
17135957900,1,39.1545399,-89.4811637
17137952100,1,39.7000324,-90.2311654
17137952200,1,39.6039588,-90.2628954
17137952300,1,39.6298275,-90.0553545
17139976900,1,39.7040174,-88.5327741
17139977000,1,39.7122323,-88.6318543
17139977100,1,39.596552,-88.7106402
17141961600,1,41.9102534,-89.0641287
17143000300,1,40.6772969,-89.6317916
17143000600,1,40.680066,-89.6397207
17143000900,1,40.6847322,-89.6073794
17143001200,1,40.6991777,-89.5843887
17143001500,1,40.7146669,-89.5643114
17143002200,1,40.7227457,-89.6047871
17143002600,1,40.7325801,-89.5542958
17143002900,1,40.7489636,-89.6094816
17143003103,1,40.7665497,-89.629274
17143003403,1,40.8053475,-89.5763335
17143003800,1,40.9289681,-89.7591038
17143004000,1,40.7774809,-89.9782096
17143004200,1,40.7439647,-89.5704929
17143004400,1,40.6895529,-89.6235209
17143004802,1,40.6624114,-89.6617827
17143004901,1,40.5707574,-89.8201407
17143005000,1,40.6824031,-89.6092043
17143005100,1,40.6717045,-89.6226937
17145030200,1,38.0782334,-89.3859458
17149952400,1,39.6789148,-90.9109234
17149952700,1,39.6142288,-90.8105326
17153971000,1,37.0888603,-89.1602208
17155954600,1,41.2644548,-89.2928048
17157951100,1,38.0134215,-89.6643484
17157951300,1,37.9016959,-89.8252892
17159977900,1,38.6995467,-88.2226057
17159978000,1,38.7375094,-88.1004171
17161020102,1,41.6047568,-90.1989825
17161020301,1,41.5064279,-90.4141096
17161020302,1,41.5035397,-90.4196927
17161020400,1,41.5341352,-90.4191405
17161020900,1,41.4936048,-90.4486282
17161021000,1,41.4849485,-90.4344445
17161021100,1,41.4636055,-90.4515953
17161021300,1,41.5022872,-90.477246
17161021400,1,41.5141566,-90.4840389
17161021500,1,41.4936489,-90.4953534
17161021600,1,41.5027848,-90.4993165
17161021700,1,41.5009232,-90.5139659
17161021800,1,41.4832192,-90.5043348
17161022200,1,41.4942522,-90.5326125
17161022600,1,41.5058736,-90.5861489
17161023700,1,41.4896612,-90.5887417
17161024101,1,41.3989997,-90.5621275
17161024102,1,41.4210872,-90.7014636
17161024200,1,41.4389848,-90.5701804
17161024300,1,41.4549243,-90.4907739
17163501400,1,38.5949072,-90.0565437
17163501501,1,38.5703084,-90.0404299
17163501604,1,38.5460387,-90.0148788
17163501607,1,38.5367098,-90.0362134
17163501700,1,38.5205985,-89.9887172
17163501802,1,38.5150813,-89.976936
17163502300,1,38.5652901,-90.1888224
17163502800,1,38.5649248,-90.101963
17163503203,1,38.4593818,-90.1000148
17163503334,1,38.531123,-89.9561547
17163503411,1,38.6247848,-90.031394
17163503412,1,38.6506608,-90.0096195
17163503416,1,38.597517,-89.9980843
17163503800,1,38.5448605,-89.878419
17163503903,1,38.4892251,-89.8898656
17163504351,1,38.5953224,-89.8979715
17163504353,1,38.6175452,-89.8866888
17163504356,1,38.5038829,-89.8150633
17163504501,1,38.6094393,-90.1623537
17165955600,1,37.8585094,-88.4259699
17165955800,1,37.7466706,-88.5519439
17167000100,1,39.8425599,-89.6278894
17167000201,1,39.8105216,-89.6933307
17167000202,1,39.8134056,-89.685189
17167000300,1,39.8116448,-89.6558887
17167000400,1,39.8280573,-89.6464156
17167000503,1,39.8218944,-89.634309
17167001001,1,39.8129717,-89.7050993
17167001100,1,39.8012313,-89.6811596
17167001600,1,39.7909776,-89.618792
17167001900,1,39.7917032,-89.6542163
17167002200,1,39.7763451,-89.6579645
17167002300,1,39.7760985,-89.6362367
17167002900,1,39.7595485,-89.6935
17167003701,1,39.952447,-89.5284575
17167003801,1,39.8412093,-89.5724686
17167003802,1,39.8467551,-89.5429156
17167003901,1,39.7457924,-89.5665086
17167003902,1,39.70859,-89.4303381
17173959100,1,39.5203237,-88.7553463
17173959300,1,39.4171785,-88.7972271
17175951500,1,41.0694009,-89.7724563
17177000300,1,42.462979,-89.8125549
17177000400,1,42.2513572,-89.782605
17177000500,1,42.3690864,-89.7224028
17177000600,1,42.2129034,-89.4854495
17179020600,1,40.5752546,-89.6451942
17179021201,1,40.7270588,-89.4475719
17179021202,1,40.695895,-89.5341211
17179021802,1,40.5208923,-89.7804409
17179022100,1,40.7023987,-89.4020752
17181950100,1,37.4755379,-89.2235672
17181950500,1,37.4361649,-89.0601972
17183000100,1,40.128645,-87.629295
17183000300,1,40.1322649,-87.6077419
17183000800,1,40.1406608,-87.6568463
17183000900,1,40.120908,-87.6904837
17183010100,1,40.3883938,-87.8215226
17183010500,1,40.07542,-87.6285842
17183010600,1,40.0316647,-87.6406556
17183010702,1,40.1153482,-87.7143763
17183010800,1,40.1096012,-87.778846
17183011100,1,39.9434704,-87.6522643
17185957400,1,38.4171165,-87.7663951
17187870100,1,40.8391692,-90.7215097
17187870300,1,40.9300981,-90.5128686
17189950100,1,38.3790885,-89.1783659
17193958000,1,38.0937095,-88.1683259
17193958100,1,38.0781027,-88.1753714
17195000400,1,41.8570689,-90.1520173
17195000700,1,41.6537281,-89.980919
17195000900,1,41.8020276,-89.7041927
17197881107,1,41.5185148,-87.9621304
17197881111,1,41.5124399,-87.9992586
17197881202,1,41.5407281,-88.0433202
17197881302,1,41.5338421,-88.0810808
17197881603,1,41.5389968,-88.1396397
17197882702,1,41.524671,-88.0996996
17197883219,1,41.541323,-88.2129055
17197883515,1,41.5092274,-87.8629563
17197884005,1,41.2537329,-88.1447196
17199020100,1,37.8020707,-89.0933629
17199020201,1,37.758175,-89.0472552
17199020202,1,37.760932,-89.1317608
17199020600,1,37.8170654,-88.991239
17199020700,1,37.8255603,-88.9156114
17199021002,1,37.7600501,-88.9587438
17199021100,1,37.7376661,-88.9191656
17199021300,1,37.705201,-88.8945532
17201000506,1,42.2870085,-89.0179433
17201000507,1,42.2648307,-89.0269134
17201000510,1,42.3014996,-88.9919379
17201000515,1,42.3166202,-89.0255162
17201001000,1,42.2624316,-89.0881954
17201001200,1,42.2568035,-89.0812374
17201002600,1,42.2792193,-89.1039687
17201002700,1,42.2641702,-89.1070486
17201002800,1,42.2553192,-89.1084476
17201003708,1,42.2309494,-89.0510258
17201003709,1,42.2378595,-89.0322188
17201004005,1,42.4533755,-89.031336
17203030200,1,40.9048511,-89.0360522
17203030501,1,40.7608474,-89.4967165
17203030502,1,40.7691496,-89.5370228
17203030700,1,40.7419152,-89.0215203
